run_id,experiment_id,fold,shift,start,target,data_level,layer_scheme,seed,n_train_clips,n_train_vectors,steps,n_trainable_params,loss_first,loss_last,train_sec,target_auc,target_best_f1,target_threshold,target_precision,target_recall,frozen_target_auc,frozen_target_best_f1,target_auc_gain,target_f1_gain,source_auc,source_best_f1,base_source_auc,base_source_best_f1,source_auc_forget,source_f1_forget,drift_encoder.0,drift_encoder.2,drift_encoder.4,drift_decoder.0,drift_decoder.2,drift_decoder.4,drift_encoder_mean,drift_decoder_mean,weights_kept,total_sec,finished_at
stage2_large_id_00_to_self_recorded_fan_n10_bottleneck_only__fold0,stage2_large_id_00_to_self_recorded_fan_n10_bottleneck_only,0,large,id_00,self_recorded_fan,10,bottleneck_only,1563536408,10,3090,1470,1096,34.80073621321698,24.297957634439275,2.41,0.7361111111111112,0.8333333333333334,18.36421108825115,0.8333333333333334,0.8333333333333334,0.7777777777777778,0.8333333333333334,-0.04166666666666663,0.0,0.44882812499999997,0.7984981226533167,0.6805859375,0.807843137254902,0.2317578125,0.009345014601585322,0.0,0.0,0.17267456650733948,0.12447922676801682,0.0,0.0,0.057558188835779824,0.041493075589338936,True,2.47,2026-09-23T15:39:09
stage2_large_id_00_to_self_recorded_fan_n10_bottleneck_only__fold1,stage2_large_id_00_to_self_recorded_fan_n10_bottleneck_only,1,large,id_00,self_recorded_fan,10,bottleneck_only,1485999408,10,3090,1470,1096,26.715964220008072,18.38065412093182,2.53,0.75,0.8333333333333334,17.66302890329561,0.8333333333333334,0.8333333333333334,0.763888888888889,0.8333333333333334,-0.01388888888888895,0.0,0.4452343749999999,0.7984981226533167,0.6805859375,0.807843137254902,0.23535156250000006,0.009345014601585322,0.0,0.0,0.15935808420181274,0.11789296567440033,0.0,0.0,0.05311936140060425,0.03929765522480011,False,2.58,2026-09-23T15:39:12
stage2_large_id_00_to_self_recorded_fan_n10_bottleneck_only__fold2,stage2_large_id_00_to_self_recorded_fan_n10_bottleneck_only,2,large,id_00,self_recorded_fan,10,bottleneck_only,2093525231,10,3090,1470,1096,30.800591994305048,22.367352621895925,2.76,0.75,0.8571428571428571,15.617853999509766,0.75,1.0,0.763888888888889,0.8333333333333334,-0.01388888888888895,0.023809523809523725,0.45681640625,0.7984981226533167,0.6805859375,0.807843137254902,0.22376953125,0.009345014601585322,0.0,0.0,0.16694119572639465,0.12850207090377808,0.0,0.0,0.05564706524213155,0.04283402363459269,False,2.81,2026-09-23T15:39:15
stage2_large_id_00_to_self_recorded_fan_n10_bottleneck_only__fold3,stage2_large_id_00_to_self_recorded_fan_n10_bottleneck_only,3,large,id_00,self_recorded_fan,10,bottleneck_only,1169137968,10,3090,1470,1096,26.686831883021764,18.591853745129644,2.4,0.75,0.8571428571428571,15.7110366685602,0.75,1.0,0.7500000000000001,0.8333333333333334,-1.1102230246251565e-16,0.023809523809523725,0.44587890625000004,0.7984981226533167,0.6805859375,0.807843137254902,0.23470703124999992,0.009345014601585322,0.0,0.0,0.1433311551809311,0.12028506398200989,0.0,0.0,0.04777705172697703,0.04009502132733663,False,2.45,2026-09-23T15:39:17
stage2_large_id_00_to_self_recorded_fan_n10_bottleneck_only__fold4,stage2_large_id_00_to_self_recorded_fan_n10_bottleneck_only,4,large,id_00,self_recorded_fan,10,bottleneck_only,1557366358,10,3090,1470,1096,28.343105783267898,20.443163696600465,2.48,0.7638888888888888,0.8571428571428571,15.588291083136607,0.75,1.0,0.7777777777777778,0.8333333333333334,-0.01388888888888895,0.023809523809523725,0.44919921874999996,0.7984981226533167,0.6805859375,0.807843137254902,0.23138671875,0.009345014601585322,0.0,0.0,0.16065780818462372,0.12180253118276596,0.0,0.0,0.05355260272820791,0.040600843727588654,False,2.53,2026-09-23T15:39:20
stage2_large_id_00_to_self_recorded_fan_n10_bottleneck_only__fold5,stage2_large_id_00_to_self_recorded_fan_n10_bottleneck_only,5,large,id_00,self_recorded_fan,10,bottleneck_only,194910954,10,3090,1470,1096,29.997457582123424,21.134737520801778,2.35,0.736111111111111,0.8275862068965517,14.18576286525788,0.7058823529411765,1.0,0.75,0.8275862068965517,-0.01388888888888895,0.0,0.44943359375,0.7984981226533167,0.6805859375,0.807843137254902,0.23115234374999993,0.009345014601585322,0.0,0.0,0.1622147262096405,0.12556308507919312,0.0,0.0,0.0540715754032135,0.04185436169306437,False,2.41,2026-09-23T15:39:22
stage2_large_id_00_to_self_recorded_fan_n10_bottleneck_only__fold6,stage2_large_id_00_to_self_recorded_fan_n10_bottleneck_only,6,large,id_00,self_recorded_fan,10,bottleneck_only,1928494946,10,3090,1470,1096,31.761647166038045,21.811455590384348,2.57,0.75,0.8888888888888888,16.946098149859477,0.8,1.0,0.7500000000000001,0.8333333333333334,-1.1102230246251565e-16,0.05555555555555547,0.44701171875,0.7984981226533167,0.6805859375,0.807843137254902,0.23357421874999995,0.009345014601585322,0.0,0.0,0.15553566813468933,0.13565723598003387,0.0,0.0,0.05184522271156311,0.04521907866001129,False,2.62,2026-09-23T15:39:25
stage2_large_id_00_to_self_recorded_fan_n10_bottleneck_only__fold7,stage2_large_id_00_to_self_recorded_fan_n10_bottleneck_only,7,large,id_00,self_recorded_fan,10,bottleneck_only,723795864,10,3090,1470,1096,30.898779849616847,21.54172134399414,2.72,0.7638888888888888,0.8571428571428571,16.526431903532455,0.75,1.0,0.75,0.8333333333333334,0.01388888888888884,0.023809523809523725,0.4475390624999999,0.7984981226533167,0.6805859375,0.807843137254902,0.23304687500000004,0.009345014601585322,0.0,0.0,0.15830084681510925,0.12594813108444214,0.0,0.0,0.05276694893836975,0.04198271036148071,False,2.78,2026-09-23T15:39:27
stage2_large_id_00_to_self_recorded_fan_n10_bottleneck_only__fold8,stage2_large_id_00_to_self_recorded_fan_n10_bottleneck_only,8,large,id_00,self_recorded_fan,10,bottleneck_only,226365692,10,3090,1470,1096,22.740563567803832,15.841430372121383,2.43,0.6944444444444444,0.8571428571428571,14.625208027907927,0.75,1.0,0.7222222222222222,0.8148148148148148,-0.02777777777777779,0.042328042328042326,0.43960937499999997,0.7984981226533167,0.6805859375,0.807843137254902,0.2409765625,0.009345014601585322,0.0,0.0,0.14150112867355347,0.11323627829551697,0.0,0.0,0.04716704289118449,0.037745426098505654,False,2.49,2026-09-23T15:39:30
stage2_large_id_00_to_self_recorded_fan_n10_bottleneck_only__fold9,stage2_large_id_00_to_self_recorded_fan_n10_bottleneck_only,9,large,id_00,self_recorded_fan,10,bottleneck_only,521558058,10,3090,1470,1096,30.97631045750209,21.772086668987665,2.4,0.763888888888889,0.8571428571428571,15.901387510323747,0.75,1.0,0.763888888888889,0.8275862068965517,0.0,0.029556650246305383,0.44970703125,0.7994987468671679,0.6805859375,0.807843137254902,0.23087890624999996,0.008344390387734046,0.0,0.0,0.1549679934978485,0.12223892658948898,0.0,0.0,0.05165599783261617,0.040746308863162994,False,2.45,2026-09-23T15:39:32
stage2_large_id_00_to_self_recorded_fan_n10_decoder_only__fold0,stage2_large_id_00_to_self_recorded_fan_n10_decoder_only,0,large,id_00,self_recorded_fan,10,decoder_only,743283503,10,3090,1470,25536,23.695857456752233,10.50899937688088,2.34,0.75,0.8,11.671754250333231,0.7692307692307693,0.8333333333333334,0.7777777777777778,0.8333333333333334,-0.02777777777777779,-0.033333333333333326,0.5251953125,0.7984981226533167,0.6805859375,0.807843137254902,0.155390625,0.009345014601585322,0.0,0.0,0.0,0.07047315686941147,0.13327361643314362,0.18454183638095856,0.0,0.1294295365611712,True,2.4,2026-09-23T15:38:15
stage2_large_id_00_to_self_recorded_fan_n10_decoder_only__fold1,stage2_large_id_00_to_self_recorded_fan_n10_decoder_only,1,large,id_00,self_recorded_fan,10,decoder_only,765484880,10,3090,1470,25536,17.661434640689773,9.216488779807577,2.69,0.75,0.8333333333333334,10.969503935712666,0.8333333333333334,0.8333333333333334,0.763888888888889,0.8333333333333334,-0.01388888888888895,0.0,0.534921875,0.7994987468671679,0.6805859375,0.807843137254902,0.14566406249999997,0.008344390387734046,0.0,0.0,0.0,0.04069926217198372,0.13693439960479736,0.1720551997423172,0.0,0.11656295383969943,False,2.74,2026-09-23T15:38:17
stage2_large_id_00_to_self_recorded_fan_n10_decoder_only__fold2,stage2_large_id_00_to_self_recorded_fan_n10_decoder_only,2,large,id_00,self_recorded_fan,10,decoder_only,1302799360,10,3090,1470,25536,22.018304766440878,9.272098132542201,2.65,0.6111111111111112,0.8275862068965517,5.390829901865,0.7058823529411765,1.0,0.763888888888889,0.8333333333333334,-0.1527777777777778,-0.005747126436781658,0.55087890625,0.7984981226533167,0.6805859375,0.807843137254902,0.12970703124999994,0.009345014601585322,0.0,0.0,0.0,0.07551020383834839,0.13442867994308472,0.1700294464826584,0.0,0.1266561100880305,False,2.7,2026-09-23T15:38:20
stage2_large_id_00_to_self_recorded_fan_n10_decoder_only__fold3,stage2_large_id_00_to_self_recorded_fan_n10_decoder_only,3,large,id_00,self_recorded_fan,10,decoder_only,209471026,10,3090,1470,25536,18.265001355385294,10.048266313513931,2.33,0.8055555555555556,0.8695652173913043,10.533234243302331,0.9090909090909091,0.8333333333333334,0.7500000000000001,0.8333333333333334,0.05555555555555547,0.03623188405797095,0.5377929687499999,0.7984981226533167,0.6805859375,0.807843137254902,0.14279296875000003,0.009345014601585322,0.0,0.0,0.0,0.05177879333496094,0.13045276701450348,0.15355253219604492,0.0,0.11192803084850311,False,2.37,2026-09-23T15:38:23
stage2_large_id_00_to_self_recorded_fan_n10_decoder_only__fold4,stage2_large_id_00_to_self_recorded_fan_n10_decoder_only,4,large,id_00,self_recorded_fan,10,decoder_only,187382975,10,3090,1470,25536,19.967493407580317,10.387968919715103,2.33,0.8333333333333335,0.9230769230769231,9.514698472676994,0.8571428571428571,1.0,0.7777777777777778,0.8333333333333334,0.05555555555555569,0.08974358974358976,0.5518359375,0.7984981226533167,0.6805859375,0.807843137254902,0.12874999999999992,0.009345014601585322,0.0,0.0,0.0,0.06877094507217407,0.125890851020813,0.1624908596277237,0.0,0.11905088524023692,False,2.38,2026-09-23T15:38:25
stage2_large_id_00_to_self_recorded_fan_n10_decoder_only__fold5,stage2_large_id_00_to_self_recorded_fan_n10_decoder_only,5,large,id_00,self_recorded_fan,10,decoder_only,797322766,10,3090,1470,25536,20.922090510932765,10.605033602033343,2.41,0.7638888888888888,0.8461538461538461,9.6318537287312,0.7857142857142857,0.9166666666666666,0.75,0.8275862068965517,0.01388888888888884,0.018567639257294433,0.5459375000000001,0.7984981226533167,0.6805859375,0.807843137254902,0.13464843749999988,0.009345014601585322,0.0,0.0,0.0,0.06406697630882263,0.14550276100635529,0.16610872745513916,0.0,0.12522615492343903,False,2.46,2026-09-23T15:38:27
stage2_large_id_00_to_self_recorded_fan_n10_decoder_only__fold6,stage2_large_id_00_to_self_recorded_fan_n10_decoder_only,6,large,id_00,self_recorded_fan,10,decoder_only,1494192156,10,3090,1470,25536,22.429320004521585,9.530826237736916,2.62,0.7222222222222222,0.8571428571428571,8.882744913418387,0.75,1.0,0.7500000000000001,0.8333333333333334,-0.0277777777777779,0.023809523809523725,0.5527734375,0.7984981226533167,0.6805859375,0.807843137254902,0.1278125,0.009345014601585322,0.0,0.0,0.0,0.06610314548015594,0.1352090984582901,0.15974050760269165,0.0,0.12035091718037923,False,2.68,2026-09-23T15:38:30
stage2_large_id_00_to_self_recorded_fan_n10_decoder_only__fold7,stage2_large_id_00_to_self_recorded_fan_n10_decoder_only,7,large,id_00,self_recorded_fan,10,decoder_only,1991810130,10,3090,1470,25536,21.373124103156886,11.295720645359584,2.76,0.7777777777777777,0.8461538461538461,9.086393900087922,0.7857142857142857,0.9166666666666666,0.75,0.8333333333333334,0.02777777777777768,0.012820512820512775,0.54560546875,0.7984981226533167,0.6805859375,0.807843137254902,0.13498046874999992,0.009345014601585322,0.0,0.0,0.0,0.05844894051551819,0.11310667544603348,0.15325535833835602,0.0,0.1082703247666359,False,2.81,2026-09-23T15:38:33
stage2_large_id_00_to_self_recorded_fan_n10_decoder_only__fold8,stage2_large_id_00_to_self_recorded_fan_n10_decoder_only,8,large,id_00,self_recorded_fan,10,decoder_only,1712820574,10,3090,1470,25536,14.833696209654516,7.2876477825398345,2.5,0.7916666666666667,0.8888888888888888,8.176252772482442,0.8,1.0,0.7222222222222222,0.8148148148148148,0.06944444444444453,0.07407407407407407,0.5503515625000001,0.7984981226533167,0.6805859375,0.807843137254902,0.1302343749999999,0.009345014601585322,0.0,0.0,0.0,0.05680738762021065,0.12346846610307693,0.17314940690994263,0.0,0.11780842021107674,False,2.55,2026-09-23T15:38:35
stage2_large_id_00_to_self_recorded_fan_n10_decoder_only__fold9,stage2_large_id_00_to_self_recorded_fan_n10_decoder_only,9,large,id_00,self_recorded_fan,10,decoder_only,1238743136,10,3090,1470,25536,21.13942074289127,10.852668976297183,2.34,0.8055555555555556,0.8333333333333334,9.550731904370958,0.8333333333333334,0.8333333333333334,0.763888888888889,0.8275862068965517,0.04166666666666663,0.005747126436781658,0.55291015625,0.7984981226533167,0.6805859375,0.807843137254902,0.12767578125,0.009345014601585322,0.0,0.0,0.0,0.055923834443092346,0.11598585546016693,0.15603403747081757,0.0,0.10931457579135895,False,2.39,2026-09-23T15:38:38
stage2_large_id_00_to_self_recorded_fan_n10_encoder_only__fold0,stage2_large_id_00_to_self_recorded_fan_n10_encoder_only,0,large,id_00,self_recorded_fan,10,encoder_only,309459413,10,3090,1470,25224,36.209078574667174,35.97665786743164,2.57,0.7777777777777778,0.8333333333333334,28.713407341099632,0.8333333333333334,0.8333333333333334,0.7777777777777778,0.8333333333333334,0.0,0.0,0.6724609375,0.8073394495412844,0.6805859375,0.807843137254902,0.008124999999999938,0.0005036877136175288,0.05797320604324341,0.03618628904223442,0.05894247815012932,0.0,0.0,0.0,0.05103399107853571,0.0,True,2.63,2026-09-23T15:38:41
stage2_large_id_00_to_self_recorded_fan_n10_encoder_only__fold1,stage2_large_id_00_to_self_recorded_fan_n10_encoder_only,1,large,id_00,self_recorded_fan,10,encoder_only,75834713,10,3090,1470,25224,28.059129092158102,27.902639155485193,2.8,0.763888888888889,0.8333333333333334,28.153501651166827,0.8333333333333334,0.8333333333333334,0.763888888888889,0.8333333333333334,0.0,0.0,0.678515625,0.8129032258064516,0.6805859375,0.807843137254902,0.0020703125000000044,-0.005060088551549602,0.06333408504724503,0.03799303621053696,0.04738594591617584,0.0,0.0,0.0,0.049571022391319275,0.0,False,2.85,2026-09-23T15:38:43
stage2_large_id_00_to_self_recorded_fan_n10_encoder_only__fold2,stage2_large_id_00_to_self_recorded_fan_n10_encoder_only,2,large,id_00,self_recorded_fan,10,encoder_only,611067743,10,3090,1470,25224,32.10439323892399,32.019332496487365,3.17,0.763888888888889,0.8333333333333334,29.952899041710573,0.8333333333333334,0.8333333333333334,0.763888888888889,0.8333333333333334,0.0,0.0,0.68845703125,0.8110236220472441,0.6805859375,0.807843137254902,-0.007871093750000058,-0.0031804847923421198,0.05019629746675491,0.017444351688027382,0.06830655783414841,0.0,0.0,0.0,0.0453157356629769,0.0,False,3.22,2026-09-23T15:38:47
stage2_large_id_00_to_self_recorded_fan_n10_encoder_only__fold3,stage2_large_id_00_to_self_recorded_fan_n10_encoder_only,3,large,id_00,self_recorded_fan,10,encoder_only,582720931,10,3090,1470,25224,28.054846977700993,27.886580408835897,2.77,0.7500000000000001,0.8333333333333334,29.794600270246146,0.8333333333333334,0.8333333333333334,0.7500000000000001,0.8333333333333334,0.0,0.0,0.6790820312500001,0.8111702127659575,0.6805859375,0.807843137254902,0.0015039062499998535,-0.0033270755110554884,0.05642283707857132,0.022029966115951538,0.04947967082262039,0.0,0.0,0.0,0.042644158005714417,0.0,False,2.81,2026-09-23T15:38:49
stage2_large_id_00_to_self_recorded_fan_n10_encoder_only__fold4,stage2_large_id_00_to_self_recorded_fan_n10_encoder_only,4,large,id_00,self_recorded_fan,10,encoder_only,1861359415,10,3090,1470,25224,29.681086871088766,29.577394719026525,2.73,0.7777777777777778,0.8333333333333334,29.830682362735644,0.8333333333333334,0.8333333333333334,0.7777777777777778,0.8333333333333334,0.0,0.0,0.6883007812499999,0.8092016238159675,0.6805859375,0.807843137254902,-0.007714843749999978,-0.0013584865610655195,0.04986413195729256,0.032081399112939835,0.051588792353868484,0.0,0.0,0.0,0.04451144114136696,0.0,False,2.78,2026-09-23T15:38:52
stage2_large_id_00_to_self_recorded_fan_n10_encoder_only__fold5,stage2_large_id_00_to_self_recorded_fan_n10_encoder_only,5,large,id_00,self_recorded_fan,10,encoder_only,1903163465,10,3090,1470,25224,31.383876060952947,31.231583225483796,2.65,0.763888888888889,0.8275862068965517,20.366185348782338,0.7058823529411765,1.0,0.75,0.8275862068965517,0.01388888888888895,0.0,0.6798632812500001,0.8052631578947368,0.6805859375,0.807843137254902,0.0007226562499998979,0.0025799793601651855,0.055652130395174026,0.02046172507107258,0.07934978604316711,0.0,0.0,0.0,0.05182121383647124,0.0,False,2.7,2026-09-23T15:38:55
stage2_large_id_00_to_self_recorded_fan_n10_encoder_only__fold6,stage2_large_id_00_to_self_recorded_fan_n10_encoder_only,6,large,id_00,self_recorded_fan,10,encoder_only,327668598,10,3090,1470,25224,33.18589708756427,32.993772312086456,3.0,0.7500000000000001,0.8333333333333334,30.107198517203233,0.8333333333333334,0.8333333333333334,0.7500000000000001,0.8333333333333334,0.0,0.0,0.6661718749999999,0.812089356110381,0.6805859375,0.807843137254902,0.014414062500000102,-0.004246218855479045,0.05166438966989517,0.022270340472459793,0.07411885261535645,0.0,0.0,0.0,0.04935119425257047,0.0,False,3.05,2026-09-23T15:38:58
stage2_large_id_00_to_self_recorded_fan_n10_encoder_only__fold7,stage2_large_id_00_to_self_recorded_fan_n10_encoder_only,7,large,id_00,self_recorded_fan,10,encoder_only,201916264,10,3090,1470,25224,32.30026198406609,32.08653080220125,3.15,0.763888888888889,0.8333333333333334,27.271167023899718,0.8333333333333334,0.8333333333333334,0.75,0.8333333333333334,0.01388888888888895,0.0,0.6907421875,0.8092643051771117,0.6805859375,0.807843137254902,-0.010156250000000089,-0.0014211679222096985,0.06788273900747299,0.04164138063788414,0.060830242931842804,0.0,0.0,0.0,0.056784787525733314,0.0,False,3.21,2026-09-23T15:39:01
stage2_large_id_00_to_self_recorded_fan_n10_encoder_only__fold8,stage2_large_id_00_to_self_recorded_fan_n10_encoder_only,8,large,id_00,self_recorded_fan,10,encoder_only,1890997423,10,3090,1470,25224,24.0036363796312,23.902750599141022,2.73,0.7222222222222222,0.8148148148148148,21.06423098378051,0.7333333333333333,0.9166666666666666,0.7222222222222222,0.8148148148148148,0.0,0.0,0.6853124999999999,0.8143236074270557,0.6805859375,0.807843137254902,-0.00472656249999992,-0.006480470172153696,0.04673972353339195,0.014645961113274097,0.04558704048395157,0.0,0.0,0.0,0.035657575043539204,0.0,False,2.79,2026-09-23T15:39:04
stage2_large_id_00_to_self_recorded_fan_n10_encoder_only__fold9,stage2_large_id_00_to_self_recorded_fan_n10_encoder_only,9,large,id_00,self_recorded_fan,10,encoder_only,457610693,10,3090,1470,25224,32.42684461632553,32.238382495179465,2.61,0.763888888888889,0.8275862068965517,18.058457081371913,0.7058823529411765,1.0,0.763888888888889,0.8275862068965517,0.0,0.0,0.6864453125000001,0.8156123822341858,0.6805859375,0.807843137254902,-0.005859375000000111,-0.007769244979283774,0.06557825207710266,0.03948904573917389,0.05710138753056526,0.0,0.0,0.0,0.05405622844894727,0.0,False,2.66,2026-09-23T15:39:07
stage2_large_id_00_to_self_recorded_fan_n10_full__fold0,stage2_large_id_00_to_self_recorded_fan_n10_full,0,large,id_00,self_recorded_fan,10,full,900660924,10,3090,1470,50760,23.493514781095545,5.878849584229139,3.04,0.7777777777777779,0.8888888888888888,8.466889510604899,0.8,1.0,0.7777777777777778,0.8333333333333334,1.1102230246251565e-16,0.05555555555555547,0.4580078125,0.7984981226533167,0.6805859375,0.807843137254902,0.22257812499999996,0.009345014601585322,0.1800817847251892,0.03800680860877037,0.08200021833181381,0.05454735457897186,0.08941098302602768,0.155366912484169,0.10002960388859113,0.09977508336305618,True,3.09,2026-09-23T15:37:43
stage2_large_id_00_to_self_recorded_fan_n10_full__fold1,stage2_large_id_00_to_self_recorded_fan_n10_full,1,large,id_00,self_recorded_fan,10,full,1373247269,10,3090,1470,50760,17.504991278356435,5.8035571429194235,3.02,0.875,0.96,7.358557780413781,0.9230769230769231,1.0,0.763888888888889,0.8333333333333334,0.11111111111111105,0.1266666666666666,0.48357421875,0.7994987468671679,0.6805859375,0.807843137254902,0.19701171874999995,0.008344390387734046,0.2068076729774475,0.05727432668209076,0.10331063717603683,0.04850265383720398,0.14220227301120758,0.18505480885505676,0.12246421227852504,0.12525324523448944,False,3.07,2026-09-23T15:37:46
stage2_large_id_00_to_self_recorded_fan_n10_full__fold2,stage2_large_id_00_to_self_recorded_fan_n10_full,2,large,id_00,self_recorded_fan,10,full,980928794,10,3090,1470,50760,21.957842398662958,6.418430260249546,3.44,0.8333333333333334,0.8571428571428571,5.473944344905155,0.75,1.0,0.763888888888889,0.8333333333333334,0.06944444444444442,0.023809523809523725,0.5387304687499999,0.7984981226533167,0.6805859375,0.807843137254902,0.1418554687500001,0.009345014601585322,0.1554695963859558,0.02788700722157955,0.09836672991514206,0.053308434784412384,0.10991640388965607,0.14284513890743256,0.09390777784089248,0.10202332586050034,False,3.49,2026-09-23T15:37:50
stage2_large_id_00_to_self_recorded_fan_n10_full__fold3,stage2_large_id_00_to_self_recorded_fan_n10_full,3,large,id_00,self_recorded_fan,10,full,1055090318,10,3090,1470,50760,18.057841320427098,6.834675535863759,3.4,0.9444444444444445,0.9230769230769231,6.660198946907217,0.8571428571428571,1.0,0.7500000000000001,0.8333333333333334,0.19444444444444442,0.08974358974358976,0.43361328125,0.7984981226533167,0.6805859375,0.807843137254902,0.24697265624999998,0.009345014601585322,0.21560803055763245,0.03539607673883438,0.11208324134349823,0.04443683847784996,0.11623246967792511,0.19346623122692108,0.12102911621332169,0.11804517979423206,False,3.46,2026-09-23T15:37:53
stage2_large_id_00_to_self_recorded_fan_n10_full__fold4,stage2_large_id_00_to_self_recorded_fan_n10_full,4,large,id_00,self_recorded_fan,10,full,1190605483,10,3090,1470,50760,19.857456771694885,7.098612473935497,3.01,0.9722222222222223,0.9565217391304348,8.491315516754948,1.0,0.9166666666666666,0.7777777777777778,0.8333333333333334,0.19444444444444453,0.12318840579710144,0.5248242187500001,0.8010012515644556,0.6805859375,0.807843137254902,0.1557617187499999,0.006841885690446414,0.16612526774406433,0.026296664029359818,0.04813482239842415,0.04326443374156952,0.10842861980199814,0.16523756086826324,0.08018558472394943,0.10564353813727696,False,3.06,2026-09-23T15:37:56
stage2_large_id_00_to_self_recorded_fan_n10_full__fold5,stage2_large_id_00_to_self_recorded_fan_n10_full,5,large,id_00,self_recorded_fan,10,full,760722736,10,3090,1470,50760,20.77676095767897,6.638948391894905,3.23,0.9722222222222223,0.9565217391304348,8.482121548659647,1.0,0.9166666666666666,0.75,0.8275862068965517,0.22222222222222232,0.1289355322338831,0.5429882812500001,0.8,0.6805859375,0.807843137254902,0.13759765624999987,0.007843137254901933,0.20422318577766418,0.048315051943063736,0.0751989483833313,0.05637047812342644,0.12608568370342255,0.18384899199008942,0.10924572870135307,0.12210171793897946,False,3.28,2026-09-23T15:37:59
stage2_large_id_00_to_self_recorded_fan_n10_full__fold6,stage2_large_id_00_to_self_recorded_fan_n10_full,6,large,id_00,self_recorded_fan,10,full,785534459,10,3090,1470,50760,22.201658190513143,5.589741414907027,3.33,0.8472222222222222,0.96,7.025706965745259,0.9230769230769231,1.0,0.7500000000000001,0.8333333333333334,0.0972222222222221,0.1266666666666666,0.58908203125,0.7984981226533167,0.6805859375,0.807843137254902,0.09150390624999993,0.009345014601585322,0.18544870615005493,0.06096304580569267,0.06233423948287964,0.04377639666199684,0.13721963763237,0.15539632737636566,0.10291533047954242,0.1121307872235775,False,3.38,2026-09-23T15:38:03
stage2_large_id_00_to_self_recorded_fan_n10_full__fold7,stage2_large_id_00_to_self_recorded_fan_n10_full,7,large,id_00,self_recorded_fan,10,full,2087136176,10,3090,1470,50760,21.24162041411108,6.9414065419411175,3.47,0.9444444444444444,0.9166666666666666,7.44582623146305,0.9166666666666666,0.9166666666666666,0.75,0.8333333333333334,0.19444444444444442,0.08333333333333326,0.42169921875,0.7984981226533167,0.6805859375,0.807843137254902,0.25888671874999997,0.009345014601585322,0.235132098197937,0.06379279494285583,0.0948348417878151,0.04209340736269951,0.13219019770622253,0.16718101501464844,0.13125324497620264,0.11382154002785683,False,3.53,2026-09-23T15:38:06
stage2_large_id_00_to_self_recorded_fan_n10_full__fold8,stage2_large_id_00_to_self_recorded_fan_n10_full,8,large,id_00,self_recorded_fan,10,full,1201066178,10,3090,1470,50760,14.704442763815122,5.678236932170634,2.95,0.7777777777777779,0.9230769230769231,5.9850909778260535,0.8571428571428571,1.0,0.7222222222222222,0.8148148148148148,0.05555555555555569,0.10826210826210836,0.49748046875,0.7984981226533167,0.6805859375,0.807843137254902,0.18310546874999994,0.009345014601585322,0.16699469089508057,0.07579897344112396,0.07813216000795364,0.032657090574502945,0.11641757190227509,0.1731860488653183,0.10697527478138606,0.1074202371140321,False,3.0,2026-09-23T15:38:09
stage2_large_id_00_to_self_recorded_fan_n10_full__fold9,stage2_large_id_00_to_self_recorded_fan_n10_full,9,large,id_00,self_recorded_fan,10,full,29919861,10,3090,1470,50760,21.062167245514537,6.4826240636864485,2.95,0.9861111111111112,0.96,7.8277976084692975,0.9230769230769231,1.0,0.763888888888889,0.8275862068965517,0.2222222222222222,0.13241379310344825,0.43681640625,0.7984981226533167,0.6805859375,0.807843137254902,0.24376953124999995,0.009345014601585322,0.20622095465660095,0.039156634360551834,0.11502900719642639,0.0521082803606987,0.09840480238199234,0.1778281331062317,0.12013553207119305,0.10944707194964091,False,2.99,2026-09-23T15:38:12
stage2_large_id_00_to_self_recorded_fan_n20_bottleneck_only__fold0,stage2_large_id_00_to_self_recorded_fan_n20_bottleneck_only,0,large,id_00,self_recorded_fan,20,bottleneck_only,1289319363,20,6180,2910,1096,28.65552630866926,20.178405407777767,5.22,0.75,0.8461538461538461,17.196738493194186,0.7857142857142857,0.9166666666666666,0.7777777777777778,0.8333333333333334,-0.02777777777777779,0.012820512820512775,0.45595703125,0.7994987468671679,0.6805859375,0.807843137254902,0.22462890624999998,0.008344390387734046,0.0,0.0,0.2843092381954193,0.16395927965641022,0.0,0.0,0.09476974606513977,0.054653093218803406,True,5.29,2026-09-23T15:42:29
stage2_large_id_00_to_self_recorded_fan_n20_bottleneck_only__fold1,stage2_large_id_00_to_self_recorded_fan_n20_bottleneck_only,1,large,id_00,self_recorded_fan,20,bottleneck_only,1219848766,20,6180,2910,1096,26.20435750115778,18.495382780881272,4.51,0.736111111111111,0.8333333333333334,17.026182520363335,0.8333333333333334,0.8333333333333334,0.763888888888889,0.8333333333333334,-0.0277777777777779,0.0,0.4541015625,0.7984981226533167,0.6805859375,0.807843137254902,0.22648437499999996,0.009345014601585322,0.0,0.0,0.25805214047431946,0.1624486744403839,0.0,0.0,0.08601738015810649,0.05414955814679464,False,4.56,2026-09-23T15:42:33
stage2_large_id_00_to_self_recorded_fan_n20_bottleneck_only__fold2,stage2_large_id_00_to_self_recorded_fan_n20_bottleneck_only,2,large,id_00,self_recorded_fan,20,bottleneck_only,1754365059,20,6180,2910,1096,28.99075653626747,20.91017841063824,4.78,0.7222222222222222,0.8571428571428571,15.219827853543269,0.75,1.0,0.763888888888889,0.8333333333333334,-0.04166666666666674,0.023809523809523725,0.46080078125000007,0.7994987468671679,0.6805859375,0.807843137254902,0.2197851562499999,0.008344390387734046,0.0,0.0,0.27864646911621094,0.1827303171157837,0.0,0.0,0.09288215637207031,0.06091010570526123,False,4.84,2026-09-23T15:42:38
stage2_large_id_00_to_self_recorded_fan_n20_bottleneck_only__fold3,stage2_large_id_00_to_self_recorded_fan_n20_bottleneck_only,3,large,id_00,self_recorded_fan,20,bottleneck_only,222059619,20,6180,2910,1096,27.350568869679243,19.296485527274534,4.96,0.7638888888888888,0.88,17.540243548246412,0.8461538461538461,0.9166666666666666,0.7500000000000001,0.8333333333333334,0.013888888888888729,0.046666666666666634,0.45646484375000007,0.7994987468671679,0.6805859375,0.807843137254902,0.2241210937499999,0.008344390387734046,0.0,0.0,0.26658695936203003,0.1693405956029892,0.0,0.0,0.08886231978734334,0.0564468652009964,False,5.02,2026-09-23T15:42:43
stage2_large_id_00_to_self_recorded_fan_n20_bottleneck_only__fold4,stage2_large_id_00_to_self_recorded_fan_n20_bottleneck_only,4,large,id_00,self_recorded_fan,20,bottleneck_only,803436825,20,6180,2910,1096,28.83914731212498,20.40224391897929,4.59,0.7638888888888888,0.8571428571428571,15.218126162768208,0.75,1.0,0.7777777777777778,0.8333333333333334,-0.01388888888888895,0.023809523809523725,0.45966796875000004,0.7994987468671679,0.6805859375,0.807843137254902,0.22091796874999992,0.008344390387734046,0.0,0.0,0.2713373899459839,0.17596159875392914,0.0,0.0,0.0904457966486613,0.058653866251309715,False,4.64,2026-09-23T15:42:48
stage2_large_id_00_to_self_recorded_fan_n20_bottleneck_only__fold5,stage2_large_id_00_to_self_recorded_fan_n20_bottleneck_only,5,large,id_00,self_recorded_fan,20,bottleneck_only,1197822815,20,6180,2910,1096,27.69971003974836,19.686778845246305,4.85,0.7222222222222222,0.8275862068965517,13.741370707268082,0.7058823529411765,1.0,0.75,0.8275862068965517,-0.02777777777777779,0.0,0.45951171875,0.7994987468671679,0.6805859375,0.807843137254902,0.22107421874999994,0.008344390387734046,0.0,0.0,0.2841082513332367,0.16718393564224243,0.0,0.0,0.09470275044441223,0.055727978547414146,False,4.9,2026-09-23T15:42:53
stage2_large_id_00_to_self_recorded_fan_n20_bottleneck_only__fold6,stage2_large_id_00_to_self_recorded_fan_n20_bottleneck_only,6,large,id_00,self_recorded_fan,20,bottleneck_only,1250912825,20,6180,2910,1096,29.204210536996115,20.392072854582796,4.8,0.75,0.8888888888888888,16.280952031475742,0.8,1.0,0.7500000000000001,0.8333333333333334,-1.1102230246251565e-16,0.05555555555555547,0.45787109375,0.7994987468671679,0.6805859375,0.807843137254902,0.22271484374999995,0.008344390387734046,0.0,0.0,0.27212271094322205,0.17787277698516846,0.0,0.0,0.09070757031440735,0.05929092566172282,False,4.85,2026-09-23T15:42:57
stage2_large_id_00_to_self_recorded_fan_n20_bottleneck_only__fold7,stage2_large_id_00_to_self_recorded_fan_n20_bottleneck_only,7,large,id_00,self_recorded_fan,20,bottleneck_only,958035296,20,6180,2910,1096,28.622233616937066,20.09038533869478,4.64,0.75,0.8571428571428571,15.665909398302645,0.75,1.0,0.75,0.8333333333333334,0.0,0.023809523809523725,0.4581640625,0.7994987468671679,0.6805859375,0.807843137254902,0.22242187499999994,0.008344390387734046,0.0,0.0,0.2565832734107971,0.16722919046878815,0.0,0.0,0.08552775780359904,0.05574306348959605,False,4.69,2026-09-23T15:43:02
stage2_large_id_00_to_self_recorded_fan_n20_bottleneck_only__fold8,stage2_large_id_00_to_self_recorded_fan_n20_bottleneck_only,8,large,id_00,self_recorded_fan,20,bottleneck_only,1811210133,20,6180,2910,1096,26.688652943090066,18.706262037926113,5.02,0.7222222222222222,0.8571428571428571,14.632884612837362,0.75,1.0,0.7222222222222222,0.8148148148148148,0.0,0.042328042328042326,0.46373046875,0.7994987468671679,0.6805859375,0.807843137254902,0.21685546874999995,0.008344390387734046,0.0,0.0,0.25837892293930054,0.17758773267269135,0.0,0.0,0.08612630764643352,0.05919591089089712,False,5.08,2026-09-23T15:43:07
stage2_large_id_00_to_self_recorded_fan_n20_bottleneck_only__fold9,stage2_large_id_00_to_self_recorded_fan_n20_bottleneck_only,9,large,id_00,self_recorded_fan,20,bottleneck_only,565358349,20,6180,2910,1096,28.971499826490266,20.13397071287804,4.76,0.75,0.8571428571428571,15.275916770213792,0.75,1.0,0.763888888888889,0.8275862068965517,-0.01388888888888895,0.029556650246305383,0.466171875,0.7994987468671679,0.6805859375,0.807843137254902,0.21441406249999995,0.008344390387734046,0.0,0.0,0.26368269324302673,0.1694611757993698,0.0,0.0,0.08789423108100891,0.05648705859978994,False,4.82,2026-09-23T15:43:12
stage2_large_id_00_to_self_recorded_fan_n20_decoder_only__fold0,stage2_large_id_00_to_self_recorded_fan_n20_decoder_only,0,large,id_00,self_recorded_fan,20,decoder_only,221395539,20,6180,2910,25536,16.70057663475115,9.271926447288278,4.71,0.763888888888889,0.8181818181818182,10.287416976941365,0.9,0.75,0.7777777777777778,0.8333333333333334,-0.01388888888888884,-0.015151515151515138,0.5051953124999999,0.7984981226533167,0.6805859375,0.807843137254902,0.17539062500000002,0.009345014601585322,0.0,0.0,0.0,0.0839928686618805,0.2506527006626129,0.2736608684062958,0.0,0.20276881257692972,True,4.77,2026-09-23T15:40:42
stage2_large_id_00_to_self_recorded_fan_n20_decoder_only__fold1,stage2_large_id_00_to_self_recorded_fan_n20_decoder_only,1,large,id_00,self_recorded_fan,20,decoder_only,1767303330,20,6180,2910,25536,15.350154906204066,8.672491407885994,4.72,0.736111111111111,0.8461538461538461,8.359711392150853,0.7857142857142857,0.9166666666666666,0.763888888888889,0.8333333333333334,-0.0277777777777779,0.012820512820512775,0.53609375,0.7984981226533167,0.6805859375,0.807843137254902,0.14449218749999992,0.009345014601585322,0.0,0.0,0.0,0.07092894613742828,0.2500961422920227,0.2632131278514862,0.0,0.19474607209364572,False,4.77,2026-09-23T15:40:47
stage2_large_id_00_to_self_recorded_fan_n20_decoder_only__fold2,stage2_large_id_00_to_self_recorded_fan_n20_decoder_only,2,large,id_00,self_recorded_fan,20,decoder_only,624747088,20,6180,2910,25536,18.055165261337436,9.464806448553027,5.24,0.6944444444444445,0.8275862068965517,6.290416499943409,0.7058823529411765,1.0,0.763888888888889,0.8333333333333334,-0.06944444444444442,-0.005747126436781658,0.52572265625,0.7984981226533167,0.6805859375,0.807843137254902,0.15486328124999993,0.009345014601585322,0.0,0.0,0.0,0.08516409993171692,0.18488439917564392,0.22824133932590485,0.0,0.16609661281108856,False,5.29,2026-09-23T15:40:52
stage2_large_id_00_to_self_recorded_fan_n20_decoder_only__fold3,stage2_large_id_00_to_self_recorded_fan_n20_decoder_only,3,large,id_00,self_recorded_fan,20,decoder_only,643598994,20,6180,2910,25536,16.397182828372287,9.54390749980494,5.01,0.8333333333333333,0.9166666666666666,8.851187384844426,0.9166666666666666,0.9166666666666666,0.7500000000000001,0.8333333333333334,0.08333333333333315,0.08333333333333326,0.52404296875,0.7994987468671679,0.6805859375,0.807843137254902,0.15654296874999996,0.008344390387734046,0.0,0.0,0.0,0.06969638913869858,0.2597813606262207,0.24715156853199005,0.0,0.19220977276563644,False,5.06,2026-09-23T15:40:57
stage2_large_id_00_to_self_recorded_fan_n20_decoder_only__fold4,stage2_large_id_00_to_self_recorded_fan_n20_decoder_only,4,large,id_00,self_recorded_fan,20,decoder_only,2057929591,20,6180,2910,25536,17.390427746723606,9.393963273038569,4.92,0.8888888888888888,0.9166666666666666,9.920318719503042,0.9166666666666666,0.9166666666666666,0.7777777777777778,0.8333333333333334,0.11111111111111105,0.08333333333333326,0.52615234375,0.7984981226533167,0.6805859375,0.807843137254902,0.15443359375,0.009345014601585322,0.0,0.0,0.0,0.08034873008728027,0.20973527431488037,0.23630903661251068,0.0,0.17546434700489044,False,4.99,2026-09-23T15:41:02
stage2_large_id_00_to_self_recorded_fan_n20_decoder_only__fold5,stage2_large_id_00_to_self_recorded_fan_n20_decoder_only,5,large,id_00,self_recorded_fan,20,decoder_only,1954634867,20,6180,2910,25536,16.584263752416238,9.358550907410297,5.23,0.7638888888888888,0.8571428571428571,7.5581792944187605,0.75,1.0,0.75,0.8275862068965517,0.01388888888888884,0.029556650246305383,0.520703125,0.7984981226533167,0.6805859375,0.807843137254902,0.15988281249999992,0.009345014601585322,0.0,0.0,0.0,0.07380490005016327,0.23982641100883484,0.27210211753845215,0.0,0.19524447619915009,False,5.29,2026-09-23T15:41:07
stage2_large_id_00_to_self_recorded_fan_n20_decoder_only__fold6,stage2_large_id_00_to_self_recorded_fan_n20_decoder_only,6,large,id_00,self_recorded_fan,20,decoder_only,1699102540,20,6180,2910,25536,17.43173944335623,9.868247150145855,4.73,0.8472222222222222,0.88,9.156865644328136,0.8461538461538461,0.9166666666666666,0.7500000000000001,0.8333333333333334,0.0972222222222221,0.046666666666666634,0.53349609375,0.7984981226533167,0.6805859375,0.807843137254902,0.14708984375,0.009345014601585322,0.0,0.0,0.0,0.07712526619434357,0.19283060729503632,0.23117811977863312,0.0,0.167044664422671,False,4.78,2026-09-23T15:41:12
stage2_large_id_00_to_self_recorded_fan_n20_decoder_only__fold7,stage2_large_id_00_to_self_recorded_fan_n20_decoder_only,7,large,id_00,self_recorded_fan,20,decoder_only,1208034163,20,6180,2910,25536,16.813867254355518,9.726652518990113,5.14,0.8194444444444444,0.88,9.219141958633319,0.8461538461538461,0.9166666666666666,0.75,0.8333333333333334,0.06944444444444442,0.046666666666666634,0.5393359375,0.7984981226533167,0.6805859375,0.807843137254902,0.14125,0.009345014601585322,0.0,0.0,0.0,0.07129788398742676,0.2035757601261139,0.23004019260406494,0.0,0.16830461223920187,False,5.19,2026-09-23T15:41:17
stage2_large_id_00_to_self_recorded_fan_n20_decoder_only__fold8,stage2_large_id_00_to_self_recorded_fan_n20_decoder_only,8,large,id_00,self_recorded_fan,20,decoder_only,1952226962,20,6180,2910,25536,16.042547737200234,9.15748109522554,4.8,0.75,0.8888888888888888,7.843745987360887,0.8,1.0,0.7222222222222222,0.8148148148148148,0.02777777777777779,0.07407407407407407,0.56697265625,0.7994987468671679,0.6805859375,0.807843137254902,0.11361328124999992,0.008344390387734046,0.0,0.0,0.0,0.06995245069265366,0.20807453989982605,0.21077921986579895,0.0,0.1629354034860929,False,4.85,2026-09-23T15:41:22
stage2_large_id_00_to_self_recorded_fan_n20_decoder_only__fold9,stage2_large_id_00_to_self_recorded_fan_n20_decoder_only,9,large,id_00,self_recorded_fan,20,decoder_only,1250647410,20,6180,2910,25536,16.68986839609048,9.368467969992727,4.59,0.7777777777777778,0.8571428571428571,7.063529677535498,0.75,1.0,0.763888888888889,0.8275862068965517,0.01388888888888884,0.029556650246305383,0.5620898437499999,0.7984981226533167,0.6805859375,0.807843137254902,0.11849609375000003,0.009345014601585322,0.0,0.0,0.0,0.07478200644254684,0.19098851084709167,0.23930753767490387,0.0,0.16835935165484747,False,4.64,2026-09-23T15:41:27
stage2_large_id_00_to_self_recorded_fan_n20_encoder_only__fold0,stage2_large_id_00_to_self_recorded_fan_n20_encoder_only,0,large,id_00,self_recorded_fan,20,encoder_only,1047693188,20,6180,2910,25224,30.962141489245226,30.795593045421484,5.78,0.7777777777777778,0.8333333333333334,28.695817841451685,0.8333333333333334,0.8333333333333334,0.7777777777777778,0.8333333333333334,0.0,0.0,0.6782812500000001,0.8157181571815718,0.6805859375,0.807843137254902,0.0023046874999999023,-0.007875019926669835,0.083110511302948,0.04239971563220024,0.08222363889217377,0.0,0.0,0.0,0.06924462194244067,0.0,True,5.84,2026-09-23T15:41:33
stage2_large_id_00_to_self_recorded_fan_n20_encoder_only__fold1,stage2_large_id_00_to_self_recorded_fan_n20_encoder_only,1,large,id_00,self_recorded_fan,20,encoder_only,865738395,20,6180,2910,25224,28.41858574778763,28.269596375140946,5.3,0.763888888888889,0.8333333333333334,28.084444512333576,0.8333333333333334,0.8333333333333334,0.763888888888889,0.8333333333333334,0.0,0.0,0.6888476562499999,0.817824377457405,0.6805859375,0.807843137254902,-0.008261718749999925,-0.009981240202503017,0.07012489438056946,0.02737763710319996,0.0787479430437088,0.0,0.0,0.0,0.05875015817582607,0.0,False,5.35,2026-09-23T15:41:38
stage2_large_id_00_to_self_recorded_fan_n20_encoder_only__fold2,stage2_large_id_00_to_self_recorded_fan_n20_encoder_only,2,large,id_00,self_recorded_fan,20,encoder_only,2053721625,20,6180,2910,25224,31.17924228156965,31.04942260820841,5.56,0.763888888888889,0.8333333333333334,29.929315741639556,0.8333333333333334,0.8333333333333334,0.763888888888889,0.8333333333333334,0.0,0.0,0.7006054687500001,0.8122503328894807,0.6805859375,0.807843137254902,-0.02001953125000011,-0.004407195634578698,0.06787965446710587,0.03184351697564125,0.09330544620752335,0.0,0.0,0.0,0.06434287255009015,0.0,False,5.61,2026-09-23T15:41:44
stage2_large_id_00_to_self_recorded_fan_n20_encoder_only__fold3,stage2_large_id_00_to_self_recorded_fan_n20_encoder_only,3,large,id_00,self_recorded_fan,20,encoder_only,1300997319,20,6180,2910,25224,29.58112909376007,29.433663574690673,5.87,0.7500000000000001,0.8333333333333334,29.77749456859555,0.8333333333333334,0.8333333333333334,0.7500000000000001,0.8333333333333334,0.0,0.0,0.686015625,0.8119325551232166,0.6805859375,0.807843137254902,-0.005429687500000058,-0.0040894178683146265,0.07226905226707458,0.030929850414395332,0.0880361869931221,0.0,0.0,0.0,0.06374502989153068,0.0,False,5.93,2026-09-23T15:41:50
stage2_large_id_00_to_self_recorded_fan_n20_encoder_only__fold4,stage2_large_id_00_to_self_recorded_fan_n20_encoder_only,4,large,id_00,self_recorded_fan,20,encoder_only,931626640,20,6180,2910,25224,31.066251361492984,30.947377863618517,5.41,0.7777777777777778,0.8333333333333334,29.822206178457535,0.8333333333333334,0.8333333333333334,0.7777777777777778,0.8333333333333334,0.0,0.0,0.6915234375000001,0.8154506437768241,0.6805859375,0.807843137254902,-0.010937500000000155,-0.007607506521922103,0.06802890449762344,0.03371954709291458,0.07940526306629181,0.0,0.0,0.0,0.06038457155227661,0.0,False,5.46,2026-09-23T15:41:55
stage2_large_id_00_to_self_recorded_fan_n20_encoder_only__fold5,stage2_large_id_00_to_self_recorded_fan_n20_encoder_only,5,large,id_00,self_recorded_fan,20,encoder_only,1982631266,20,6180,2910,25224,29.947854582796392,29.771545469146414,6.1,0.75,0.8275862068965517,20.389465693131235,0.7058823529411765,1.0,0.75,0.8275862068965517,0.0,0.0,0.6851953125000001,0.8106591865357644,0.6805859375,0.807843137254902,-0.004609375000000138,-0.0028160492808624316,0.07803061604499817,0.04651383310556412,0.08306046575307846,0.0,0.0,0.0,0.06920163830121358,0.0,False,6.15,2026-09-23T15:42:01
stage2_large_id_00_to_self_recorded_fan_n20_encoder_only__fold6,stage2_large_id_00_to_self_recorded_fan_n20_encoder_only,6,large,id_00,self_recorded_fan,20,encoder_only,1451104633,20,6180,2910,25224,31.47013678009977,31.299127775369232,5.17,0.7500000000000001,0.8333333333333334,29.918530271198293,0.8333333333333334,0.8333333333333334,0.7500000000000001,0.8333333333333334,0.0,0.0,0.6766796875,0.8185430463576159,0.6805859375,0.807843137254902,0.00390625,-0.0106999091027139,0.0839960053563118,0.04738464206457138,0.08944009989500046,0.0,0.0,0.0,0.07360691577196121,0.0,False,5.22,2026-09-23T15:42:06
stage2_large_id_00_to_self_recorded_fan_n20_encoder_only__fold7,stage2_large_id_00_to_self_recorded_fan_n20_encoder_only,7,large,id_00,self_recorded_fan,20,encoder_only,1324043637,20,6180,2910,25224,30.954286614644158,30.790926766149777,5.7,0.763888888888889,0.8333333333333334,27.301005159386932,0.8333333333333334,0.8333333333333334,0.75,0.8333333333333334,0.01388888888888895,0.0,0.66552734375,0.8025157232704403,0.6805859375,0.807843137254902,0.01505859374999996,0.005327413984461682,0.08665873855352402,0.040354594588279724,0.08285895735025406,0.0,0.0,0.0,0.06995743016401927,0.0,False,5.76,2026-09-23T15:42:12
stage2_large_id_00_to_self_recorded_fan_n20_encoder_only__fold8,stage2_large_id_00_to_self_recorded_fan_n20_encoder_only,8,large,id_00,self_recorded_fan,20,encoder_only,216823038,20,6180,2910,25224,28.909532016085596,28.763222999179487,5.73,0.7222222222222222,0.8148148148148148,21.04686593782173,0.7333333333333333,0.9166666666666666,0.7222222222222222,0.8148148148148148,0.0,0.0,0.6839453125,0.8097686375321337,0.6805859375,0.807843137254902,-0.0033593750000000533,-0.0019255002772317065,0.07169943302869797,0.025447743013501167,0.09041409194469452,0.0,0.0,0.0,0.06252042266229789,0.0,False,5.79,2026-09-23T15:42:18
stage2_large_id_00_to_self_recorded_fan_n20_encoder_only__fold9,stage2_large_id_00_to_self_recorded_fan_n20_encoder_only,9,large,id_00,self_recorded_fan,20,encoder_only,699226456,20,6180,2910,25224,31.306164751347808,31.160416376959418,5.25,0.763888888888889,0.8275862068965517,18.059004215746636,0.7058823529411765,1.0,0.763888888888889,0.8275862068965517,0.0,0.0,0.65205078125,0.8015463917525774,0.6805859375,0.807843137254902,0.028535156249999916,0.006296745502324619,0.08432463556528091,0.03939913958311081,0.08814943581819534,0.0,0.0,0.0,0.07062440365552902,0.0,False,5.31,2026-09-23T15:42:23
stage2_large_id_00_to_self_recorded_fan_n20_full__fold0,stage2_large_id_00_to_self_recorded_fan_n20_full,0,large,id_00,self_recorded_fan,20,full,1094053263,20,6180,2910,50760,16.54822966978722,5.411025961649787,6.21,1.0,1.0,8.406058847305825,1.0,1.0,0.7777777777777778,0.8333333333333334,0.2222222222222222,0.16666666666666663,0.48490234374999996,0.7984981226533167,0.6805859375,0.807843137254902,0.19568359375,0.009345014601585322,0.2897481918334961,0.05184073746204376,0.10550560802221298,0.07689738273620605,0.1296738237142563,0.26418599486351013,0.14903151243925095,0.1569190671046575,True,6.28,2026-09-23T15:39:39
stage2_large_id_00_to_self_recorded_fan_n20_full__fold1,stage2_large_id_00_to_self_recorded_fan_n20_full,1,large,id_00,self_recorded_fan,20,full,1789132867,20,6180,2910,50760,15.218315625928112,5.293764252023599,6.63,1.0,1.0,7.6137058364542565,1.0,1.0,0.763888888888889,0.8333333333333334,0.23611111111111105,0.16666666666666663,0.49669921875000006,0.7984981226533167,0.6805859375,0.807843137254902,0.1838867187499999,0.009345014601585322,0.2860479950904846,0.049675676971673965,0.09529059380292892,0.06972385197877884,0.2120099514722824,0.26042506098747253,0.14367142195502916,0.18071962147951126,False,6.69,2026-09-23T15:39:45
stage2_large_id_00_to_self_recorded_fan_n20_full__fold2,stage2_large_id_00_to_self_recorded_fan_n20_full,2,large,id_00,self_recorded_fan,20,full,310656511,20,6180,2910,50760,17.787907462759115,5.939997992564723,6.14,0.9861111111111112,0.96,6.6085834774532515,0.9230769230769231,1.0,0.763888888888889,0.8333333333333334,0.2222222222222222,0.1266666666666666,0.49779296875,0.7984981226533167,0.6805859375,0.807843137254902,0.18279296874999995,0.009345014601585322,0.26696887612342834,0.06420353800058365,0.0753866583108902,0.0631682425737381,0.14613835513591766,0.21847257018089294,0.13551969081163406,0.14259305596351624,False,6.19,2026-09-23T15:39:51
stage2_large_id_00_to_self_recorded_fan_n20_full__fold3,stage2_large_id_00_to_self_recorded_fan_n20_full,3,large,id_00,self_recorded_fan,20,full,674233201,20,6180,2910,50760,16.19691760269637,5.84985447913101,6.77,1.0,1.0,6.672159142710477,1.0,1.0,0.7500000000000001,0.8333333333333334,0.2499999999999999,0.16666666666666663,0.5086328124999999,0.8015075376884422,0.6805859375,0.807843137254902,0.17195312500000004,0.006335599566459793,0.2947772145271301,0.09506416320800781,0.13052630424499512,0.0736931785941124,0.17618325352668762,0.23938865959644318,0.17345589399337769,0.16308836390574774,False,6.83,2026-09-23T15:39:58
stage2_large_id_00_to_self_recorded_fan_n20_full__fold4,stage2_large_id_00_to_self_recorded_fan_n20_full,4,large,id_00,self_recorded_fan,20,full,2095409855,20,6180,2910,50760,17.237973272185965,5.341166294727129,6.0,1.0,1.0,7.237666183072539,1.0,1.0,0.7777777777777778,0.8333333333333334,0.2222222222222222,0.16666666666666663,0.4697265625,0.7984981226533167,0.6805859375,0.807843137254902,0.21085937499999996,0.009345014601585322,0.2509569823741913,0.04368969053030014,0.1070123016834259,0.07424122840166092,0.152755469083786,0.2734090983867645,0.1338863248626391,0.1668019319574038,False,6.05,2026-09-23T15:40:04
stage2_large_id_00_to_self_recorded_fan_n20_full__fold5,stage2_large_id_00_to_self_recorded_fan_n20_full,5,large,id_00,self_recorded_fan,20,full,1083608114,20,6180,2910,50760,16.37525294982281,5.605750619750662,6.65,1.0,1.0,7.086175838216491,1.0,1.0,0.75,0.8275862068965517,0.25,0.1724137931034483,0.5031054687500001,0.7984981226533167,0.6805859375,0.807843137254902,0.1774804687499999,0.009345014601585322,0.2694893479347229,0.05081356316804886,0.1145128384232521,0.07327856868505478,0.13535548746585846,0.26345133781433105,0.14493858317534128,0.15736179798841476,False,6.71,2026-09-23T15:40:11
stage2_large_id_00_to_self_recorded_fan_n20_full__fold6,stage2_large_id_00_to_self_recorded_fan_n20_full,6,large,id_00,self_recorded_fan,20,full,1286552,20,6180,2910,50760,17.20561407030243,5.264354617325301,6.07,1.0,1.0,6.315447326894995,1.0,1.0,0.7500000000000001,0.8333333333333334,0.2499999999999999,0.16666666666666663,0.48962890625,0.7984981226533167,0.6805859375,0.807843137254902,0.19095703124999996,0.009345014601585322,0.27267467975616455,0.05040787160396576,0.10442463308572769,0.08037454634904861,0.17167726159095764,0.26681622862815857,0.142502394815286,0.17295601218938828,False,6.12,2026-09-23T15:40:17
stage2_large_id_00_to_self_recorded_fan_n20_full__fold7,stage2_large_id_00_to_self_recorded_fan_n20_full,7,large,id_00,self_recorded_fan,20,full,1362112590,20,6180,2910,50760,16.600387445430165,5.594152657027097,6.58,1.0,1.0,7.027360079851844,1.0,1.0,0.75,0.8333333333333334,0.25,0.16666666666666663,0.5051171875,0.7994987468671679,0.6805859375,0.807843137254902,0.17546874999999995,0.008344390387734046,0.2732934355735779,0.04065044969320297,0.12382584065198898,0.06898688524961472,0.1472340077161789,0.26010528206825256,0.14592324197292328,0.15877539167801538,False,6.63,2026-09-23T15:40:24
stage2_large_id_00_to_self_recorded_fan_n20_full__fold8,stage2_large_id_00_to_self_recorded_fan_n20_full,8,large,id_00,self_recorded_fan,20,full,839449382,20,6180,2910,50760,15.887131474681736,5.673218987651707,5.95,1.0,1.0,7.580398340167848,1.0,1.0,0.7222222222222222,0.8148148148148148,0.2777777777777778,0.18518518518518523,0.531796875,0.7984981226533167,0.6805859375,0.807843137254902,0.1487890625,0.009345014601585322,0.2621955871582031,0.07460956275463104,0.11143342405557632,0.06533140689134598,0.18212249875068665,0.2417559176683426,0.14941285798947015,0.1630699411034584,False,6.0,2026-09-23T15:40:30
stage2_large_id_00_to_self_recorded_fan_n20_full__fold9,stage2_large_id_00_to_self_recorded_fan_n20_full,9,large,id_00,self_recorded_fan,20,full,1325512471,20,6180,2910,50760,16.441991393099126,5.193086786368458,7.18,1.0,1.0,7.460920263734151,1.0,1.0,0.763888888888889,0.8275862068965517,0.23611111111111105,0.1724137931034483,0.52359375,0.8020050125313283,0.6805859375,0.807843137254902,0.1569921875,0.005838124723573701,0.27196428179740906,0.03971847519278526,0.13404302299022675,0.07021628320217133,0.14187990128993988,0.25357040762901306,0.14857525999347368,0.1552221973737081,False,7.23,2026-09-23T15:40:37
stage2_large_id_00_to_self_recorded_fan_n40_bottleneck_only__fold0,stage2_large_id_00_to_self_recorded_fan_n40_bottleneck_only,0,large,id_00,self_recorded_fan,40,bottleneck_only,725345721,40,12360,5820,1096,27.29749870300293,19.63708520672985,9.38,0.75,0.8461538461538461,16.961335092278723,0.7857142857142857,0.9166666666666666,0.7777777777777778,0.8333333333333334,-0.02777777777777779,0.012820512820512775,0.48919921874999994,0.8005018820577164,0.6805859375,0.807843137254902,0.19138671875000002,0.007341255197185537,0.0,0.0,0.47984954714775085,0.24822933971881866,0.0,0.0,0.15994984904925028,0.08274311323960622,True,9.45,2026-09-23T15:48:56
stage2_large_id_00_to_self_recorded_fan_n40_bottleneck_only__fold1,stage2_large_id_00_to_self_recorded_fan_n40_bottleneck_only,1,large,id_00,self_recorded_fan,40,bottleneck_only,683408611,40,12360,5820,1096,26.503051974109766,19.216524782869005,9.58,0.7361111111111112,0.8333333333333334,16.628407198848677,0.8333333333333334,0.8333333333333334,0.763888888888889,0.8333333333333334,-0.02777777777777779,0.0,0.4897070312499999,0.8005018820577164,0.6805859375,0.807843137254902,0.19087890625000004,0.007341255197185537,0.0,0.0,0.4702904224395752,0.25292131304740906,0.0,0.0,0.15676347414652506,0.08430710434913635,False,9.63,2026-09-23T15:49:06
stage2_large_id_00_to_self_recorded_fan_n40_bottleneck_only__fold2,stage2_large_id_00_to_self_recorded_fan_n40_bottleneck_only,2,large,id_00,self_recorded_fan,40,bottleneck_only,1512938812,40,12360,5820,1096,27.06739243772841,19.677661109216434,9.51,0.7361111111111112,0.8571428571428571,15.04198177876045,0.75,1.0,0.763888888888889,0.8333333333333334,-0.02777777777777779,0.023809523809523725,0.48597656250000004,0.7994987468671679,0.6805859375,0.807843137254902,0.19460937499999992,0.008344390387734046,0.0,0.0,0.5045157074928284,0.26376721262931824,0.0,0.0,0.16817190249760947,0.08792240420977275,False,9.57,2026-09-23T15:49:15
stage2_large_id_00_to_self_recorded_fan_n40_bottleneck_only__fold3,stage2_large_id_00_to_self_recorded_fan_n40_bottleneck_only,3,large,id_00,self_recorded_fan,40,bottleneck_only,1475991710,40,12360,5820,1096,26.64210884841447,19.257335294153272,9.51,0.75,0.8571428571428571,15.066177255313946,0.75,1.0,0.7500000000000001,0.8333333333333334,-1.1102230246251565e-16,0.023809523809523725,0.49171875,0.8005018820577164,0.6805859375,0.807843137254902,0.18886718749999998,0.007341255197185537,0.0,0.0,0.47615548968315125,0.25583118200302124,0.0,0.0,0.15871849656105042,0.08527706066767375,False,9.56,2026-09-23T15:49:25
stage2_large_id_00_to_self_recorded_fan_n40_bottleneck_only__fold4,stage2_large_id_00_to_self_recorded_fan_n40_bottleneck_only,4,large,id_00,self_recorded_fan,40,bottleneck_only,226826452,40,12360,5820,1096,26.764420538833463,19.142341102521446,9.61,0.7777777777777778,0.8888888888888888,15.633772339569646,0.8,1.0,0.7777777777777778,0.8333333333333334,0.0,0.05555555555555547,0.48884765625,0.7994987468671679,0.6805859375,0.807843137254902,0.19173828124999998,0.008344390387734046,0.0,0.0,0.48193395137786865,0.2533820569515228,0.0,0.0,0.16064465045928955,0.08446068565050761,False,9.67,2026-09-23T15:49:34
stage2_large_id_00_to_self_recorded_fan_n40_bottleneck_only__fold5,stage2_large_id_00_to_self_recorded_fan_n40_bottleneck_only,5,large,id_00,self_recorded_fan,40,bottleneck_only,2045651828,40,12360,5820,1096,27.593803346771555,19.9169552596574,9.54,0.7083333333333334,0.8571428571428571,14.803856412190843,0.75,1.0,0.75,0.8275862068965517,-0.04166666666666663,0.029556650246305383,0.48570312499999996,0.8005018820577164,0.6805859375,0.807843137254902,0.1948828125,0.007341255197185537,0.0,0.0,0.5076221227645874,0.25898247957229614,0.0,0.0,0.16920737425486246,0.08632749319076538,False,9.59,2026-09-23T15:49:44
stage2_large_id_00_to_self_recorded_fan_n40_bottleneck_only__fold6,stage2_large_id_00_to_self_recorded_fan_n40_bottleneck_only,6,large,id_00,self_recorded_fan,40,bottleneck_only,1746331695,40,12360,5820,1096,27.501068950928364,19.87148121705989,9.09,0.7361111111111112,0.8571428571428571,15.183007440603749,0.75,1.0,0.7500000000000001,0.8333333333333334,-0.01388888888888895,0.023809523809523725,0.4883007812499999,0.8005018820577164,0.6805859375,0.807843137254902,0.19228515625000003,0.007341255197185537,0.0,0.0,0.5041283965110779,0.25525134801864624,0.0,0.0,0.16804279883702597,0.08508378267288208,False,9.14,2026-09-23T15:49:53
stage2_large_id_00_to_self_recorded_fan_n40_bottleneck_only__fold7,stage2_large_id_00_to_self_recorded_fan_n40_bottleneck_only,7,large,id_00,self_recorded_fan,40,bottleneck_only,595070580,40,12360,5820,1096,26.20181497593516,18.923394380156527,9.56,0.7361111111111112,0.8571428571428571,15.110216017825463,0.75,1.0,0.75,0.8333333333333334,-0.01388888888888884,0.023809523809523725,0.48960937499999996,0.8005018820577164,0.6805859375,0.807843137254902,0.1909765625,0.007341255197185537,0.0,0.0,0.434224396944046,0.22697632014751434,0.0,0.0,0.14474146564801535,0.07565877338250478,False,9.62,2026-09-23T15:50:03
stage2_large_id_00_to_self_recorded_fan_n40_bottleneck_only__fold8,stage2_large_id_00_to_self_recorded_fan_n40_bottleneck_only,8,large,id_00,self_recorded_fan,40,bottleneck_only,261094425,40,12360,5820,1096,26.806952496164854,19.256828003322955,9.8,0.7361111111111112,0.8571428571428571,14.484145112343526,0.75,1.0,0.7222222222222222,0.8148148148148148,0.01388888888888895,0.042328042328042326,0.49244140624999994,0.7994987468671679,0.6805859375,0.807843137254902,0.18814453125000002,0.008344390387734046,0.0,0.0,0.4839182496070862,0.254266619682312,0.0,0.0,0.16130608320236206,0.084755539894104,False,9.86,2026-09-23T15:50:13
stage2_large_id_00_to_self_recorded_fan_n40_bottleneck_only__fold9,stage2_large_id_00_to_self_recorded_fan_n40_bottleneck_only,9,large,id_00,self_recorded_fan,40,bottleneck_only,1171114868,40,12360,5820,1096,27.853614728475353,19.938858337009076,9.49,0.7638888888888888,0.88,16.220434155921975,0.8461538461538461,0.9166666666666666,0.763888888888889,0.8275862068965517,-1.1102230246251565e-16,0.05241379310344829,0.48908203124999994,0.8005018820577164,0.6805859375,0.807843137254902,0.19150390625000002,0.007341255197185537,0.0,0.0,0.49752259254455566,0.2566956877708435,0.0,0.0,0.16584086418151855,0.08556522925694783,False,9.55,2026-09-23T15:50:22
stage2_large_id_00_to_self_recorded_fan_n40_decoder_only__fold0,stage2_large_id_00_to_self_recorded_fan_n40_decoder_only,0,large,id_00,self_recorded_fan,40,decoder_only,1934826179,40,12360,5820,25536,14.721690595764475,8.219657281010422,9.92,0.9861111111111112,0.96,9.792479496001642,0.9230769230769231,1.0,0.7777777777777778,0.8333333333333334,0.20833333333333337,0.1266666666666666,0.44623046875,0.7984981226533167,0.6805859375,0.807843137254902,0.23435546874999996,0.009345014601585322,0.0,0.0,0.0,0.11112699657678604,0.3280358910560608,0.4055594801902771,0.0,0.281574122607708,True,9.99,2026-09-23T15:45:29
stage2_large_id_00_to_self_recorded_fan_n40_decoder_only__fold1,stage2_large_id_00_to_self_recorded_fan_n40_decoder_only,1,large,id_00,self_recorded_fan,40,decoder_only,1559971884,40,12360,5820,25536,14.560816391227172,7.846733530772101,10.15,0.8055555555555556,0.8333333333333334,8.926708403927236,0.8333333333333334,0.8333333333333334,0.763888888888889,0.8333333333333334,0.04166666666666663,0.0,0.4541015625,0.7984981226533167,0.6805859375,0.807843137254902,0.22648437499999996,0.009345014601585322,0.0,0.0,0.0,0.10468842834234238,0.43283018469810486,0.3983084261417389,0.0,0.31194234639406204,False,10.21,2026-09-23T15:45:39
stage2_large_id_00_to_self_recorded_fan_n40_decoder_only__fold2,stage2_large_id_00_to_self_recorded_fan_n40_decoder_only,2,large,id_00,self_recorded_fan,40,decoder_only,654008631,40,12360,5820,25536,15.089992169252376,8.165254420840864,9.52,0.8055555555555556,0.8461538461538461,8.183135728698797,0.7857142857142857,0.9166666666666666,0.763888888888889,0.8333333333333334,0.04166666666666663,0.012820512820512775,0.44828124999999996,0.7984981226533167,0.6805859375,0.807843137254902,0.2323046875,0.009345014601585322,0.0,0.0,0.0,0.11605747044086456,0.36602023243904114,0.40404021739959717,0.0,0.2953726400931676,False,9.57,2026-09-23T15:45:49
stage2_large_id_00_to_self_recorded_fan_n40_decoder_only__fold3,stage2_large_id_00_to_self_recorded_fan_n40_decoder_only,3,large,id_00,self_recorded_fan,40,decoder_only,1741444990,40,12360,5820,25536,14.746237985866586,8.141044358617252,9.71,0.9027777777777778,0.9166666666666666,8.56480219015441,0.9166666666666666,0.9166666666666666,0.7500000000000001,0.8333333333333334,0.15277777777777768,0.08333333333333326,0.45917968750000004,0.7984981226533167,0.6805859375,0.807843137254902,0.22140624999999992,0.009345014601585322,0.0,0.0,0.0,0.09984566271305084,0.42850127816200256,0.3982193171977997,0.0,0.3088554193576177,False,9.77,2026-09-23T15:45:59
stage2_large_id_00_to_self_recorded_fan_n40_decoder_only__fold4,stage2_large_id_00_to_self_recorded_fan_n40_decoder_only,4,large,id_00,self_recorded_fan,40,decoder_only,2002185796,40,12360,5820,25536,14.701175335756282,8.25158468472589,9.89,0.9305555555555556,0.9166666666666666,8.893094354291392,0.9166666666666666,0.9166666666666666,0.7777777777777778,0.8333333333333334,0.1527777777777778,0.08333333333333326,0.4462499999999999,0.7984981226533167,0.6805859375,0.807843137254902,0.23433593750000004,0.009345014601585322,0.0,0.0,0.0,0.11056165397167206,0.3666168749332428,0.391056627035141,0.0,0.2894117186466853,False,9.94,2026-09-23T15:46:09
stage2_large_id_00_to_self_recorded_fan_n40_decoder_only__fold5,stage2_large_id_00_to_self_recorded_fan_n40_decoder_only,5,large,id_00,self_recorded_fan,40,decoder_only,155597114,40,12360,5820,25536,15.215384040911173,8.193902900538493,9.6,0.8611111111111112,0.8888888888888888,7.3249568078930745,0.8,1.0,0.75,0.8275862068965517,0.11111111111111116,0.06130268199233713,0.44931640625,0.7984981226533167,0.6805859375,0.807843137254902,0.23126953124999994,0.009345014601585322,0.0,0.0,0.0,0.12053540349006653,0.3566257059574127,0.4125427305698395,0.0,0.2965679466724396,False,9.66,2026-09-23T15:46:18
stage2_large_id_00_to_self_recorded_fan_n40_decoder_only__fold6,stage2_large_id_00_to_self_recorded_fan_n40_decoder_only,6,large,id_00,self_recorded_fan,40,decoder_only,1264027637,40,12360,5820,25536,15.130421122324835,8.179072483298706,9.39,0.9305555555555556,0.9230769230769231,7.840630434878065,0.8571428571428571,1.0,0.7500000000000001,0.8333333333333334,0.18055555555555547,0.08974358974358976,0.44414062499999996,0.7984981226533167,0.6805859375,0.807843137254902,0.2364453125,0.009345014601585322,0.0,0.0,0.0,0.11547203361988068,0.3958524465560913,0.42238137125968933,0.0,0.3112352838118871,False,9.45,2026-09-23T15:46:28
stage2_large_id_00_to_self_recorded_fan_n40_decoder_only__fold7,stage2_large_id_00_to_self_recorded_fan_n40_decoder_only,7,large,id_00,self_recorded_fan,40,decoder_only,1710973557,40,12360,5820,25536,14.04946555304773,8.232264454831782,10.04,0.875,0.8888888888888888,7.392569980760794,0.8,1.0,0.75,0.8333333333333334,0.125,0.05555555555555547,0.4540234375,0.7989949748743719,0.6805859375,0.807843137254902,0.22656249999999994,0.0088481623805301,0.0,0.0,0.0,0.0909430980682373,0.3631700575351715,0.3902945816516876,0.0,0.2814692457516988,False,10.09,2026-09-23T15:46:38
stage2_large_id_00_to_self_recorded_fan_n40_decoder_only__fold8,stage2_large_id_00_to_self_recorded_fan_n40_decoder_only,8,large,id_00,self_recorded_fan,40,decoder_only,838341975,40,12360,5820,25536,14.687993442889342,8.28717256821308,9.96,0.9027777777777779,0.9230769230769231,8.041498338504887,0.8571428571428571,1.0,0.7222222222222222,0.8148148148148148,0.1805555555555557,0.10826210826210836,0.44806640624999994,0.7984981226533167,0.6805859375,0.807843137254902,0.23251953125000002,0.009345014601585322,0.0,0.0,0.0,0.10975196212530136,0.35553961992263794,0.39393511414527893,0.0,0.2864088987310727,False,10.02,2026-09-23T15:46:48
stage2_large_id_00_to_self_recorded_fan_n40_decoder_only__fold9,stage2_large_id_00_to_self_recorded_fan_n40_decoder_only,9,large,id_00,self_recorded_fan,40,decoder_only,499242969,40,12360,5820,25536,15.213200775618406,8.224243159146653,9.34,0.9722222222222223,0.9565217391304348,8.54689981402237,1.0,0.9166666666666666,0.763888888888889,0.8275862068965517,0.20833333333333337,0.1289355322338831,0.44576171875000004,0.7984981226533167,0.6805859375,0.807843137254902,0.23482421874999992,0.009345014601585322,0.0,0.0,0.0,0.11356671899557114,0.37779590487480164,0.40841665863990784,0.0,0.29992642750342685,False,9.4,2026-09-23T15:46:57
stage2_large_id_00_to_self_recorded_fan_n40_encoder_only__fold0,stage2_large_id_00_to_self_recorded_fan_n40_encoder_only,0,large,id_00,self_recorded_fan,40,encoder_only,1397380372,40,12360,5820,25224,30.762866403638704,30.633629877542713,10.99,0.7777777777777778,0.8333333333333334,28.665008699404936,0.8333333333333334,0.8333333333333334,0.7777777777777778,0.8333333333333334,0.0,0.0,0.67509765625,0.824468085106383,0.6805859375,0.807843137254902,0.0054882812500000044,-0.016624947851481053,0.11410287022590637,0.06277474761009216,0.11049620807170868,0.0,0.0,0.0,0.09579127530256908,0.0,True,11.05,2026-09-23T15:47:08
stage2_large_id_00_to_self_recorded_fan_n40_encoder_only__fold1,stage2_large_id_00_to_self_recorded_fan_n40_encoder_only,1,large,id_00,self_recorded_fan,40,encoder_only,1764875492,40,12360,5820,25224,29.937165692909478,29.777486073602105,10.98,0.763888888888889,0.8333333333333334,28.0761858035368,0.8333333333333334,0.8333333333333334,0.763888888888889,0.8333333333333334,0.0,0.0,0.6851171875,0.8183006535947712,0.6805859375,0.807843137254902,-0.004531249999999987,-0.010457516339869244,0.09233821928501129,0.03322385624051094,0.11234939843416214,0.0,0.0,0.0,0.07930382465322812,0.0,False,11.04,2026-09-23T15:47:19
stage2_large_id_00_to_self_recorded_fan_n40_encoder_only__fold2,stage2_large_id_00_to_self_recorded_fan_n40_encoder_only,2,large,id_00,self_recorded_fan,40,encoder_only,705969004,40,12360,5820,25224,30.425065453519526,30.299024247631586,10.78,0.763888888888889,0.8333333333333334,29.885289391778947,0.8333333333333334,0.8333333333333334,0.763888888888889,0.8333333333333334,0.0,0.0,0.6702929687500001,0.8100558659217877,0.6805859375,0.807843137254902,0.010292968749999853,-0.0022127286668857105,0.11249862611293793,0.05595476180315018,0.11191815137863159,0.0,0.0,0.0,0.09345717976490657,0.0,False,10.83,2026-09-23T15:47:30
stage2_large_id_00_to_self_recorded_fan_n40_encoder_only__fold3,stage2_large_id_00_to_self_recorded_fan_n40_encoder_only,3,large,id_00,self_recorded_fan,40,encoder_only,1726363450,40,12360,5820,25224,30.016124961302452,29.875347019470844,11.4,0.763888888888889,0.8333333333333334,29.713234409995124,0.8333333333333334,0.8333333333333334,0.7500000000000001,0.8333333333333334,0.01388888888888884,0.0,0.67767578125,0.8269230769230769,0.6805859375,0.807843137254902,0.0029101562499999067,-0.019079939668174895,0.1131589412689209,0.0621618777513504,0.10682236403226852,0.0,0.0,0.0,0.09404772768417995,0.0,False,11.45,2026-09-23T15:47:42
stage2_large_id_00_to_self_recorded_fan_n40_encoder_only__fold4,stage2_large_id_00_to_self_recorded_fan_n40_encoder_only,4,large,id_00,self_recorded_fan,40,encoder_only,59592928,40,12360,5820,25224,30.232358657207687,30.099917283992177,10.4,0.7777777777777778,0.8333333333333334,29.796545654713032,0.8333333333333334,0.8333333333333334,0.7777777777777778,0.8333333333333334,0.0,0.0,0.6980078125,0.8214765100671141,0.6805859375,0.807843137254902,-0.01742187500000003,-0.013633372812212108,0.09246161580085754,0.043411217629909515,0.11213087290525436,0.0,0.0,0.0,0.08266790211200714,0.0,False,10.46,2026-09-23T15:47:52
stage2_large_id_00_to_self_recorded_fan_n40_encoder_only__fold5,stage2_large_id_00_to_self_recorded_fan_n40_encoder_only,5,large,id_00,self_recorded_fan,40,encoder_only,823035352,40,12360,5820,25224,31.060651307253494,30.91519286952068,10.66,0.75,0.8275862068965517,20.431030813544314,0.7058823529411765,1.0,0.75,0.8275862068965517,0.0,0.0,0.65890625,0.8146143437077131,0.6805859375,0.807843137254902,0.021679687499999933,-0.0067712064528111515,0.10376829653978348,0.05246778577566147,0.1167425662279129,0.0,0.0,0.0,0.09099288284778595,0.0,False,10.71,2026-09-23T15:48:03
stage2_large_id_00_to_self_recorded_fan_n40_encoder_only__fold6,stage2_large_id_00_to_self_recorded_fan_n40_encoder_only,6,large,id_00,self_recorded_fan,40,encoder_only,1203440836,40,12360,5820,25224,30.90931617107588,30.79582012805742,10.86,0.7500000000000001,0.8333333333333334,29.914708607489324,0.8333333333333334,0.8333333333333334,0.7500000000000001,0.8333333333333334,0.0,0.0,0.6888867187500001,0.8075949367088607,0.6805859375,0.807843137254902,-0.008300781250000111,0.000248200546041244,0.10080970078706741,0.04682362452149391,0.11153616011142731,0.0,0.0,0.0,0.08638982847332954,0.0,False,10.92,2026-09-23T15:48:14
stage2_large_id_00_to_self_recorded_fan_n40_encoder_only__fold7,stage2_large_id_00_to_self_recorded_fan_n40_encoder_only,7,large,id_00,self_recorded_fan,40,encoder_only,1981284126,40,12360,5820,25224,29.67421469737574,29.568316194200023,10.8,0.763888888888889,0.8333333333333334,27.274411095513237,0.8333333333333334,0.8333333333333334,0.75,0.8333333333333334,0.01388888888888895,0.0,0.67138671875,0.8201058201058201,0.6805859375,0.807843137254902,0.00919921874999996,-0.012262682850918138,0.10633093118667603,0.06580255180597305,0.09853716194629669,0.0,0.0,0.0,0.09022354831298192,0.0,False,10.85,2026-09-23T15:48:25
stage2_large_id_00_to_self_recorded_fan_n40_encoder_only__fold8,stage2_large_id_00_to_self_recorded_fan_n40_encoder_only,8,large,id_00,self_recorded_fan,40,encoder_only,2026345342,40,12360,5820,25224,30.275255557188054,30.13410992966485,11.1,0.7222222222222222,0.8148148148148148,21.0687477592832,0.7333333333333333,0.9166666666666666,0.7222222222222222,0.8148148148148148,0.0,0.0,0.68890625,0.8217270194986073,0.6805859375,0.807843137254902,-0.008320312500000093,-0.013883882243705292,0.11336791515350342,0.05478556826710701,0.10928953438997269,0.0,0.0,0.0,0.09248100593686104,0.0,False,11.17,2026-09-23T15:48:36
stage2_large_id_00_to_self_recorded_fan_n40_encoder_only__fold9,stage2_large_id_00_to_self_recorded_fan_n40_encoder_only,9,large,id_00,self_recorded_fan,40,encoder_only,475823580,40,12360,5820,25224,31.33404183141964,31.17329362495658,10.53,0.763888888888889,0.8275862068965517,18.031839673187356,0.7058823529411765,1.0,0.763888888888889,0.8275862068965517,0.0,0.0,0.6580859375,0.8156862745098039,0.6805859375,0.807843137254902,0.022499999999999964,-0.007843137254901933,0.10171869397163391,0.051820095628499985,0.11197779327630997,0.0,0.0,0.0,0.08850552762548129,0.0,False,10.6,2026-09-23T15:48:46
stage2_large_id_00_to_self_recorded_fan_n40_full__fold0,stage2_large_id_00_to_self_recorded_fan_n40_full,0,large,id_00,self_recorded_fan,40,full,643597194,40,12360,5820,50760,14.532172999431177,5.032993124932358,12.71,1.0,1.0,8.365350108476292,1.0,1.0,0.7777777777777778,0.8333333333333334,0.2222222222222222,0.16666666666666663,0.499296875,0.7984981226533167,0.6805859375,0.807843137254902,0.1812890625,0.009345014601585322,0.33831125497817993,0.05418526008725166,0.15172958374023438,0.10912167280912399,0.21785832941532135,0.28606903553009033,0.18140869960188866,0.2043496792515119,True,12.77,2026-09-23T15:43:25
stage2_large_id_00_to_self_recorded_fan_n40_full__fold1,stage2_large_id_00_to_self_recorded_fan_n40_full,1,large,id_00,self_recorded_fan,40,full,485524332,40,12360,5820,50760,14.293081322896112,5.241081080485865,13.23,1.0,1.0,7.097021819579824,1.0,1.0,0.763888888888889,0.8333333333333334,0.23611111111111105,0.16666666666666663,0.51197265625,0.7989949748743719,0.6805859375,0.807843137254902,0.16861328124999997,0.0088481623805301,0.36774933338165283,0.052424896508455276,0.12344102561473846,0.08637009561061859,0.2063201665878296,0.2910768985748291,0.18120508516828218,0.19458905359109244,False,13.29,2026-09-23T15:43:38
stage2_large_id_00_to_self_recorded_fan_n40_full__fold2,stage2_large_id_00_to_self_recorded_fan_n40_full,2,large,id_00,self_recorded_fan,40,full,1664256409,40,12360,5820,50760,14.919663212962986,5.3178249265729765,12.92,1.0,1.0,5.957578416069794,1.0,1.0,0.763888888888889,0.8333333333333334,0.23611111111111105,0.16666666666666663,0.5252148437499999,0.8015075376884422,0.6805859375,0.807843137254902,0.15537109375000002,0.006335599566459793,0.34501954913139343,0.0625520646572113,0.13036444783210754,0.08792618662118912,0.19109053909778595,0.2822438180446625,0.17931202054023743,0.18708684792121252,False,12.99,2026-09-23T15:43:51
stage2_large_id_00_to_self_recorded_fan_n40_full__fold3,stage2_large_id_00_to_self_recorded_fan_n40_full,3,large,id_00,self_recorded_fan,40,full,1486491000,40,12360,5820,50760,14.51098163840697,5.282718041508468,12.51,1.0,1.0,6.396519500681719,1.0,1.0,0.7500000000000001,0.8333333333333334,0.2499999999999999,0.16666666666666663,0.5229101562499999,0.8015075376884422,0.6805859375,0.807843137254902,0.15767578125000004,0.006335599566459793,0.338926762342453,0.09678149223327637,0.1621013581752777,0.09328712522983551,0.23025445640087128,0.2862618565559387,0.19926987091700235,0.20326781272888184,False,12.56,2026-09-23T15:44:04
stage2_large_id_00_to_self_recorded_fan_n40_full__fold4,stage2_large_id_00_to_self_recorded_fan_n40_full,4,large,id_00,self_recorded_fan,40,full,64996269,40,12360,5820,50760,14.299277949578983,5.185372930212119,12.48,1.0,1.0,6.487839318893981,1.0,1.0,0.7777777777777778,0.8333333333333334,0.2222222222222222,0.16666666666666663,0.45353515624999996,0.7984981226533167,0.6805859375,0.807843137254902,0.22705078125,0.009345014601585322,0.3993988633155823,0.08812937140464783,0.1504725217819214,0.06093166768550873,0.18704083561897278,0.28276127576828003,0.2126669188340505,0.1769112596909205,False,12.54,2026-09-23T15:44:16
stage2_large_id_00_to_self_recorded_fan_n40_full__fold5,stage2_large_id_00_to_self_recorded_fan_n40_full,5,large,id_00,self_recorded_fan,40,full,468334988,40,12360,5820,50760,14.957943990058507,5.263903664559433,12.08,1.0,1.0,7.1418665747924255,1.0,1.0,0.75,0.8275862068965517,0.25,0.1724137931034483,0.5388085937499999,0.7984981226533167,0.6805859375,0.807843137254902,0.14177734375000006,0.009345014601585322,0.36319050192832947,0.0547536164522171,0.12048587203025818,0.08844061940908432,0.19794097542762756,0.2876800000667572,0.17947666347026825,0.19135386496782303,False,12.14,2026-09-23T15:44:28
stage2_large_id_00_to_self_recorded_fan_n40_full__fold6,stage2_large_id_00_to_self_recorded_fan_n40_full,6,large,id_00,self_recorded_fan,40,full,564304051,40,12360,5820,50760,14.887168009256579,5.316519122762778,12.28,1.0,1.0,6.062457657552072,1.0,1.0,0.7500000000000001,0.8333333333333334,0.2499999999999999,0.16666666666666663,0.53083984375,0.7994987468671679,0.6805859375,0.807843137254902,0.14974609374999992,0.008344390387734046,0.3639722168445587,0.05545417219400406,0.1206512600183487,0.08521037548780441,0.198277086019516,0.2851971685886383,0.1800258830189705,0.18956154336531958,False,12.34,2026-09-23T15:44:41
stage2_large_id_00_to_self_recorded_fan_n40_full__fold7,stage2_large_id_00_to_self_recorded_fan_n40_full,7,large,id_00,self_recorded_fan,40,full,1180225121,40,12360,5820,50760,13.798202750609093,5.246364155995477,12.9,1.0,1.0,5.959668149408739,1.0,1.0,0.75,0.8333333333333334,0.25,0.16666666666666663,0.5326171875000001,0.7984981226533167,0.6805859375,0.807843137254902,0.14796874999999987,0.009345014601585322,0.3742254376411438,0.05254301801323891,0.10052623599767685,0.07976129651069641,0.19441474974155426,0.30244603753089905,0.1757648972173532,0.1922073612610499,False,12.95,2026-09-23T15:44:54
stage2_large_id_00_to_self_recorded_fan_n40_full__fold8,stage2_large_id_00_to_self_recorded_fan_n40_full,8,large,id_00,self_recorded_fan,40,full,1215588000,40,12360,5820,50760,14.473320503824764,5.156864434173427,12.87,1.0,1.0,5.537793876235105,1.0,1.0,0.7222222222222222,0.8148148148148148,0.2777777777777778,0.18518518518518523,0.47152343750000003,0.7984981226533167,0.6805859375,0.807843137254902,0.20906249999999993,0.009345014601585322,0.37073129415512085,0.06623952090740204,0.10702765733003616,0.11012402176856995,0.22815777361392975,0.3054999113082886,0.18133282413085303,0.21459390223026276,False,12.93,2026-09-23T15:45:07
stage2_large_id_00_to_self_recorded_fan_n40_full__fold9,stage2_large_id_00_to_self_recorded_fan_n40_full,9,large,id_00,self_recorded_fan,40,full,609535791,40,12360,5820,50760,15.021949492778974,5.096624684088009,12.54,1.0,1.0,6.131562030382864,1.0,1.0,0.763888888888889,0.8275862068965517,0.23611111111111105,0.1724137931034483,0.5416992187499999,0.8,0.6805859375,0.807843137254902,0.13888671875000003,0.007843137254901933,0.3272738456726074,0.04107557609677315,0.16668130457401276,0.09863027930259705,0.20449598133563995,0.2860977053642273,0.17834357544779778,0.1964079886674881,False,12.6,2026-09-23T15:45:19
stage2_large_id_00_to_self_recorded_fan_n5_bottleneck_only__fold0,stage2_large_id_00_to_self_recorded_fan_n5_bottleneck_only,0,large,id_00,self_recorded_fan,5,bottleneck_only,1524488877,5,1545,750,1096,37.229008483886716,26.466498184204102,1.22,0.7361111111111112,0.8333333333333334,18.767991690667795,0.8333333333333334,0.8333333333333334,0.7777777777777778,0.8333333333333334,-0.04166666666666663,0.0,0.44244140625,0.7984981226533167,0.6805859375,0.807843137254902,0.23814453124999996,0.009345014601585322,0.0,0.0,0.10434125363826752,0.10646214336156845,0.0,0.0,0.03478041787942251,0.03548738112052282,True,1.28,2026-09-23T15:37:28
stage2_large_id_00_to_self_recorded_fan_n5_bottleneck_only__fold1,stage2_large_id_00_to_self_recorded_fan_n5_bottleneck_only,1,large,id_00,self_recorded_fan,5,bottleneck_only,1888516680,5,1545,750,1096,25.668902816772462,18.28341423034668,1.23,0.736111111111111,0.8275862068965517,14.52479112186864,0.7058823529411765,1.0,0.763888888888889,0.8333333333333334,-0.0277777777777779,-0.005747126436781658,0.44724609375,0.7984981226533167,0.6805859375,0.807843137254902,0.23333984374999994,0.009345014601585322,0.0,0.0,0.08892799913883209,0.09916720539331436,0.0,0.0,0.0296426663796107,0.03305573513110479,False,1.27,2026-09-23T15:37:29
stage2_large_id_00_to_self_recorded_fan_n5_bottleneck_only__fold2,stage2_large_id_00_to_self_recorded_fan_n5_bottleneck_only,2,large,id_00,self_recorded_fan,5,bottleneck_only,636723441,5,1545,750,1096,34.65722915649414,25.66611671447754,1.19,0.7361111111111112,0.8571428571428571,16.18044368260181,0.75,1.0,0.763888888888889,0.8333333333333334,-0.02777777777777779,0.023809523809523725,0.44875000000000004,0.7984981226533167,0.6805859375,0.807843137254902,0.23183593749999992,0.009345014601585322,0.0,0.0,0.09905727207660675,0.0987229272723198,0.0,0.0,0.03301909069220225,0.0329076424241066,False,1.24,2026-09-23T15:37:31
stage2_large_id_00_to_self_recorded_fan_n5_bottleneck_only__fold3,stage2_large_id_00_to_self_recorded_fan_n5_bottleneck_only,3,large,id_00,self_recorded_fan,5,bottleneck_only,478056455,5,1545,750,1096,29.944402084350585,21.26997817993164,1.18,0.75,0.8571428571428571,16.235033874814235,0.75,1.0,0.7500000000000001,0.8333333333333334,-1.1102230246251565e-16,0.023809523809523725,0.44132812499999996,0.7984981226533167,0.6805859375,0.807843137254902,0.2392578125,0.009345014601585322,0.0,0.0,0.08678620308637619,0.09691271185874939,0.0,0.0,0.028928734362125397,0.032304237286249794,False,1.22,2026-09-23T15:37:32
stage2_large_id_00_to_self_recorded_fan_n5_bottleneck_only__fold4,stage2_large_id_00_to_self_recorded_fan_n5_bottleneck_only,4,large,id_00,self_recorded_fan,5,bottleneck_only,270787659,5,1545,750,1096,26.541128311157227,19.029160957336426,1.24,0.7777777777777778,0.8571428571428571,15.886325442547038,0.75,1.0,0.7777777777777778,0.8333333333333334,0.0,0.023809523809523725,0.44607421875000003,0.7984981226533167,0.6805859375,0.807843137254902,0.23451171874999993,0.009345014601585322,0.0,0.0,0.08127515763044357,0.0965857282280922,0.0,0.0,0.027091719210147858,0.032195242742697396,False,1.28,2026-09-23T15:37:33
stage2_large_id_00_to_self_recorded_fan_n5_bottleneck_only__fold5,stage2_large_id_00_to_self_recorded_fan_n5_bottleneck_only,5,large,id_00,self_recorded_fan,5,bottleneck_only,464161208,5,1545,750,1096,30.939286346435548,21.58034729003906,1.29,0.7222222222222222,0.8275862068965517,14.69881920984262,0.7058823529411765,1.0,0.75,0.8275862068965517,-0.02777777777777779,0.0,0.43791015625,0.7984981226533167,0.6805859375,0.807843137254902,0.24267578124999994,0.009345014601585322,0.0,0.0,0.08151935040950775,0.10470254719257355,0.0,0.0,0.02717311680316925,0.034900849064191185,False,1.34,2026-09-23T15:37:34
stage2_large_id_00_to_self_recorded_fan_n5_bottleneck_only__fold6,stage2_large_id_00_to_self_recorded_fan_n5_bottleneck_only,6,large,id_00,self_recorded_fan,5,bottleneck_only,410956358,5,1545,750,1096,34.446004486083986,24.628400955200195,1.33,0.7361111111111112,0.8571428571428571,16.6471065940276,0.75,1.0,0.7500000000000001,0.8333333333333334,-0.01388888888888895,0.023809523809523725,0.4390625,0.7984981226533167,0.6805859375,0.807843137254902,0.24152343749999994,0.009345014601585322,0.0,0.0,0.09777744114398956,0.10530581325292587,0.0,0.0,0.03259248038132986,0.03510193775097529,False,1.38,2026-09-23T15:37:36
stage2_large_id_00_to_self_recorded_fan_n5_bottleneck_only__fold7,stage2_large_id_00_to_self_recorded_fan_n5_bottleneck_only,7,large,id_00,self_recorded_fan,5,bottleneck_only,1914555946,5,1545,750,1096,36.72906204223633,25.055442657470703,1.47,0.7638888888888888,0.8888888888888888,18.865752129806985,0.8,1.0,0.75,0.8333333333333334,0.01388888888888884,0.05555555555555547,0.4434375,0.7984981226533167,0.6805859375,0.807843137254902,0.23714843749999998,0.009345014601585322,0.0,0.0,0.09169606864452362,0.11381420493125916,0.0,0.0,0.030565356214841206,0.037938068310419716,False,1.53,2026-09-23T15:37:37
stage2_large_id_00_to_self_recorded_fan_n5_bottleneck_only__fold8,stage2_large_id_00_to_self_recorded_fan_n5_bottleneck_only,8,large,id_00,self_recorded_fan,5,bottleneck_only,1170451498,5,1545,750,1096,25.011294860839843,16.874303283691408,1.28,0.7222222222222223,0.8571428571428571,15.676821364626601,0.75,1.0,0.7222222222222222,0.8148148148148148,1.1102230246251565e-16,0.042328042328042326,0.4438476562499999,0.7984981226533167,0.6805859375,0.807843137254902,0.23673828125000007,0.009345014601585322,0.0,0.0,0.08711761981248856,0.09410800784826279,0.0,0.0,0.029039206604162853,0.03136933594942093,False,1.34,2026-09-23T15:37:39
stage2_large_id_00_to_self_recorded_fan_n5_bottleneck_only__fold9,stage2_large_id_00_to_self_recorded_fan_n5_bottleneck_only,9,large,id_00,self_recorded_fan,5,bottleneck_only,1757889711,5,1545,750,1096,37.08986358642578,26.501913986206056,1.21,0.763888888888889,0.8333333333333334,18.427258405423412,0.8333333333333334,0.8333333333333334,0.763888888888889,0.8275862068965517,0.0,0.005747126436781658,0.435078125,0.7984981226533167,0.6805859375,0.807843137254902,0.24550781249999998,0.009345014601585322,0.0,0.0,0.09984061121940613,0.09927655756473541,0.0,0.0,0.03328020373980204,0.033092185854911804,False,1.28,2026-09-23T15:37:40
stage2_large_id_00_to_self_recorded_fan_n5_decoder_only__fold0,stage2_large_id_00_to_self_recorded_fan_n5_decoder_only,0,large,id_00,self_recorded_fan,5,decoder_only,1261914056,5,1545,750,25536,30.52839225769043,10.832350769042968,1.25,0.5416666666666667,0.8275862068965517,6.0311341000220535,0.7058823529411765,1.0,0.7777777777777778,0.8333333333333334,-0.23611111111111105,-0.005747126436781658,0.480546875,0.8010012515644556,0.6805859375,0.807843137254902,0.20003906249999998,0.006841885690446414,0.0,0.0,0.0,0.04104816913604736,0.06698071211576462,0.11064721643924713,0.0,0.07289203256368637,True,1.3,2026-09-23T15:36:59
stage2_large_id_00_to_self_recorded_fan_n5_decoder_only__fold1,stage2_large_id_00_to_self_recorded_fan_n5_decoder_only,1,large,id_00,self_recorded_fan,5,decoder_only,1244447143,5,1545,750,25536,20.598148307800294,9.126065711975098,1.2,0.7083333333333333,0.8571428571428571,9.213431533309459,0.75,1.0,0.763888888888889,0.8333333333333334,-0.05555555555555569,0.023809523809523725,0.5358203125,0.7994987468671679,0.6805859375,0.807843137254902,0.144765625,0.008344390387734046,0.0,0.0,0.0,0.04070437327027321,0.0812971442937851,0.10375407338142395,0.0,0.07525186364849408,False,1.25,2026-09-23T15:37:01
stage2_large_id_00_to_self_recorded_fan_n5_decoder_only__fold2,stage2_large_id_00_to_self_recorded_fan_n5_decoder_only,2,large,id_00,self_recorded_fan,5,decoder_only,299930604,5,1545,750,25536,28.40496078491211,10.177074928283691,1.2,0.6111111111111112,0.8275862068965517,5.9768418108375325,0.7058823529411765,1.0,0.763888888888889,0.8333333333333334,-0.1527777777777778,-0.005747126436781658,0.5123046874999999,0.7984981226533167,0.6805859375,0.807843137254902,0.16828125000000005,0.009345014601585322,0.0,0.0,0.0,0.05694476515054703,0.11195798218250275,0.13012582063674927,0.0,0.09967618932326634,False,1.25,2026-09-23T15:37:02
stage2_large_id_00_to_self_recorded_fan_n5_decoder_only__fold3,stage2_large_id_00_to_self_recorded_fan_n5_decoder_only,3,large,id_00,self_recorded_fan,5,decoder_only,907340401,5,1545,750,25536,23.774568405151367,11.480937309265137,1.21,0.7361111111111112,0.8695652173913043,10.841084390896537,0.9090909090909091,0.8333333333333334,0.7500000000000001,0.8333333333333334,-0.01388888888888895,0.03623188405797095,0.5370312500000001,0.8,0.6805859375,0.807843137254902,0.1435546874999999,0.007843137254901933,0.0,0.0,0.0,0.037883397191762924,0.07438705116510391,0.10234347730875015,0.0,0.07153797522187233,False,1.25,2026-09-23T15:37:03
stage2_large_id_00_to_self_recorded_fan_n5_decoder_only__fold4,stage2_large_id_00_to_self_recorded_fan_n5_decoder_only,4,large,id_00,self_recorded_fan,5,decoder_only,2007806745,5,1545,750,25536,21.53868396759033,9.98139617919922,1.42,0.7361111111111112,0.8888888888888888,8.828211527842564,0.8,1.0,0.7777777777777778,0.8333333333333334,-0.04166666666666663,0.05555555555555547,0.5243359375,0.7984981226533167,0.6805859375,0.807843137254902,0.15625,0.009345014601585322,0.0,0.0,0.0,0.04401430860161781,0.07982936501502991,0.10456358641386032,0.0,0.07613575334350269,False,1.46,2026-09-23T15:37:05
stage2_large_id_00_to_self_recorded_fan_n5_decoder_only__fold5,stage2_large_id_00_to_self_recorded_fan_n5_decoder_only,5,large,id_00,self_recorded_fan,5,decoder_only,1845893078,5,1545,750,25536,25.018144760131836,9.494150428771972,1.31,0.6111111111111112,0.8275862068965517,6.6084502846677715,0.7058823529411765,1.0,0.75,0.8275862068965517,-0.13888888888888884,0.0,0.4978125,0.8010012515644556,0.6805859375,0.807843137254902,0.18277343749999997,0.006841885690446414,0.0,0.0,0.0,0.04315964877605438,0.07524216175079346,0.10288149863481522,0.0,0.07376110305388768,False,1.36,2026-09-23T15:37:06
stage2_large_id_00_to_self_recorded_fan_n5_decoder_only__fold6,stage2_large_id_00_to_self_recorded_fan_n5_decoder_only,6,large,id_00,self_recorded_fan,5,decoder_only,1293137350,5,1545,750,25536,28.15001205444336,10.537055740356445,1.39,0.7916666666666667,0.8888888888888888,9.5945894831822,0.8,1.0,0.7500000000000001,0.8333333333333334,0.04166666666666663,0.05555555555555547,0.51611328125,0.7984981226533167,0.6805859375,0.807843137254902,0.16447265624999996,0.009345014601585322,0.0,0.0,0.0,0.050577402114868164,0.1058884710073471,0.12017582356929779,0.0,0.09221389889717102,False,1.45,2026-09-23T15:37:08
stage2_large_id_00_to_self_recorded_fan_n5_decoder_only__fold7,stage2_large_id_00_to_self_recorded_fan_n5_decoder_only,7,large,id_00,self_recorded_fan,5,decoder_only,64569739,5,1545,750,25536,30.073322296142578,8.988326263427734,1.39,0.5277777777777778,0.8275862068965517,6.7502674099696875,0.7058823529411765,1.0,0.75,0.8333333333333334,-0.2222222222222222,-0.005747126436781658,0.46296875000000004,0.7994987468671679,0.6805859375,0.807843137254902,0.21761718749999992,0.008344390387734046,0.0,0.0,0.0,0.03748014196753502,0.07166582345962524,0.10632074624300003,0.0,0.07182223722338676,False,1.48,2026-09-23T15:37:09
stage2_large_id_00_to_self_recorded_fan_n5_decoder_only__fold8,stage2_large_id_00_to_self_recorded_fan_n5_decoder_only,8,large,id_00,self_recorded_fan,5,decoder_only,296345553,5,1545,750,25536,18.800461349487303,8.075754203796386,1.46,0.8194444444444444,0.8888888888888888,9.023304481809667,0.8,1.0,0.7222222222222222,0.8148148148148148,0.09722222222222221,0.07407407407407407,0.5065625,0.7994987468671679,0.6805859375,0.807843137254902,0.17402343749999993,0.008344390387734046,0.0,0.0,0.0,0.031440816819667816,0.07287618517875671,0.10278814285993576,0.0,0.0690350482861201,False,1.51,2026-09-23T15:37:11
stage2_large_id_00_to_self_recorded_fan_n5_decoder_only__fold9,stage2_large_id_00_to_self_recorded_fan_n5_decoder_only,9,large,id_00,self_recorded_fan,5,decoder_only,1085637817,5,1545,750,25536,29.765300979614256,12.191595764160157,1.22,0.7222222222222223,0.8275862068965517,7.84464750166464,0.7058823529411765,1.0,0.763888888888889,0.8275862068965517,-0.04166666666666663,0.0,0.485078125,0.8010012515644556,0.6805859375,0.807843137254902,0.19550781249999993,0.006841885690446414,0.0,0.0,0.0,0.03312162309885025,0.05809224769473076,0.09748955816030502,0.0,0.06290114298462868,False,1.27,2026-09-23T15:37:12
stage2_large_id_00_to_self_recorded_fan_n5_encoder_only__fold0,stage2_large_id_00_to_self_recorded_fan_n5_encoder_only,0,large,id_00,self_recorded_fan,5,encoder_only,1880222834,5,1545,750,25224,37.816033630371095,37.718531646728515,1.41,0.7777777777777778,0.8333333333333334,28.768377321649737,0.8333333333333334,0.8333333333333334,0.7777777777777778,0.8333333333333334,0.0,0.0,0.67390625,0.8131578947368421,0.6805859375,0.807843137254902,0.00667968749999992,-0.005314757481940102,0.048881370574235916,0.020597537979483604,0.04384904354810715,0.0,0.0,0.0,0.03777598403394222,0.0,True,1.46,2026-09-23T15:37:13
stage2_large_id_00_to_self_recorded_fan_n5_encoder_only__fold1,stage2_large_id_00_to_self_recorded_fan_n5_encoder_only,1,large,id_00,self_recorded_fan,5,encoder_only,973887731,5,1545,750,25224,26.622120208740235,26.375929489135743,1.38,0.763888888888889,0.8333333333333334,28.147053480187708,0.8333333333333334,0.8333333333333334,0.763888888888889,0.8333333333333334,0.0,0.0,0.6784765624999999,0.8089005235602095,0.6805859375,0.807843137254902,0.00210937500000008,-0.001057386305307495,0.037292156368494034,0.012919183820486069,0.04210546985268593,0.0,0.0,0.0,0.030772270013888676,0.0,False,1.43,2026-09-23T15:37:15
stage2_large_id_00_to_self_recorded_fan_n5_encoder_only__fold2,stage2_large_id_00_to_self_recorded_fan_n5_encoder_only,2,large,id_00,self_recorded_fan,5,encoder_only,1334334362,5,1545,750,25224,35.41038520812988,35.01040977478027,1.36,0.75,0.8333333333333334,29.970411608188726,0.8333333333333334,0.8333333333333334,0.763888888888889,0.8333333333333334,-0.01388888888888895,0.0,0.6841796875,0.8176795580110497,0.6805859375,0.807843137254902,-0.003593750000000062,-0.009836420756147768,0.03289174288511276,0.015034939162433147,0.028007986024022102,0.0,0.0,0.0,0.025311556023856003,0.0,False,1.4,2026-09-23T15:37:16
stage2_large_id_00_to_self_recorded_fan_n5_encoder_only__fold3,stage2_large_id_00_to_self_recorded_fan_n5_encoder_only,3,large,id_00,self_recorded_fan,5,encoder_only,2066827911,5,1545,750,25224,30.68330627441406,30.748375091552735,1.41,0.763888888888889,0.8333333333333334,29.764124441730594,0.8333333333333334,0.8333333333333334,0.7500000000000001,0.8333333333333334,0.01388888888888884,0.0,0.67673828125,0.8104575163398693,0.6805859375,0.807843137254902,0.0038476562499999423,-0.002614379084967311,0.03718393296003342,0.027814004570245743,0.02852163091301918,0.0,0.0,0.0,0.031173189481099445,0.0,False,1.45,2026-09-23T15:37:18
stage2_large_id_00_to_self_recorded_fan_n5_encoder_only__fold4,stage2_large_id_00_to_self_recorded_fan_n5_encoder_only,4,large,id_00,self_recorded_fan,5,encoder_only,188768057,5,1545,750,25224,27.215157165527344,26.971101455688476,1.47,0.7777777777777778,0.8333333333333334,30.188329083907067,0.8333333333333334,0.8333333333333334,0.7777777777777778,0.8333333333333334,0.0,0.0,0.6743164062499999,0.8088426527958388,0.6805859375,0.807843137254902,0.006269531250000071,-0.0009995155409368017,0.03177347034215927,0.012212606146931648,0.03606374189257622,0.0,0.0,0.0,0.026683272793889046,0.0,False,1.52,2026-09-23T15:37:19
stage2_large_id_00_to_self_recorded_fan_n5_encoder_only__fold5,stage2_large_id_00_to_self_recorded_fan_n5_encoder_only,5,large,id_00,self_recorded_fan,5,encoder_only,994843165,5,1545,750,25224,31.55302360534668,31.602852935791017,1.41,0.763888888888889,0.8275862068965517,20.454165508060395,0.7058823529411765,1.0,0.75,0.8275862068965517,0.01388888888888895,0.0,0.6753710937499999,0.8105263157894737,0.6805859375,0.807843137254902,0.005214843750000031,-0.002683178534571673,0.039442818611860275,0.015152313746511936,0.04167918860912323,0.0,0.0,0.0,0.03209144032249848,0.0,False,1.46,2026-09-23T15:37:21
stage2_large_id_00_to_self_recorded_fan_n5_encoder_only__fold6,stage2_large_id_00_to_self_recorded_fan_n5_encoder_only,6,large,id_00,self_recorded_fan,5,encoder_only,787206158,5,1545,750,25224,35.02645301818848,34.87455680847168,1.53,0.7500000000000001,0.8333333333333334,30.185825750549903,0.8333333333333334,0.8333333333333334,0.7500000000000001,0.8333333333333334,0.0,0.0,0.67013671875,0.8089005235602095,0.6805859375,0.807843137254902,0.010449218749999933,-0.001057386305307495,0.0320456437766552,0.00980337429791689,0.03874928504228592,0.0,0.0,0.0,0.026866101038952667,0.0,False,1.59,2026-09-23T15:37:22
stage2_large_id_00_to_self_recorded_fan_n5_encoder_only__fold7,stage2_large_id_00_to_self_recorded_fan_n5_encoder_only,7,large,id_00,self_recorded_fan,5,encoder_only,1178848615,5,1545,750,25224,37.48339477539062,37.21444030761719,1.64,0.763888888888889,0.8333333333333334,27.624972771640703,0.8333333333333334,0.8333333333333334,0.75,0.8333333333333334,0.01388888888888895,0.0,0.6809375,0.8132450331125828,0.6805859375,0.807843137254902,-0.0003515625000000133,-0.005401895857680805,0.04540180787444115,0.016451992094516754,0.046638987958431244,0.0,0.0,0.0,0.03616426264246305,0.0,False,1.7,2026-09-23T15:37:24
stage2_large_id_00_to_self_recorded_fan_n5_encoder_only__fold8,stage2_large_id_00_to_self_recorded_fan_n5_encoder_only,8,large,id_00,self_recorded_fan,5,encoder_only,1439568140,5,1545,750,25224,25.754380416870116,25.584493255615236,1.39,0.7222222222222222,0.8148148148148148,21.087284029299965,0.7333333333333333,0.9166666666666666,0.7222222222222222,0.8148148148148148,0.0,0.0,0.67966796875,0.8106734434561627,0.6805859375,0.807843137254902,0.0009179687499999423,-0.0028303062012606794,0.03924407437443733,0.020431524142622948,0.02971593476831913,0.0,0.0,0.0,0.029797177761793137,0.0,False,1.43,2026-09-23T15:37:25
stage2_large_id_00_to_self_recorded_fan_n5_encoder_only__fold9,stage2_large_id_00_to_self_recorded_fan_n5_encoder_only,9,large,id_00,self_recorded_fan,5,encoder_only,798472224,5,1545,750,25224,37.92972518920899,37.61275131225586,1.34,0.763888888888889,0.8275862068965517,18.20141365767297,0.7058823529411765,1.0,0.763888888888889,0.8275862068965517,0.0,0.0,0.6783203125,0.8229027962716379,0.6805859375,0.807843137254902,0.002265624999999938,-0.015059659016735893,0.043018024414777756,0.023133201524615288,0.029620759189128876,0.0,0.0,0.0,0.03192399504284064,0.0,False,1.4,2026-09-23T15:37:27
stage2_large_id_00_to_self_recorded_fan_n5_full__fold0,stage2_large_id_00_to_self_recorded_fan_n5_full,0,large,id_00,self_recorded_fan,5,full,1993051261,5,1545,750,50760,30.230149765014648,5.838295841217041,1.95,0.6944444444444444,0.8571428571428571,5.953902930975433,0.75,1.0,0.7777777777777778,0.8333333333333334,-0.08333333333333337,0.023809523809523725,0.43138671875,0.7984981226533167,0.6805859375,0.807843137254902,0.24919921874999995,0.009345014601585322,0.12496469169855118,0.03403643146157265,0.07685746252536774,0.0449708066880703,0.07911097258329391,0.12941113114356995,0.07861952856183052,0.08449763680497806,True,2.0,2026-09-23T15:36:43
stage2_large_id_00_to_self_recorded_fan_n5_full__fold1,stage2_large_id_00_to_self_recorded_fan_n5_full,1,large,id_00,self_recorded_fan,5,full,654376463,5,1545,750,50760,20.535373764038084,5.770812931060791,1.53,0.6944444444444444,0.8888888888888888,7.471676036581842,0.8,1.0,0.763888888888889,0.8333333333333334,-0.06944444444444453,0.05555555555555547,0.583046875,0.8050955414012739,0.6805859375,0.807843137254902,0.0975390625,0.0027475958536280487,0.09381614625453949,0.02455223724246025,0.04953045770525932,0.029413670301437378,0.07585249841213226,0.11413389444351196,0.05596628040075302,0.07313335438569386,False,1.57,2026-09-23T15:36:44
stage2_large_id_00_to_self_recorded_fan_n5_full__fold2,stage2_large_id_00_to_self_recorded_fan_n5_full,2,large,id_00,self_recorded_fan,5,full,966736613,5,1545,750,50760,28.1568546295166,6.4883664894104,1.53,0.7083333333333334,0.8571428571428571,6.206946790580394,0.75,1.0,0.763888888888889,0.8333333333333334,-0.05555555555555558,0.023809523809523725,0.47154296874999996,0.7984981226533167,0.6805859375,0.807843137254902,0.20904296875,0.009345014601585322,0.07846078276634216,0.015593333169817924,0.03437430039048195,0.03956116363406181,0.0757431909441948,0.10690589249134064,0.042809472108880676,0.07407008235653241,False,1.59,2026-09-23T15:36:46
stage2_large_id_00_to_self_recorded_fan_n5_full__fold3,stage2_large_id_00_to_self_recorded_fan_n5_full,3,large,id_00,self_recorded_fan,5,full,452949202,5,1545,750,50760,23.908096466064453,8.64291618347168,1.57,0.7916666666666666,0.8275862068965517,7.349942988176561,0.7058823529411765,1.0,0.7500000000000001,0.8333333333333334,0.04166666666666652,-0.005747126436781658,0.56048828125,0.7994987468671679,0.6805859375,0.807843137254902,0.1200976562499999,0.008344390387734046,0.09658918529748917,0.0297289676964283,0.03539826348423958,0.03242597356438637,0.07331200689077377,0.10034960508346558,0.05390547215938568,0.06869586184620857,False,1.61,2026-09-23T15:36:48
stage2_large_id_00_to_self_recorded_fan_n5_full__fold4,stage2_large_id_00_to_self_recorded_fan_n5_full,4,large,id_00,self_recorded_fan,5,full,2139116934,5,1545,750,50760,21.43607238769531,6.999836750030518,1.61,0.7222222222222222,0.8888888888888888,6.777250536775078,0.8,1.0,0.7777777777777778,0.8333333333333334,-0.05555555555555558,0.05555555555555547,0.4903515625,0.7984981226533167,0.6805859375,0.807843137254902,0.19023437499999996,0.009345014601585322,0.1283881515264511,0.04243316501379013,0.07206991314888,0.033544767647981644,0.0747096836566925,0.10577751696109772,0.08096374322970708,0.07134398942192395,False,1.65,2026-09-23T15:36:49
stage2_large_id_00_to_self_recorded_fan_n5_full__fold5,stage2_large_id_00_to_self_recorded_fan_n5_full,5,large,id_00,self_recorded_fan,5,full,809491656,5,1545,750,50760,24.91156578063965,7.427341938018799,1.53,0.6944444444444444,0.8888888888888888,7.294620351663078,0.8,1.0,0.75,0.8275862068965517,-0.05555555555555558,0.06130268199233713,0.46406249999999993,0.7984981226533167,0.6805859375,0.807843137254902,0.21652343750000003,0.009345014601585322,0.12366095930337906,0.040430948138237,0.04443691670894623,0.032018110156059265,0.07384946942329407,0.10230869054794312,0.06950960805018742,0.06939209004243214,False,1.58,2026-09-23T15:36:51
stage2_large_id_00_to_self_recorded_fan_n5_full__fold6,stage2_large_id_00_to_self_recorded_fan_n5_full,6,large,id_00,self_recorded_fan,5,full,720206118,5,1545,750,50760,28.061850051879883,7.058248271942139,1.6,0.7916666666666666,0.88,9.050341378339102,0.8461538461538461,0.9166666666666666,0.7500000000000001,0.8333333333333334,0.04166666666666652,0.046666666666666634,0.42384765625,0.7984981226533167,0.6805859375,0.807843137254902,0.25673828125,0.009345014601585322,0.1296665072441101,0.03125549480319023,0.08175703138113022,0.033833667635917664,0.08584802597761154,0.10772291570901871,0.08089301114281018,0.0758015364408493,False,1.65,2026-09-23T15:36:53
stage2_large_id_00_to_self_recorded_fan_n5_full__fold7,stage2_large_id_00_to_self_recorded_fan_n5_full,7,large,id_00,self_recorded_fan,5,full,1798293070,5,1545,750,50760,29.961067962646485,6.257090950012207,1.81,0.5972222222222222,0.8571428571428571,6.387292943693641,0.75,1.0,0.75,0.8333333333333334,-0.1527777777777778,0.023809523809523725,0.4250390625,0.7984981226533167,0.6805859375,0.807843137254902,0.25554687499999995,0.009345014601585322,0.1264980286359787,0.05020559951663017,0.07564112544059753,0.03358158469200134,0.08925308287143707,0.10867415368556976,0.08411491786440213,0.07716960708300273,False,1.88,2026-09-23T15:36:54
stage2_large_id_00_to_self_recorded_fan_n5_full__fold8,stage2_large_id_00_to_self_recorded_fan_n5_full,8,large,id_00,self_recorded_fan,5,full,1363222991,5,1545,750,50760,18.699150619506835,6.335999069213867,2.01,0.7916666666666667,0.9230769230769231,7.674798600725601,0.8571428571428571,1.0,0.7222222222222222,0.8148148148148148,0.06944444444444453,0.10826210826210836,0.44064453125,0.7984981226533167,0.6805859375,0.807843137254902,0.23994140624999993,0.009345014601585322,0.11159610003232956,0.026879435405135155,0.051997654139995575,0.0297722015529871,0.0885186567902565,0.11863652616739273,0.06349106319248676,0.07897579483687878,False,2.08,2026-09-23T15:36:56
stage2_large_id_00_to_self_recorded_fan_n5_full__fold9,stage2_large_id_00_to_self_recorded_fan_n5_full,9,large,id_00,self_recorded_fan,5,full,1724599325,5,1545,750,50760,29.412358779907226,6.06534927368164,1.6,0.7777777777777778,0.8888888888888888,7.374859411453838,0.8,1.0,0.763888888888889,0.8275862068965517,0.01388888888888884,0.06130268199233713,0.43927734375,0.7984981226533167,0.6805859375,0.807843137254902,0.24130859374999997,0.009345014601585322,0.12168809771537781,0.028329284861683846,0.07477422803640366,0.04341737926006317,0.07300868630409241,0.12735983729362488,0.0749305368711551,0.08126196761926015,False,1.66,2026-09-23T15:36:58
stage2_large_id_02_to_self_recorded_fan_n10_bottleneck_only__fold0,stage2_large_id_02_to_self_recorded_fan_n10_bottleneck_only,0,large,id_02,self_recorded_fan,10,bottleneck_only,283973317,10,3090,1470,1096,37.31314740862165,23.652400503353196,2.34,0.6805555555555556,0.8461538461538461,20.24464864260101,0.7857142857142857,0.9166666666666666,0.7361111111111112,0.8181818181818182,-0.05555555555555558,0.027972027972027913,0.5413671874999999,0.7984981226533167,0.8514843750000001,0.8529411764705882,0.31011718750000017,0.05444305381727155,0.0,0.0,0.13879014551639557,0.11454519629478455,0.0,0.0,0.04626338183879852,0.03818173209826151,True,2.4,2026-09-23T15:52:51
stage2_large_id_02_to_self_recorded_fan_n10_bottleneck_only__fold1,stage2_large_id_02_to_self_recorded_fan_n10_bottleneck_only,1,large,id_02,self_recorded_fan,10,bottleneck_only,1826649955,10,3090,1470,1096,32.17841420854841,21.540570395333425,2.59,0.6944444444444445,0.8275862068965517,16.806069614817794,0.7058823529411765,1.0,0.7361111111111112,0.8333333333333334,-0.04166666666666663,-0.005747126436781658,0.55052734375,0.7984981226533167,0.8514843750000001,0.8529411764705882,0.30095703125000006,0.05444305381727155,0.0,0.0,0.12917141616344452,0.1019449308514595,0.0,0.0,0.04305713872114817,0.03398164361715317,False,2.64,2026-09-23T15:52:54
stage2_large_id_02_to_self_recorded_fan_n10_bottleneck_only__fold2,stage2_large_id_02_to_self_recorded_fan_n10_bottleneck_only,2,large,id_02,self_recorded_fan,10,bottleneck_only,760665780,10,3090,1470,1096,33.94736648092464,21.4811967732955,2.82,0.75,0.8571428571428571,17.562104553838363,0.75,1.0,0.75,0.8181818181818182,0.0,0.03896103896103886,0.52916015625,0.7984981226533167,0.8514843750000001,0.8529411764705882,0.32232421875000006,0.05444305381727155,0.0,0.0,0.14724811911582947,0.11657646298408508,0.0,0.0,0.049082706371943154,0.03885882099469503,False,2.87,2026-09-23T15:52:56
stage2_large_id_02_to_self_recorded_fan_n10_bottleneck_only__fold3,stage2_large_id_02_to_self_recorded_fan_n10_bottleneck_only,3,large,id_02,self_recorded_fan,10,bottleneck_only,921428008,10,3090,1470,1096,32.28938655464017,21.740560414839763,2.38,0.6944444444444444,0.8888888888888888,17.833679007409387,0.8,1.0,0.7083333333333334,0.8148148148148148,-0.01388888888888895,0.07407407407407407,0.55046875,0.7984981226533167,0.8514843750000001,0.8529411764705882,0.3010156250000001,0.05444305381727155,0.0,0.0,0.13646569848060608,0.1010143905878067,0.0,0.0,0.045488566160202026,0.0336714635292689,False,2.42,2026-09-23T15:52:59
stage2_large_id_02_to_self_recorded_fan_n10_bottleneck_only__fold4,stage2_large_id_02_to_self_recorded_fan_n10_bottleneck_only,4,large,id_02,self_recorded_fan,10,bottleneck_only,873156026,10,3090,1470,1096,32.64138027113311,21.430028097970144,2.28,0.75,0.8888888888888888,17.324660860723007,0.8,1.0,0.7083333333333334,0.8461538461538461,0.04166666666666663,0.042735042735042694,0.53265625,0.7984981226533167,0.8514843750000001,0.8529411764705882,0.318828125,0.05444305381727155,0.0,0.0,0.14520539343357086,0.10874001681804657,0.0,0.0,0.048401797811190285,0.03624667227268219,False,2.33,2026-09-23T15:53:01
stage2_large_id_02_to_self_recorded_fan_n10_bottleneck_only__fold5,stage2_large_id_02_to_self_recorded_fan_n10_bottleneck_only,5,large,id_02,self_recorded_fan,10,bottleneck_only,57706451,10,3090,1470,1096,33.991738222083264,22.16264993317273,2.39,0.7083333333333334,0.8571428571428571,17.68321170876582,0.75,1.0,0.6944444444444445,0.8148148148148148,0.01388888888888884,0.042328042328042326,0.5378515625,0.7984981226533167,0.8514843750000001,0.8529411764705882,0.3136328125000001,0.05444305381727155,0.0,0.0,0.1365693360567093,0.10825932025909424,0.0,0.0,0.0455231120189031,0.036086440086364746,False,2.43,2026-09-23T15:53:04
stage2_large_id_02_to_self_recorded_fan_n10_bottleneck_only__fold6,stage2_large_id_02_to_self_recorded_fan_n10_bottleneck_only,6,large,id_02,self_recorded_fan,10,bottleneck_only,1688295589,10,3090,1470,1096,34.09387642996652,21.449373517717635,2.29,0.6805555555555556,0.8888888888888888,18.28144656408095,0.8,1.0,0.6944444444444444,0.8461538461538461,-0.01388888888888884,0.042735042735042694,0.53734375,0.7984981226533167,0.8514843750000001,0.8529411764705882,0.31414062500000006,0.05444305381727155,0.0,0.0,0.13949637115001678,0.11760205030441284,0.0,0.0,0.04649879038333893,0.03920068343480428,False,2.34,2026-09-23T15:53:06
stage2_large_id_02_to_self_recorded_fan_n10_bottleneck_only__fold7,stage2_large_id_02_to_self_recorded_fan_n10_bottleneck_only,7,large,id_02,self_recorded_fan,10,bottleneck_only,1702814723,10,3090,1470,1096,34.73056933344627,22.637909091248805,2.67,0.6944444444444445,0.8461538461538461,19.892370315040967,0.7857142857142857,0.9166666666666666,0.7222222222222222,0.8461538461538461,-0.02777777777777768,0.0,0.53541015625,0.7984981226533167,0.8514843750000001,0.8529411764705882,0.3160742187500001,0.05444305381727155,0.0,0.0,0.1461857408285141,0.10938170552253723,0.0,0.0,0.048728580276171364,0.03646056850751241,False,2.73,2026-09-23T15:53:09
stage2_large_id_02_to_self_recorded_fan_n10_bottleneck_only__fold8,stage2_large_id_02_to_self_recorded_fan_n10_bottleneck_only,8,large,id_02,self_recorded_fan,10,bottleneck_only,1168541545,10,3090,1470,1096,29.850190921705597,20.342855842746033,2.68,0.6805555555555557,0.8275862068965517,17.258735459213504,0.7058823529411765,1.0,0.638888888888889,0.8,0.04166666666666674,0.027586206896551668,0.56640625,0.7984981226533167,0.8514843750000001,0.8529411764705882,0.28507812500000007,0.05444305381727155,0.0,0.0,0.11952897161245346,0.09129128605127335,0.0,0.0,0.03984299053748449,0.030430428683757782,False,2.73,2026-09-23T15:53:11
stage2_large_id_02_to_self_recorded_fan_n10_bottleneck_only__fold9,stage2_large_id_02_to_self_recorded_fan_n10_bottleneck_only,9,large,id_02,self_recorded_fan,10,bottleneck_only,879115166,10,3090,1470,1096,35.13725794578085,23.09600020428093,2.42,0.6944444444444444,0.8888888888888888,18.37649002552695,0.8,1.0,0.6805555555555556,0.8,0.01388888888888884,0.0888888888888888,0.54142578125,0.7984981226533167,0.8514843750000001,0.8529411764705882,0.3100585937500001,0.05444305381727155,0.0,0.0,0.14098197221755981,0.10913042724132538,0.0,0.0,0.04699399073918661,0.036376809080441795,False,2.48,2026-09-23T15:53:14
stage2_large_id_02_to_self_recorded_fan_n10_decoder_only__fold0,stage2_large_id_02_to_self_recorded_fan_n10_decoder_only,0,large,id_02,self_recorded_fan,10,decoder_only,1945974534,10,3090,1470,25536,25.787352931742767,7.270287961375956,2.4,0.75,0.8461538461538461,9.581705835201536,0.7857142857142857,0.9166666666666666,0.7361111111111112,0.8181818181818182,0.01388888888888884,0.027972027972027913,0.4892382812499999,0.7984981226533167,0.8514843750000001,0.8529411764705882,0.36224609375000016,0.05444305381727155,0.0,0.0,0.0,0.0817929282784462,0.11644038558006287,0.17188946902751923,0.0,0.12337426096200943,True,2.46,2026-09-23T15:51:56
stage2_large_id_02_to_self_recorded_fan_n10_decoder_only__fold1,stage2_large_id_02_to_self_recorded_fan_n10_decoder_only,1,large,id_02,self_recorded_fan,10,decoder_only,1424477104,10,3090,1470,25536,21.854433410021723,8.390117810696971,2.54,0.7638888888888888,0.8571428571428571,7.687148225356856,0.75,1.0,0.7361111111111112,0.8333333333333334,0.02777777777777768,0.023809523809523725,0.5544921875,0.7984981226533167,0.8514843750000001,0.8529411764705882,0.2969921875000001,0.05444305381727155,0.0,0.0,0.0,0.06150316447019577,0.12060880661010742,0.17284543812274933,0.0,0.1183191364010175,False,2.59,2026-09-23T15:51:59
stage2_large_id_02_to_self_recorded_fan_n10_decoder_only__fold2,stage2_large_id_02_to_self_recorded_fan_n10_decoder_only,2,large,id_02,self_recorded_fan,10,decoder_only,1231039021,10,3090,1470,25536,24.13443343493403,8.134410858154297,2.73,0.6944444444444444,0.8571428571428571,6.58258009503581,0.75,1.0,0.75,0.8181818181818182,-0.05555555555555558,0.03896103896103886,0.52181640625,0.7984981226533167,0.8514843750000001,0.8529411764705882,0.32966796875000004,0.05444305381727155,0.0,0.0,0.0,0.06888045370578766,0.1304260790348053,0.19576571881771088,0.0,0.1316907505194346,False,2.78,2026-09-23T15:52:02
stage2_large_id_02_to_self_recorded_fan_n10_decoder_only__fold3,stage2_large_id_02_to_self_recorded_fan_n10_decoder_only,3,large,id_02,self_recorded_fan,10,decoder_only,844290211,10,3090,1470,25536,22.274235569700902,9.783619627660634,2.38,0.7361111111111112,0.8275862068965517,7.276101266681955,0.7058823529411765,1.0,0.7083333333333334,0.8148148148148148,0.02777777777777779,0.012771392081736943,0.536015625,0.7984981226533167,0.8514843750000001,0.8529411764705882,0.3154687500000001,0.05444305381727155,0.0,0.0,0.0,0.05435711890459061,0.11271413415670395,0.170516699552536,0.0,0.11252931753794353,False,2.43,2026-09-23T15:52:04
stage2_large_id_02_to_self_recorded_fan_n10_decoder_only__fold4,stage2_large_id_02_to_self_recorded_fan_n10_decoder_only,4,large,id_02,self_recorded_fan,10,decoder_only,1315368180,10,3090,1470,25536,22.92246440965302,9.058745277171232,2.53,0.888888888888889,0.8888888888888888,8.837649948343444,0.8,1.0,0.7083333333333334,0.8461538461538461,0.18055555555555558,0.042735042735042694,0.52771484375,0.7984981226533167,0.8514843750000001,0.8529411764705882,0.3237695312500001,0.05444305381727155,0.0,0.0,0.0,0.06816226989030838,0.12143846601247787,0.1694081425666809,0.0,0.11966962615648906,False,2.58,2026-09-23T15:52:07
stage2_large_id_02_to_self_recorded_fan_n10_decoder_only__fold5,stage2_large_id_02_to_self_recorded_fan_n10_decoder_only,5,large,id_02,self_recorded_fan,10,decoder_only,85116156,10,3090,1470,25536,23.993335529249542,9.136398665759028,2.56,0.8472222222222222,0.8571428571428571,8.114081502738127,0.75,1.0,0.6944444444444445,0.8148148148148148,0.15277777777777768,0.042328042328042326,0.52638671875,0.7984981226533167,0.8514843750000001,0.8529411764705882,0.3250976562500001,0.05444305381727155,0.0,0.0,0.0,0.06717323511838913,0.1199541836977005,0.19417284429073334,0.0,0.12710008770227432,False,2.61,2026-09-23T15:52:09
stage2_large_id_02_to_self_recorded_fan_n10_decoder_only__fold6,stage2_large_id_02_to_self_recorded_fan_n10_decoder_only,6,large,id_02,self_recorded_fan,10,decoder_only,1431915346,10,3090,1470,25536,24.319751428098094,7.7491406129331,2.67,0.8055555555555556,0.8888888888888888,8.588731999390188,0.8,1.0,0.6944444444444444,0.8461538461538461,0.11111111111111116,0.042735042735042694,0.5119140625,0.7984981226533167,0.8514843750000001,0.8529411764705882,0.3395703125,0.05444305381727155,0.0,0.0,0.0,0.06784539669752121,0.10891078412532806,0.1768406629562378,0.0,0.11786561459302902,False,2.72,2026-09-23T15:52:12
stage2_large_id_02_to_self_recorded_fan_n10_decoder_only__fold7,stage2_large_id_02_to_self_recorded_fan_n10_decoder_only,7,large,id_02,self_recorded_fan,10,decoder_only,864280189,10,3090,1470,25536,24.473846902652664,9.26984979668442,2.92,0.8472222222222223,0.8695652173913043,10.463061726992196,0.9090909090909091,0.8333333333333334,0.7222222222222222,0.8461538461538461,0.1250000000000001,0.02341137123745818,0.50064453125,0.7984981226533167,0.8514843750000001,0.8529411764705882,0.3508398437500001,0.05444305381727155,0.0,0.0,0.0,0.06672028452157974,0.12353777885437012,0.2101317197084427,0.0,0.13346326102813086,False,2.98,2026-09-23T15:52:15
stage2_large_id_02_to_self_recorded_fan_n10_decoder_only__fold8,stage2_large_id_02_to_self_recorded_fan_n10_decoder_only,8,large,id_02,self_recorded_fan,10,decoder_only,834932357,10,3090,1470,25536,19.851955180265467,9.308272420143595,2.44,0.7083333333333334,0.8148148148148148,8.888447700745244,0.7333333333333333,0.9166666666666666,0.638888888888889,0.8,0.06944444444444442,0.014814814814814725,0.582265625,0.7984981226533167,0.8514843750000001,0.8529411764705882,0.26921875000000006,0.05444305381727155,0.0,0.0,0.0,0.03016764484345913,0.10209888219833374,0.18180900812149048,0.0,0.10469184505442779,False,2.49,2026-09-23T15:52:17
stage2_large_id_02_to_self_recorded_fan_n10_decoder_only__fold9,stage2_large_id_02_to_self_recorded_fan_n10_decoder_only,9,large,id_02,self_recorded_fan,10,decoder_only,1466639365,10,3090,1470,25536,24.290781137894612,9.014087248821648,2.38,0.763888888888889,0.8275862068965517,5.532880435869532,0.7058823529411765,1.0,0.6805555555555556,0.8,0.08333333333333337,0.027586206896551668,0.5277734374999999,0.7984981226533167,0.8514843750000001,0.8529411764705882,0.32371093750000013,0.05444305381727155,0.0,0.0,0.0,0.06755676865577698,0.11661076545715332,0.16921746730804443,0.0,0.11779500047365825,False,2.43,2026-09-23T15:52:20
stage2_large_id_02_to_self_recorded_fan_n10_encoder_only__fold0,stage2_large_id_02_to_self_recorded_fan_n10_encoder_only,0,large,id_02,self_recorded_fan,10,encoder_only,276861127,10,3090,1470,25224,36.93269605052714,35.63480135859275,2.64,0.6944444444444445,0.8,29.744874467406124,0.7692307692307693,0.8333333333333334,0.7361111111111112,0.8181818181818182,-0.04166666666666663,-0.018181818181818188,0.76931640625,0.8425302826379543,0.8514843750000001,0.8529411764705882,0.0821679687500001,0.010410893832633938,0.12431511282920837,0.05202379450201988,0.14575304090976715,0.0,0.0,0.0,0.10736398274699847,0.0,True,2.7,2026-09-23T15:52:23
stage2_large_id_02_to_self_recorded_fan_n10_encoder_only__fold1,stage2_large_id_02_to_self_recorded_fan_n10_encoder_only,1,large,id_02,self_recorded_fan,10,encoder_only,994754610,10,3090,1470,25224,32.039618706216615,31.261712911177653,2.7,0.7083333333333335,0.8,29.332279374523296,0.7692307692307693,0.8333333333333334,0.7361111111111112,0.8333333333333334,-0.02777777777777768,-0.033333333333333326,0.7834375,0.8295302013422818,0.8514843750000001,0.8529411764705882,0.06804687500000006,0.023410975128306366,0.1088935062289238,0.05011405795812607,0.1450265794992447,0.0,0.0,0.0,0.10134471456209819,0.0,False,2.76,2026-09-23T15:52:25
stage2_large_id_02_to_self_recorded_fan_n10_encoder_only__fold2,stage2_large_id_02_to_self_recorded_fan_n10_encoder_only,2,large,id_02,self_recorded_fan,10,encoder_only,259827146,10,3090,1470,25224,33.80454931453783,32.66267889373157,3.07,0.7222222222222222,0.8148148148148148,28.17449112811792,0.7333333333333333,0.9166666666666666,0.75,0.8181818181818182,-0.02777777777777779,-0.0033670033670034627,0.76388671875,0.8614958448753463,0.8514843750000001,0.8529411764705882,0.08759765625000004,-0.008554668404758048,0.10854737460613251,0.04455605521798134,0.11219900101423264,0.0,0.0,0.0,0.08843414361278217,0.0,False,3.13,2026-09-23T15:52:28
stage2_large_id_02_to_self_recorded_fan_n10_encoder_only__fold3,stage2_large_id_02_to_self_recorded_fan_n10_encoder_only,3,large,id_02,self_recorded_fan,10,encoder_only,856984930,10,3090,1470,25224,32.133944997982105,31.223277461772064,2.6,0.6805555555555556,0.8148148148148148,27.499676351370127,0.7333333333333333,0.9166666666666666,0.7083333333333334,0.8148148148148148,-0.02777777777777779,0.0,0.78533203125,0.8458274398868458,0.8514843750000001,0.8529411764705882,0.06615234375000012,0.007113736583742369,0.14107191562652588,0.06744935363531113,0.1350560486316681,0.0,0.0,0.0,0.11452577263116837,0.0,False,2.66,2026-09-23T15:52:31
stage2_large_id_02_to_self_recorded_fan_n10_encoder_only__fold4,stage2_large_id_02_to_self_recorded_fan_n10_encoder_only,4,large,id_02,self_recorded_fan,10,encoder_only,931920223,10,3090,1470,25224,32.5078305224983,31.572240829467773,2.81,0.7222222222222222,0.8461538461538461,28.47442164625091,0.7857142857142857,0.9166666666666666,0.7083333333333334,0.8461538461538461,0.01388888888888884,0.0,0.7669921875,0.8455284552845529,0.8514843750000001,0.8529411764705882,0.0844921875000001,0.007412721186035309,0.10838776081800461,0.046352773904800415,0.14568500220775604,0.0,0.0,0.0,0.10014184564352036,0.0,False,2.86,2026-09-23T15:52:34
stage2_large_id_02_to_self_recorded_fan_n10_encoder_only__fold5,stage2_large_id_02_to_self_recorded_fan_n10_encoder_only,5,large,id_02,self_recorded_fan,10,encoder_only,408190875,10,3090,1470,25224,33.818149644501354,32.86469373897631,2.77,0.6805555555555556,0.8148148148148148,27.80102223640121,0.7333333333333333,0.9166666666666666,0.6944444444444445,0.8148148148148148,-0.01388888888888895,0.0,0.76763671875,0.8428184281842819,0.8514843750000001,0.8529411764705882,0.08384765625000012,0.010122748286306327,0.11721774190664291,0.049661073833703995,0.1360640823841095,0.0,0.0,0.0,0.10098096604148547,0.0,False,2.82,2026-09-23T15:52:37
stage2_large_id_02_to_self_recorded_fan_n10_encoder_only__fold6,stage2_large_id_02_to_self_recorded_fan_n10_encoder_only,6,large,id_02,self_recorded_fan,10,encoder_only,1892473749,10,3090,1470,25224,33.804315956271424,32.611165533260426,2.99,0.6805555555555556,0.8461538461538461,28.92660153511988,0.7857142857142857,0.9166666666666666,0.6944444444444444,0.8461538461538461,-0.01388888888888884,0.0,0.81126953125,0.8587412587412587,0.8514843750000001,0.8529411764705882,0.04021484375000006,-0.005800082270670526,0.13325192034244537,0.054468799382448196,0.15143874287605286,0.0,0.0,0.0,0.11305315420031548,0.0,False,3.05,2026-09-23T15:52:40
stage2_large_id_02_to_self_recorded_fan_n10_encoder_only__fold7,stage2_large_id_02_to_self_recorded_fan_n10_encoder_only,7,large,id_02,self_recorded_fan,10,encoder_only,785548009,10,3090,1470,25224,34.481642041887554,33.33125947446239,3.06,0.7222222222222222,0.8461538461538461,28.770257183969534,0.7857142857142857,0.9166666666666666,0.7222222222222222,0.8461538461538461,0.0,0.0,0.7698046875000001,0.8466757123473542,0.8514843750000001,0.8529411764705882,0.08167968749999999,0.0062654641232340325,0.1370774358510971,0.0582183375954628,0.16121184825897217,0.0,0.0,0.0,0.11883587390184402,0.0,False,3.11,2026-09-23T15:52:43
stage2_large_id_02_to_self_recorded_fan_n10_encoder_only__fold8,stage2_large_id_02_to_self_recorded_fan_n10_encoder_only,8,large,id_02,self_recorded_fan,10,encoder_only,2190961,10,3090,1470,25224,29.861195544807277,29.393047877720424,2.61,0.6388888888888888,0.8,29.028257071427962,0.7692307692307693,0.8333333333333334,0.638888888888889,0.8,-1.1102230246251565e-16,0.0,0.75978515625,0.8443271767810027,0.8514843750000001,0.8529411764705882,0.09169921875000009,0.008613999689585539,0.12425808608531952,0.04962008446455002,0.11452042311429977,0.0,0.0,0.0,0.0961328645547231,0.0,False,2.66,2026-09-23T15:52:46
stage2_large_id_02_to_self_recorded_fan_n10_encoder_only__fold9,stage2_large_id_02_to_self_recorded_fan_n10_encoder_only,9,large,id_02,self_recorded_fan,10,encoder_only,2093955289,10,3090,1470,25224,34.88827810482103,33.65499889607332,2.79,0.6666666666666667,0.8,28.353193295111232,0.7692307692307693,0.8333333333333334,0.6805555555555556,0.8,-0.01388888888888884,0.0,0.7703906249999999,0.8419618528610354,0.8514843750000001,0.8529411764705882,0.08109375000000019,0.010979323609552782,0.13348917663097382,0.050594475120306015,0.15649919211864471,0.0,0.0,0.0,0.11352761462330818,0.0,False,2.84,2026-09-23T15:52:48
stage2_large_id_02_to_self_recorded_fan_n10_full__fold0,stage2_large_id_02_to_self_recorded_fan_n10_full,0,large,id_02,self_recorded_fan,10,full,658711673,10,3090,1470,50760,25.089154496484873,5.791136264801025,3.03,0.763888888888889,0.9230769230769231,8.677492020986241,0.8571428571428571,1.0,0.7361111111111112,0.8181818181818182,0.02777777777777779,0.1048951048951049,0.42333984374999994,0.7984981226533167,0.8514843750000001,0.8529411764705882,0.4281445312500001,0.05444305381727155,0.1572420448064804,0.06656764447689056,0.09100526571273804,0.04757170006632805,0.1261172890663147,0.2412588745355606,0.10493831833203633,0.1383159545560678,True,3.09,2026-09-23T15:51:24
stage2_large_id_02_to_self_recorded_fan_n10_full__fold1,stage2_large_id_02_to_self_recorded_fan_n10_full,1,large,id_02,self_recorded_fan,10,full,694808721,10,3090,1470,50760,21.454947491081395,6.449780989666374,3.03,0.8333333333333334,0.8888888888888888,6.706414740997388,0.8,1.0,0.7361111111111112,0.8333333333333334,0.09722222222222221,0.05555555555555547,0.6943945312500001,0.7984981226533167,0.8514843750000001,0.8529411764705882,0.15708984375,0.05444305381727155,0.16394217312335968,0.052715834230184555,0.12759117782115936,0.1110837385058403,0.11916660517454147,0.23739735782146454,0.11474972839156787,0.1558825671672821,False,3.08,2026-09-23T15:51:27
stage2_large_id_02_to_self_recorded_fan_n10_full__fold2,stage2_large_id_02_to_self_recorded_fan_n10_full,2,large,id_02,self_recorded_fan,10,full,1832477433,10,3090,1470,50760,23.54870788418517,6.259074230583346,3.12,0.888888888888889,0.8888888888888888,7.322634730475958,0.8,1.0,0.75,0.8181818181818182,0.13888888888888895,0.07070707070707061,0.51318359375,0.7984981226533167,0.8514843750000001,0.8529411764705882,0.33830078125000007,0.05444305381727155,0.14489790797233582,0.05815472453832626,0.09485311061143875,0.059476613998413086,0.13365279138088226,0.19209419190883636,0.09930191437403361,0.12840786576271057,False,3.17,2026-09-23T15:51:30
stage2_large_id_02_to_self_recorded_fan_n10_full__fold3,stage2_large_id_02_to_self_recorded_fan_n10_full,3,large,id_02,self_recorded_fan,10,full,109358647,10,3090,1470,50760,21.84473179797737,7.582210540771484,3.58,0.9166666666666667,0.9230769230769231,7.27814845833743,0.8571428571428571,1.0,0.7083333333333334,0.8148148148148148,0.20833333333333337,0.10826210826210836,0.5912304687500001,0.7984981226533167,0.8514843750000001,0.8529411764705882,0.26025390625,0.05444305381727155,0.1619308441877365,0.05402514711022377,0.10556230694055557,0.10017421841621399,0.13206396996974945,0.20497934520244598,0.10717276607950528,0.14573917786280313,False,3.63,2026-09-23T15:51:34
stage2_large_id_02_to_self_recorded_fan_n10_full__fold4,stage2_large_id_02_to_self_recorded_fan_n10_full,4,large,id_02,self_recorded_fan,10,full,787029630,10,3090,1470,50760,22.48618322489213,7.241694771513647,3.1,0.9722222222222223,0.96,8.220403350200382,0.9230769230769231,1.0,0.7083333333333334,0.8461538461538461,0.26388888888888895,0.11384615384615382,0.61478515625,0.7984981226533167,0.8514843750000001,0.8529411764705882,0.2366992187500001,0.05444305381727155,0.1501471847295761,0.05759332701563835,0.0954321101307869,0.07890540361404419,0.13655103743076324,0.2352631390094757,0.10105754062533379,0.1502398600180944,False,3.14,2026-09-23T15:51:37
stage2_large_id_02_to_self_recorded_fan_n10_full__fold5,stage2_large_id_02_to_self_recorded_fan_n10_full,5,large,id_02,self_recorded_fan,10,full,2088731553,10,3090,1470,50760,23.47265827412508,7.6022254204263495,3.05,0.9305555555555556,0.9230769230769231,7.644194532502181,0.8571428571428571,1.0,0.6944444444444445,0.8148148148148148,0.23611111111111105,0.10826210826210836,0.4944921875,0.7984981226533167,0.8514843750000001,0.8529411764705882,0.35699218750000006,0.05444305381727155,0.1665235012769699,0.06485702097415924,0.08632044494152069,0.06670290231704712,0.1429556906223297,0.23507215082645416,0.10590032239754994,0.148243581255277,False,3.09,2026-09-23T15:51:40
stage2_large_id_02_to_self_recorded_fan_n10_full__fold6,stage2_large_id_02_to_self_recorded_fan_n10_full,6,large,id_02,self_recorded_fan,10,full,1324125226,10,3090,1470,50760,23.7236114813357,5.612847289260553,3.04,0.8611111111111112,0.96,6.941258777097767,0.9230769230769231,1.0,0.6944444444444444,0.8461538461538461,0.16666666666666674,0.11384615384615382,0.551875,0.7984981226533167,0.8514843750000001,0.8529411764705882,0.29960937500000007,0.05444305381727155,0.16003921627998352,0.06148752197623253,0.10052648931741714,0.1017746850848198,0.14526522159576416,0.22029197216033936,0.10735107585787773,0.15577729294697443,False,3.09,2026-09-23T15:51:43
stage2_large_id_02_to_self_recorded_fan_n10_full__fold7,stage2_large_id_02_to_self_recorded_fan_n10_full,7,large,id_02,self_recorded_fan,10,full,581403735,10,3090,1470,50760,23.952335085187638,7.317401195059017,4.1,0.9444444444444445,0.9230769230769231,8.319431535455994,0.8571428571428571,1.0,0.7222222222222222,0.8461538461538461,0.22222222222222232,0.07692307692307698,0.59400390625,0.7984981226533167,0.8514843750000001,0.8529411764705882,0.2574804687500001,0.05444305381727155,0.16283108294010162,0.059159182012081146,0.11560511589050293,0.11029352247714996,0.12983834743499756,0.20978303253650665,0.11253179361422856,0.1499716341495514,False,4.15,2026-09-23T15:51:47
stage2_large_id_02_to_self_recorded_fan_n10_full__fold8,stage2_large_id_02_to_self_recorded_fan_n10_full,8,large,id_02,self_recorded_fan,10,full,699861695,10,3090,1470,50760,19.55201396163629,6.415295347875478,3.16,0.7916666666666667,0.8888888888888888,7.0686641164922746,0.8,1.0,0.638888888888889,0.8,0.1527777777777778,0.0888888888888888,0.5898828125,0.7984981226533167,0.8514843750000001,0.8529411764705882,0.2616015625000001,0.05444305381727155,0.16374920308589935,0.0569683238863945,0.07419446855783463,0.03762292489409447,0.12747201323509216,0.20775918662548065,0.09830399851004283,0.12428470825155576,False,3.21,2026-09-23T15:51:51
stage2_large_id_02_to_self_recorded_fan_n10_full__fold9,stage2_large_id_02_to_self_recorded_fan_n10_full,9,large,id_02,self_recorded_fan,10,full,168330830,10,3090,1470,50760,23.741816150898835,6.810694879415084,3.01,0.9027777777777779,0.9230769230769231,8.07883312055943,0.8571428571428571,1.0,0.6805555555555556,0.8,0.22222222222222232,0.12307692307692308,0.5238671874999999,0.7984981226533167,0.8514843750000001,0.8529411764705882,0.32761718750000013,0.05444305381727155,0.15107108652591705,0.04417578876018524,0.07996539026498795,0.04913175106048584,0.1465911716222763,0.23283302783966064,0.09173742185036342,0.14285198350747427,False,3.06,2026-09-23T15:51:54
stage2_large_id_02_to_self_recorded_fan_n20_bottleneck_only__fold0,stage2_large_id_02_to_self_recorded_fan_n20_bottleneck_only,0,large,id_02,self_recorded_fan,20,bottleneck_only,854951772,20,6180,2910,1096,33.27755196561518,21.588025889445827,5.13,0.6944444444444445,0.8461538461538461,19.165014315524097,0.7857142857142857,0.9166666666666666,0.7361111111111112,0.8181818181818182,-0.04166666666666663,0.027972027972027913,0.5410546875000001,0.7984981226533167,0.8514843750000001,0.8529411764705882,0.3104296875,0.05444305381727155,0.0,0.0,0.19143594801425934,0.14033856987953186,0.0,0.0,0.06381198267141978,0.046779523293177284,True,5.2,2026-09-23T15:56:07
stage2_large_id_02_to_self_recorded_fan_n20_bottleneck_only__fold1,stage2_large_id_02_to_self_recorded_fan_n20_bottleneck_only,1,large,id_02,self_recorded_fan,20,bottleneck_only,1390128259,20,6180,2910,1096,31.83547206760682,21.33972291848094,4.81,0.6527777777777778,0.8275862068965517,16.349570746560698,0.7058823529411765,1.0,0.7361111111111112,0.8333333333333334,-0.08333333333333337,-0.005747126436781658,0.54123046875,0.802547770700637,0.8514843750000001,0.8529411764705882,0.31025390625000004,0.050393405769951216,0.0,0.0,0.1994847059249878,0.13428708910942078,0.0,0.0,0.06649490197499593,0.044762363036473594,False,4.86,2026-09-23T15:56:12
stage2_large_id_02_to_self_recorded_fan_n20_bottleneck_only__fold2,stage2_large_id_02_to_self_recorded_fan_n20_bottleneck_only,2,large,id_02,self_recorded_fan,20,bottleneck_only,2014744612,20,6180,2910,1096,32.89500995518006,20.952810110505094,4.67,0.7222222222222222,0.8571428571428571,17.527024715397673,0.75,1.0,0.75,0.8181818181818182,-0.02777777777777779,0.03896103896103886,0.52845703125,0.8,0.8514843750000001,0.8529411764705882,0.3230273437500001,0.05294117647058816,0.0,0.0,0.22218836843967438,0.15947699546813965,0.0,0.0,0.07406278947989146,0.05315899848937988,False,4.71,2026-09-23T15:56:16
stage2_large_id_02_to_self_recorded_fan_n20_bottleneck_only__fold3,stage2_large_id_02_to_self_recorded_fan_n20_bottleneck_only,3,large,id_02,self_recorded_fan,20,bottleneck_only,2017009835,20,6180,2910,1096,32.17215954888727,21.13850442158807,5.05,0.7222222222222222,0.8888888888888888,17.750040566314436,0.8,1.0,0.7083333333333334,0.8148148148148148,0.01388888888888884,0.07407407407407407,0.53357421875,0.8025316455696202,0.8514843750000001,0.8529411764705882,0.3179101562500001,0.050409530900968,0.0,0.0,0.2085128277540207,0.14576926827430725,0.0,0.0,0.0695042759180069,0.04858975609143575,False,5.1,2026-09-23T15:56:22
stage2_large_id_02_to_self_recorded_fan_n20_bottleneck_only__fold4,stage2_large_id_02_to_self_recorded_fan_n20_bottleneck_only,4,large,id_02,self_recorded_fan,20,bottleneck_only,1255223947,20,6180,2910,1096,33.285569810375726,21.88700042803263,4.56,0.7638888888888888,0.8888888888888888,17.416460352042737,0.8,1.0,0.7083333333333334,0.8461538461538461,0.05555555555555547,0.042735042735042694,0.53677734375,0.8015170670037927,0.8514843750000001,0.8529411764705882,0.3147070312500001,0.05142410946679554,0.0,0.0,0.2230263501405716,0.1485295295715332,0.0,0.0,0.07434211671352386,0.04950984319051107,False,4.61,2026-09-23T15:56:26
stage2_large_id_02_to_self_recorded_fan_n20_bottleneck_only__fold5,stage2_large_id_02_to_self_recorded_fan_n20_bottleneck_only,5,large,id_02,self_recorded_fan,20,bottleneck_only,1117612609,20,6180,2910,1096,32.46432054657297,20.941056536645004,4.55,0.6805555555555556,0.8571428571428571,17.378022760374385,0.75,1.0,0.6944444444444445,0.8148148148148148,-0.01388888888888895,0.042328042328042326,0.53654296875,0.8,0.8514843750000001,0.8529411764705882,0.3149414062500001,0.05294117647058816,0.0,0.0,0.19061295688152313,0.14276757836341858,0.0,0.0,0.06353765229384105,0.04758919278780619,False,4.61,2026-09-23T15:56:31
stage2_large_id_02_to_self_recorded_fan_n20_bottleneck_only__fold6,stage2_large_id_02_to_self_recorded_fan_n20_bottleneck_only,6,large,id_02,self_recorded_fan,20,bottleneck_only,548719236,20,6180,2910,1096,33.46103548266224,21.714387559399164,5.09,0.6944444444444444,0.8888888888888888,17.801124443128273,0.8,1.0,0.6944444444444444,0.8461538461538461,0.0,0.042735042735042694,0.53857421875,0.8020304568527918,0.8514843750000001,0.8529411764705882,0.31291015625000007,0.05091071961779636,0.0,0.0,0.2133212387561798,0.14923158288002014,0.0,0.0,0.07110707958539327,0.049743860960006714,False,5.14,2026-09-23T15:56:36
stage2_large_id_02_to_self_recorded_fan_n20_bottleneck_only__fold7,stage2_large_id_02_to_self_recorded_fan_n20_bottleneck_only,7,large,id_02,self_recorded_fan,20,bottleneck_only,1320177701,20,6180,2910,1096,33.56101834405329,22.333151040617953,4.59,0.6944444444444445,0.8571428571428571,18.159589403325356,0.75,1.0,0.7222222222222222,0.8461538461538461,-0.02777777777777768,0.01098901098901095,0.53583984375,0.8020304568527918,0.8514843750000001,0.8529411764705882,0.31564453125,0.05091071961779636,0.0,0.0,0.20741812884807587,0.14141154289245605,0.0,0.0,0.06913937628269196,0.047137180964152016,False,4.65,2026-09-23T15:56:41
stage2_large_id_02_to_self_recorded_fan_n20_bottleneck_only__fold8,stage2_large_id_02_to_self_recorded_fan_n20_bottleneck_only,8,large,id_02,self_recorded_fan,20,bottleneck_only,1503932978,20,6180,2910,1096,31.773235792966233,21.198750859683322,4.69,0.6527777777777778,0.8571428571428571,17.319800052568493,0.75,1.0,0.638888888888889,0.8,0.01388888888888884,0.05714285714285705,0.5303125000000001,0.8030495552731893,0.8514843750000001,0.8529411764705882,0.321171875,0.04989162119739887,0.0,0.0,0.2219664603471756,0.146502286195755,0.0,0.0,0.0739888201157252,0.048834095398585,False,4.75,2026-09-23T15:56:45
stage2_large_id_02_to_self_recorded_fan_n20_bottleneck_only__fold9,stage2_large_id_02_to_self_recorded_fan_n20_bottleneck_only,9,large,id_02,self_recorded_fan,20,bottleneck_only,1734388761,20,6180,2910,1096,34.014139352385534,22.72864213923818,5.12,0.6805555555555556,0.8888888888888888,18.187896493621295,0.8,1.0,0.6805555555555556,0.8,0.0,0.0888888888888888,0.53783203125,0.8040712468193384,0.8514843750000001,0.8529411764705882,0.31365234375000006,0.04886992965124981,0.0,0.0,0.20809130370616913,0.14211505651474,0.0,0.0,0.06936376790205638,0.04737168550491333,False,5.19,2026-09-23T15:56:51
stage2_large_id_02_to_self_recorded_fan_n20_decoder_only__fold0,stage2_large_id_02_to_self_recorded_fan_n20_decoder_only,0,large,id_02,self_recorded_fan,20,decoder_only,1786165721,20,6180,2910,25536,18.615045537653657,8.308429334581513,4.7,0.8472222222222222,0.8571428571428571,6.787711894626756,0.75,1.0,0.7361111111111112,0.8181818181818182,0.11111111111111105,0.03896103896103886,0.5525,0.7984981226533167,0.8514843750000001,0.8529411764705882,0.2989843750000001,0.05444305381727155,0.0,0.0,0.0,0.0937809944152832,0.1656612753868103,0.2839008569717407,0.0,0.18111437559127808,True,4.77,2026-09-23T15:54:22
stage2_large_id_02_to_self_recorded_fan_n20_decoder_only__fold1,stage2_large_id_02_to_self_recorded_fan_n20_decoder_only,1,large,id_02,self_recorded_fan,20,decoder_only,1495327578,20,6180,2910,25536,17.743698759177295,9.137200866777873,4.64,0.8055555555555556,0.8571428571428571,7.816583185494886,0.75,1.0,0.7361111111111112,0.8333333333333334,0.06944444444444442,0.023809523809523725,0.57396484375,0.7984981226533167,0.8514843750000001,0.8529411764705882,0.27751953125000006,0.05444305381727155,0.0,0.0,0.0,0.06771723181009293,0.1530962735414505,0.21422415971755981,0.0,0.14501255502303442,False,4.69,2026-09-23T15:54:27
stage2_large_id_02_to_self_recorded_fan_n20_decoder_only__fold2,stage2_large_id_02_to_self_recorded_fan_n20_decoder_only,2,large,id_02,self_recorded_fan,20,decoder_only,788598282,20,6180,2910,25536,19.220833552252387,8.797444014205146,5.26,0.7916666666666667,0.8571428571428571,7.821246492115101,0.75,1.0,0.75,0.8181818181818182,0.04166666666666674,0.03896103896103886,0.53130859375,0.7984981226533167,0.8514843750000001,0.8529411764705882,0.3201757812500001,0.05444305381727155,0.0,0.0,0.0,0.07424043118953705,0.14583325386047363,0.18538887798786163,0.0,0.13515418767929077,False,5.3,2026-09-23T15:54:32
stage2_large_id_02_to_self_recorded_fan_n20_decoder_only__fold3,stage2_large_id_02_to_self_recorded_fan_n20_decoder_only,3,large,id_02,self_recorded_fan,20,decoder_only,871822522,20,6180,2910,25536,18.365512690593288,8.998890788284774,4.64,0.7777777777777778,0.8571428571428571,7.829409451858824,0.75,1.0,0.7083333333333334,0.8148148148148148,0.06944444444444442,0.042328042328042326,0.5508789062499999,0.7984981226533167,0.8514843750000001,0.8529411764705882,0.30060546875000016,0.05444305381727155,0.0,0.0,0.0,0.08269904553890228,0.14612862467765808,0.1929229199886322,0.0,0.14058353006839752,False,4.68,2026-09-23T15:54:37
stage2_large_id_02_to_self_recorded_fan_n20_decoder_only__fold4,stage2_large_id_02_to_self_recorded_fan_n20_decoder_only,4,large,id_02,self_recorded_fan,20,decoder_only,726917690,20,6180,2910,25536,19.1088996277642,8.903647442453915,4.61,0.8611111111111112,0.8571428571428571,11.108792726713915,1.0,0.75,0.7083333333333334,0.8461538461538461,0.1527777777777778,0.01098901098901095,0.530234375,0.7984981226533167,0.8514843750000001,0.8529411764705882,0.32125000000000004,0.05444305381727155,0.0,0.0,0.0,0.07649437338113785,0.14704203605651855,0.19321489334106445,0.0,0.1389171009262403,False,4.66,2026-09-23T15:54:42
stage2_large_id_02_to_self_recorded_fan_n20_decoder_only__fold5,stage2_large_id_02_to_self_recorded_fan_n20_decoder_only,5,large,id_02,self_recorded_fan,20,decoder_only,231479401,20,6180,2910,25536,18.401623283464883,8.694632122197103,5.24,0.8333333333333333,0.8571428571428571,6.802717969469868,0.75,1.0,0.6944444444444445,0.8148148148148148,0.13888888888888873,0.042328042328042326,0.5523437499999999,0.7984981226533167,0.8514843750000001,0.8529411764705882,0.29914062500000016,0.05444305381727155,0.0,0.0,0.0,0.08884470164775848,0.15908977389335632,0.22374983131885529,0.0,0.1572281022866567,False,5.29,2026-09-23T15:54:47
stage2_large_id_02_to_self_recorded_fan_n20_decoder_only__fold6,stage2_large_id_02_to_self_recorded_fan_n20_decoder_only,6,large,id_02,self_recorded_fan,20,decoder_only,266448858,20,6180,2910,25536,19.15951748484189,8.918737332845472,4.56,0.9166666666666667,0.8888888888888888,8.618079687247619,0.8,1.0,0.6944444444444444,0.8461538461538461,0.22222222222222232,0.042735042735042694,0.533828125,0.7984981226533167,0.8514843750000001,0.8529411764705882,0.3176562500000001,0.05444305381727155,0.0,0.0,0.0,0.07862964272499084,0.14257530868053436,0.19136998057365417,0.0,0.13752497732639313,False,4.62,2026-09-23T15:54:52
stage2_large_id_02_to_self_recorded_fan_n20_decoder_only__fold7,stage2_large_id_02_to_self_recorded_fan_n20_decoder_only,7,large,id_02,self_recorded_fan,20,decoder_only,42658976,20,6180,2910,25536,18.914272701617367,9.276076444645518,4.99,0.8750000000000001,0.8695652173913043,10.797033926631457,0.9090909090909091,0.8333333333333334,0.7222222222222222,0.8461538461538461,0.1527777777777779,0.02341137123745818,0.5328125,0.7984981226533167,0.8514843750000001,0.8529411764705882,0.31867187500000005,0.05444305381727155,0.0,0.0,0.0,0.07051746547222137,0.14420625567436218,0.19362814724445343,0.0,0.136117289463679,False,5.05,2026-09-23T15:54:57
stage2_large_id_02_to_self_recorded_fan_n20_decoder_only__fold8,stage2_large_id_02_to_self_recorded_fan_n20_decoder_only,8,large,id_02,self_recorded_fan,20,decoder_only,1286741822,20,6180,2910,25536,18.236625700881802,8.696949014958648,5.0,0.8888888888888888,0.9166666666666666,10.199164246053533,0.9166666666666666,0.9166666666666666,0.638888888888889,0.8,0.2499999999999999,0.11666666666666659,0.55697265625,0.7984981226533167,0.8514843750000001,0.8529411764705882,0.29451171875000004,0.05444305381727155,0.0,0.0,0.0,0.07160572707653046,0.16172845661640167,0.22435727715492249,0.0,0.1525638202826182,False,5.05,2026-09-23T15:55:02
stage2_large_id_02_to_self_recorded_fan_n20_decoder_only__fold9,stage2_large_id_02_to_self_recorded_fan_n20_decoder_only,9,large,id_02,self_recorded_fan,20,decoder_only,1338886193,20,6180,2910,25536,18.92627276587732,8.528174877166748,4.73,0.8472222222222222,0.8571428571428571,6.95226477674474,0.75,1.0,0.6805555555555556,0.8,0.16666666666666663,0.05714285714285705,0.54052734375,0.7984981226533167,0.8514843750000001,0.8529411764705882,0.31095703125000007,0.05444305381727155,0.0,0.0,0.0,0.07782986760139465,0.17041932046413422,0.259966105222702,0.0,0.16940509776274362,False,4.78,2026-09-23T15:55:07
stage2_large_id_02_to_self_recorded_fan_n20_encoder_only__fold0,stage2_large_id_02_to_self_recorded_fan_n20_encoder_only,0,large,id_02,self_recorded_fan,20,encoder_only,294618582,20,6180,2910,25224,33.66582447720557,32.87386135219299,5.63,0.7222222222222223,0.8333333333333334,32.077234352498586,0.8333333333333334,0.8333333333333334,0.7361111111111112,0.8181818181818182,-0.01388888888888884,0.015151515151515138,0.7136328125,0.8229027962716379,0.8514843750000001,0.8529411764705882,0.13785156250000008,0.030038380198950332,0.17210160195827484,0.0813271626830101,0.2003978043794632,0.0,0.0,0.0,0.15127552300691605,0.0,True,5.7,2026-09-23T15:55:12
stage2_large_id_02_to_self_recorded_fan_n20_encoder_only__fold1,stage2_large_id_02_to_self_recorded_fan_n20_encoder_only,1,large,id_02,self_recorded_fan,20,encoder_only,1015354930,20,6180,2910,25224,32.25085315507712,31.479668391119574,5.32,0.75,0.8333333333333334,31.625872279760834,0.8333333333333334,0.8333333333333334,0.7361111111111112,0.8333333333333334,0.01388888888888884,0.0,0.7348828125,0.8213333333333334,0.8514843750000001,0.8529411764705882,0.11660156250000009,0.03160784313725484,0.18348443508148193,0.09639769792556763,0.20431163907051086,0.0,0.0,0.0,0.16139792402585348,0.0,False,5.37,2026-09-23T15:55:18
stage2_large_id_02_to_self_recorded_fan_n20_encoder_only__fold2,stage2_large_id_02_to_self_recorded_fan_n20_encoder_only,2,large,id_02,self_recorded_fan,20,encoder_only,1449131144,20,6180,2910,25224,33.250530046286045,32.37442042163967,5.35,0.736111111111111,0.8148148148148148,28.173837630886098,0.7333333333333333,0.9166666666666666,0.75,0.8181818181818182,-0.01388888888888895,-0.0033670033670034627,0.7516406250000001,0.8370860927152318,0.8514843750000001,0.8529411764705882,0.09984375000000001,0.01585508375535638,0.16977709531784058,0.07595787942409515,0.19313731789588928,0.0,0.0,0.0,0.14629076421260834,0.0,False,5.41,2026-09-23T15:55:23
stage2_large_id_02_to_self_recorded_fan_n20_encoder_only__fold3,stage2_large_id_02_to_self_recorded_fan_n20_encoder_only,3,large,id_02,self_recorded_fan,20,encoder_only,1872566955,20,6180,2910,25224,32.514214741814996,31.670179917640294,5.76,0.6944444444444444,0.8148148148148148,27.50046578622524,0.7333333333333333,0.9166666666666666,0.7083333333333334,0.8148148148148148,-0.01388888888888895,0.0,0.73611328125,0.8271276595744681,0.8514843750000001,0.8529411764705882,0.1153710937500001,0.025813516896120103,0.17562706768512726,0.07521131634712219,0.22494681179523468,0.0,0.0,0.0,0.15859506527582803,0.0,False,5.81,2026-09-23T15:55:29
stage2_large_id_02_to_self_recorded_fan_n20_encoder_only__fold4,stage2_large_id_02_to_self_recorded_fan_n20_encoder_only,4,large,id_02,self_recorded_fan,20,encoder_only,1183547707,20,6180,2910,25224,33.590976400473686,32.624536612599165,5.28,0.7222222222222222,0.8461538461538461,28.48427767990729,0.7857142857142857,0.9166666666666666,0.7083333333333334,0.8461538461538461,0.01388888888888884,0.0,0.7610742187499999,0.8406593406593407,0.8514843750000001,0.8529411764705882,0.09041015625000015,0.012281835811247532,0.1698508858680725,0.06675669550895691,0.20371823012828827,0.0,0.0,0.0,0.14677527050177255,0.0,False,5.33,2026-09-23T15:55:34
stage2_large_id_02_to_self_recorded_fan_n20_encoder_only__fold5,stage2_large_id_02_to_self_recorded_fan_n20_encoder_only,5,large,id_02,self_recorded_fan,20,encoder_only,306983595,20,6180,2910,25224,32.89903373324994,32.21614481739162,5.8,0.6805555555555556,0.8148148148148148,27.81150269339448,0.7333333333333333,0.9166666666666666,0.6944444444444445,0.8148148148148148,-0.01388888888888895,0.0,0.7156640625,0.8186528497409327,0.8514843750000001,0.8529411764705882,0.13582031250000004,0.03428832672965554,0.1651693731546402,0.07138466089963913,0.19064027070999146,0.0,0.0,0.0,0.14239810158809027,0.0,False,5.86,2026-09-23T15:55:40
stage2_large_id_02_to_self_recorded_fan_n20_encoder_only__fold6,stage2_large_id_02_to_self_recorded_fan_n20_encoder_only,6,large,id_02,self_recorded_fan,20,encoder_only,1566497744,20,6180,2910,25224,33.75256752722042,32.73911568553177,5.18,0.6805555555555556,0.8461538461538461,28.918869501695795,0.7857142857142857,0.9166666666666666,0.6944444444444444,0.8461538461538461,-0.01388888888888884,0.0,0.7549999999999999,0.8313725490196079,0.8514843750000001,0.8529411764705882,0.09648437500000018,0.021568627450980316,0.18610580265522003,0.09401004016399384,0.18673177063465118,0.0,0.0,0.0,0.15561587115128836,0.0,False,5.23,2026-09-23T15:55:45
stage2_large_id_02_to_self_recorded_fan_n20_encoder_only__fold7,stage2_large_id_02_to_self_recorded_fan_n20_encoder_only,7,large,id_02,self_recorded_fan,20,encoder_only,1967696755,20,6180,2910,25224,33.87950643559092,32.89097587349489,5.31,0.7222222222222222,0.8461538461538461,28.765371931932254,0.7857142857142857,0.9166666666666666,0.7222222222222222,0.8461538461538461,0.0,0.0,0.7491406250000001,0.8268733850129198,0.8514843750000001,0.8529411764705882,0.10234374999999996,0.026067791457668354,0.16971102356910706,0.07394076138734818,0.20506151020526886,0.0,0.0,0.0,0.14957109838724136,0.0,False,5.37,2026-09-23T15:55:51
stage2_large_id_02_to_self_recorded_fan_n20_encoder_only__fold8,stage2_large_id_02_to_self_recorded_fan_n20_encoder_only,8,large,id_02,self_recorded_fan,20,encoder_only,2123881094,20,6180,2910,25224,32.040845064772775,31.109651978482905,5.65,0.625,0.8,29.05148241980722,0.7692307692307693,0.8333333333333334,0.638888888888889,0.8,-0.01388888888888895,0.0,0.78263671875,0.8454172366621067,0.8514843750000001,0.8529411764705882,0.06884765625000011,0.007523939808481539,0.18624402582645416,0.09342939406633377,0.19240479171276093,0.0,0.0,0.0,0.1573594038685163,0.0,False,5.7,2026-09-23T15:55:56
stage2_large_id_02_to_self_recorded_fan_n20_encoder_only__fold9,stage2_large_id_02_to_self_recorded_fan_n20_encoder_only,9,large,id_02,self_recorded_fan,20,encoder_only,1296712585,20,6180,2910,25224,34.27660629429768,33.206854023884254,5.12,0.6666666666666667,0.8,28.31448464555022,0.7692307692307693,0.8333333333333334,0.6805555555555556,0.8,-0.01388888888888884,0.0,0.7512500000000001,0.8227684346701164,0.8514843750000001,0.8529411764705882,0.10023437499999999,0.030172741800471803,0.16934266686439514,0.07602494210004807,0.20994484424591064,0.0,0.0,0.0,0.1517708177367846,0.0,False,5.19,2026-09-23T15:56:02
stage2_large_id_02_to_self_recorded_fan_n20_full__fold0,stage2_large_id_02_to_self_recorded_fan_n20_full,0,large,id_02,self_recorded_fan,20,full,683520556,20,6180,2910,50760,18.31171451647257,6.372965650460155,6.03,0.9722222222222223,0.96,8.88547377350627,0.9230769230769231,1.0,0.7361111111111112,0.8181818181818182,0.23611111111111116,0.14181818181818173,0.43302734375,0.7994987468671679,0.8514843750000001,0.8529411764705882,0.41845703125000006,0.05344242960342027,0.23056752979755402,0.0848875492811203,0.17077024281024933,0.17394977807998657,0.19774925708770752,0.27214452624320984,0.1620751072963079,0.2146145204703013,True,6.09,2026-09-23T15:53:20
stage2_large_id_02_to_self_recorded_fan_n20_full__fold1,stage2_large_id_02_to_self_recorded_fan_n20_full,1,large,id_02,self_recorded_fan,20,full,110080470,20,6180,2910,50760,17.50437474005001,6.324383853637066,6.68,0.9305555555555556,0.96,6.899965617654786,0.9230769230769231,1.0,0.7361111111111112,0.8333333333333334,0.19444444444444442,0.1266666666666666,0.57298828125,0.7984981226533167,0.8514843750000001,0.8529411764705882,0.27849609375000006,0.05444305381727155,0.2331816554069519,0.11763966828584671,0.1386454999446869,0.0718797817826271,0.22807364165782928,0.28245535492897034,0.16315560787916183,0.19413625945647559,False,6.72,2026-09-23T15:53:27
stage2_large_id_02_to_self_recorded_fan_n20_full__fold2,stage2_large_id_02_to_self_recorded_fan_n20_full,2,large,id_02,self_recorded_fan,20,full,907896511,20,6180,2910,50760,18.75483865836232,6.642799913268728,6.01,0.9583333333333334,0.9230769230769231,7.485180794366107,0.8571428571428571,1.0,0.75,0.8181818181818182,0.20833333333333337,0.1048951048951049,0.5196484375,0.7984981226533167,0.8514843750000001,0.8529411764705882,0.33183593750000007,0.05444305381727155,0.2190985530614853,0.09223657101392746,0.0972047746181488,0.04248405247926712,0.16899792850017548,0.24581800401210785,0.1361799662311872,0.15243332833051682,False,6.05,2026-09-23T15:53:33
stage2_large_id_02_to_self_recorded_fan_n20_full__fold3,stage2_large_id_02_to_self_recorded_fan_n20_full,3,large,id_02,self_recorded_fan,20,full,1471995882,20,6180,2910,50760,18.02535577164483,6.551950995455083,6.64,1.0,1.0,7.73870471421842,1.0,1.0,0.7083333333333334,0.8148148148148148,0.29166666666666663,0.18518518518518523,0.46212890624999997,0.7984981226533167,0.8514843750000001,0.8529411764705882,0.3893554687500001,0.05444305381727155,0.240805521607399,0.10090864449739456,0.1476348340511322,0.12813596427440643,0.26020127534866333,0.2723093330860138,0.1631163333853086,0.22021552423636118,False,6.69,2026-09-23T15:53:39
stage2_large_id_02_to_self_recorded_fan_n20_full__fold4,stage2_large_id_02_to_self_recorded_fan_n20_full,4,large,id_02,self_recorded_fan,20,full,828655217,20,6180,2910,50760,18.73841719283271,6.406947312895785,6.03,0.9861111111111112,0.96,7.802888861179551,0.9230769230769231,1.0,0.7083333333333334,0.8461538461538461,0.2777777777777778,0.11384615384615382,0.47625000000000006,0.7984981226533167,0.8514843750000001,0.8529411764705882,0.375234375,0.05444305381727155,0.22586584091186523,0.09662313014268875,0.1068001240491867,0.0553736686706543,0.22460328042507172,0.24282611906528473,0.14309636503458023,0.17426768938700357,False,6.08,2026-09-23T15:53:46
stage2_large_id_02_to_self_recorded_fan_n20_full__fold5,stage2_large_id_02_to_self_recorded_fan_n20_full,5,large,id_02,self_recorded_fan,20,full,1381830057,20,6180,2910,50760,18.082350426113482,6.580090016433873,6.65,0.9027777777777779,0.9230769230769231,6.0010131910295055,0.8571428571428571,1.0,0.6944444444444445,0.8148148148148148,0.20833333333333337,0.10826210826210836,0.58421875,0.7984981226533167,0.8514843750000001,0.8529411764705882,0.26726562500000006,0.05444305381727155,0.24156984686851501,0.097694031894207,0.10787559300661087,0.0526248961687088,0.1783001869916916,0.2646094858646393,0.14904649058977762,0.16517818967501322,False,6.7,2026-09-23T15:53:52
stage2_large_id_02_to_self_recorded_fan_n20_full__fold6,stage2_large_id_02_to_self_recorded_fan_n20_full,6,large,id_02,self_recorded_fan,20,full,1613368686,20,6180,2910,50760,18.8347844487613,6.132255239585011,6.27,1.0,1.0,7.916576913943095,1.0,1.0,0.6944444444444444,0.8461538461538461,0.3055555555555556,0.15384615384615385,0.5052734375,0.7984981226533167,0.8514843750000001,0.8529411764705882,0.3462109375000001,0.05444305381727155,0.22943705320358276,0.08642610162496567,0.11999598890542984,0.12935787439346313,0.2657499611377716,0.26305755972862244,0.14528638124465942,0.21938846508661905,False,6.32,2026-09-23T15:53:59
stage2_large_id_02_to_self_recorded_fan_n20_full__fold7,stage2_large_id_02_to_self_recorded_fan_n20_full,7,large,id_02,self_recorded_fan,20,full,558277287,20,6180,2910,50760,18.540014365284712,6.212850467445924,6.58,0.9722222222222223,0.96,7.957777675846021,0.9230769230769231,1.0,0.7222222222222222,0.8461538461538461,0.2500000000000001,0.11384615384615382,0.528984375,0.7984981226533167,0.8514843750000001,0.8529411764705882,0.3225000000000001,0.05444305381727155,0.2676019072532654,0.07758303731679916,0.11964395642280579,0.0675363689661026,0.21636267006397247,0.27918311953544617,0.15494296699762344,0.18769405285517374,False,6.63,2026-09-23T15:54:05
stage2_large_id_02_to_self_recorded_fan_n20_full__fold8,stage2_large_id_02_to_self_recorded_fan_n20_full,8,large,id_02,self_recorded_fan,20,full,1736247102,20,6180,2910,50760,17.97149571684218,6.2951979637146,5.95,0.9166666666666667,0.9230769230769231,6.3717250927006575,0.8571428571428571,1.0,0.638888888888889,0.8,0.2777777777777778,0.12307692307692308,0.4434765625,0.7984981226533167,0.8514843750000001,0.8529411764705882,0.40800781250000007,0.05444305381727155,0.23679983615875244,0.09141767024993896,0.11843318492174149,0.11787095665931702,0.21331286430358887,0.2373659312725067,0.14888356377681097,0.18951658407847086,False,6.0,2026-09-23T15:54:11
stage2_large_id_02_to_self_recorded_fan_n20_full__fold9,stage2_large_id_02_to_self_recorded_fan_n20_full,9,large,id_02,self_recorded_fan,20,full,58010090,20,6180,2910,50760,18.56066139457152,5.836956137234402,6.37,0.9027777777777779,0.9230769230769231,7.093815833487424,0.8571428571428571,1.0,0.6805555555555556,0.8,0.22222222222222232,0.12307692307692308,0.43955078124999997,0.8010012515644556,0.8514843750000001,0.8529411764705882,0.4119335937500001,0.05193992490613264,0.2337469905614853,0.08455535769462585,0.1329997181892395,0.18315090239048004,0.20792850852012634,0.262332022190094,0.15043402214845022,0.2178038110335668,False,6.42,2026-09-23T15:54:18
stage2_large_id_02_to_self_recorded_fan_n40_bottleneck_only__fold0,stage2_large_id_02_to_self_recorded_fan_n40_bottleneck_only,0,large,id_02,self_recorded_fan,40,bottleneck_only,1010399721,40,12360,5820,1096,31.846409050459716,20.7374396668267,9.51,0.75,0.8888888888888888,18.625634971881695,0.8,1.0,0.7361111111111112,0.8181818181818182,0.01388888888888884,0.07070707070707061,0.5671484375,0.8040712468193384,0.8514843750000001,0.8529411764705882,0.2843359375000001,0.04886992965124981,0.0,0.0,0.34124505519866943,0.21674247086048126,0.0,0.0,0.11374835173288982,0.07224749028682709,True,9.58,2026-09-23T16:02:35
stage2_large_id_02_to_self_recorded_fan_n40_bottleneck_only__fold1,stage2_large_id_02_to_self_recorded_fan_n40_bottleneck_only,1,large,id_02,self_recorded_fan,40,bottleneck_only,1856447323,40,12360,5820,1096,31.331031150424604,20.700806214637364,9.62,0.7083333333333334,0.8571428571428571,18.239524978172728,0.75,1.0,0.7361111111111112,0.8333333333333334,-0.02777777777777779,0.023809523809523725,0.53345703125,0.8045397225725095,0.8514843750000001,0.8529411764705882,0.3180273437500001,0.048401453898078706,0.0,0.0,0.3543672263622284,0.2263360470533371,0.0,0.0,0.11812240878740947,0.07544534901777904,False,9.67,2026-09-23T16:02:44
stage2_large_id_02_to_self_recorded_fan_n40_bottleneck_only__fold2,stage2_large_id_02_to_self_recorded_fan_n40_bottleneck_only,2,large,id_02,self_recorded_fan,40,bottleneck_only,192216388,40,12360,5820,1096,31.507674934937782,20.470333276335726,9.05,0.7222222222222222,0.8571428571428571,17.53636790998988,0.75,1.0,0.75,0.8181818181818182,-0.02777777777777779,0.03896103896103886,0.5357617187500001,0.7994891443167306,0.8514843750000001,0.8529411764705882,0.31572265624999996,0.05345203215385763,0.0,0.0,0.34774795174598694,0.23461201786994934,0.0,0.0,0.11591598391532898,0.07820400595664978,False,9.1,2026-09-23T16:02:53
stage2_large_id_02_to_self_recorded_fan_n40_bottleneck_only__fold3,stage2_large_id_02_to_self_recorded_fan_n40_bottleneck_only,3,large,id_02,self_recorded_fan,40,bottleneck_only,1763771243,40,12360,5820,1096,31.28234473946168,20.60402750231556,9.48,0.75,0.8888888888888888,17.5383554972122,0.8,1.0,0.7083333333333334,0.8148148148148148,0.04166666666666663,0.07407407407407407,0.54236328125,0.8,0.8514843750000001,0.8529411764705882,0.3091210937500001,0.05294117647058816,0.0,0.0,0.34536945819854736,0.22860778868198395,0.0,0.0,0.11512315273284912,0.07620259622732799,False,9.53,2026-09-23T16:03:03
stage2_large_id_02_to_self_recorded_fan_n40_bottleneck_only__fold4,stage2_large_id_02_to_self_recorded_fan_n40_bottleneck_only,4,large,id_02,self_recorded_fan,40,bottleneck_only,278972469,40,12360,5820,1096,31.56040972286893,21.1115622962873,9.86,0.75,0.8888888888888888,17.16196170631542,0.8,1.0,0.7083333333333334,0.8461538461538461,0.04166666666666663,0.042735042735042694,0.5415820312499999,0.8015267175572519,0.8514843750000001,0.8529411764705882,0.30990234375000014,0.05141445891333629,0.0,0.0,0.36394479870796204,0.22859562933444977,0.0,0.0,0.12131493290265401,0.07619854311148326,False,9.91,2026-09-23T16:03:13
stage2_large_id_02_to_self_recorded_fan_n40_bottleneck_only__fold5,stage2_large_id_02_to_self_recorded_fan_n40_bottleneck_only,5,large,id_02,self_recorded_fan,40,bottleneck_only,1561534140,40,12360,5820,1096,31.912328051537582,20.81022630278597,9.26,0.7083333333333333,0.8571428571428571,17.150221546323774,0.75,1.0,0.6944444444444445,0.8148148148148148,0.013888888888888729,0.042328042328042326,0.54240234375,0.803030303030303,0.8514843750000001,0.8529411764705882,0.3090820312500001,0.04991087344028522,0.0,0.0,0.3483442962169647,0.2277977466583252,0.0,0.0,0.11611476540565491,0.07593258221944173,False,9.32,2026-09-23T16:03:22
stage2_large_id_02_to_self_recorded_fan_n40_bottleneck_only__fold6,stage2_large_id_02_to_self_recorded_fan_n40_bottleneck_only,6,large,id_02,self_recorded_fan,40,bottleneck_only,1462888916,40,12360,5820,1096,31.912337470300418,21.06662478889387,9.27,0.6666666666666666,0.8571428571428571,17.526675093674505,0.75,1.0,0.6944444444444444,0.8461538461538461,-0.02777777777777779,0.01098901098901095,0.5495703125,0.8015267175572519,0.8514843750000001,0.8529411764705882,0.3019140625000001,0.05141445891333629,0.0,0.0,0.35183843970298767,0.2314896583557129,0.0,0.0,0.1172794799009959,0.0771632194519043,False,9.33,2026-09-23T16:03:31
stage2_large_id_02_to_self_recorded_fan_n40_bottleneck_only__fold7,stage2_large_id_02_to_self_recorded_fan_n40_bottleneck_only,7,large,id_02,self_recorded_fan,40,bottleneck_only,940339350,40,12360,5820,1096,31.514367683646604,21.235752272851688,9.52,0.6944444444444445,0.8571428571428571,17.664117111207837,0.75,1.0,0.7222222222222222,0.8461538461538461,-0.02777777777777768,0.01098901098901095,0.555234375,0.8035487959442332,0.8514843750000001,0.8529411764705882,0.2962500000000001,0.04939238052635497,0.0,0.0,0.35287439823150635,0.2076118439435959,0.0,0.0,0.11762479941050212,0.06920394798119862,False,9.57,2026-09-23T16:03:41
stage2_large_id_02_to_self_recorded_fan_n40_bottleneck_only__fold8,stage2_large_id_02_to_self_recorded_fan_n40_bottleneck_only,8,large,id_02,self_recorded_fan,40,bottleneck_only,1158175537,40,12360,5820,1096,31.488060695608866,20.87356638171009,9.33,0.625,0.8571428571428571,17.203302302579065,0.75,1.0,0.638888888888889,0.8,-0.01388888888888895,0.05714285714285705,0.53326171875,0.8010012515644556,0.8514843750000001,0.8529411764705882,0.3182226562500001,0.05193992490613264,0.0,0.0,0.3548314869403839,0.22544148564338684,0.0,0.0,0.1182771623134613,0.07514716188112895,False,9.39,2026-09-23T16:03:50
stage2_large_id_02_to_self_recorded_fan_n40_bottleneck_only__fold9,stage2_large_id_02_to_self_recorded_fan_n40_bottleneck_only,9,large,id_02,self_recorded_fan,40,bottleneck_only,1199093378,40,12360,5820,1096,32.246479398196506,21.26356227127547,9.46,0.6944444444444444,0.8888888888888888,17.778111887667244,0.8,1.0,0.6805555555555556,0.8,0.01388888888888884,0.0888888888888888,0.5583593750000001,0.8025316455696202,0.8514843750000001,0.8529411764705882,0.29312499999999997,0.050409530900968,0.0,0.0,0.35832396149635315,0.22848770022392273,0.0,0.0,0.11944132049878438,0.07616256674130757,False,9.52,2026-09-23T16:04:00
stage2_large_id_02_to_self_recorded_fan_n40_decoder_only__fold0,stage2_large_id_02_to_self_recorded_fan_n40_decoder_only,0,large,id_02,self_recorded_fan,40,decoder_only,1215340906,40,12360,5820,25536,15.422267682773551,8.050089966390551,9.92,0.9444444444444444,0.9565217391304348,11.104853512535339,1.0,0.9166666666666666,0.7361111111111112,0.8181818181818182,0.20833333333333326,0.13833992094861658,0.59060546875,0.7984981226533167,0.8514843750000001,0.8529411764705882,0.2608789062500001,0.05444305381727155,0.0,0.0,0.0,0.12692052125930786,0.24345898628234863,0.3417273759841919,0.0,0.2373689611752828,True,9.98,2026-09-23T15:59:07
stage2_large_id_02_to_self_recorded_fan_n40_decoder_only__fold1,stage2_large_id_02_to_self_recorded_fan_n40_decoder_only,1,large,id_02,self_recorded_fan,40,decoder_only,1914530422,40,12360,5820,25536,15.389489950592985,8.577699309771823,9.64,0.875,0.8571428571428571,7.184783716401606,0.75,1.0,0.7361111111111112,0.8333333333333334,0.13888888888888884,0.023809523809523725,0.5598828125,0.7984981226533167,0.8514843750000001,0.8529411764705882,0.2916015625,0.05444305381727155,0.0,0.0,0.0,0.11378904432058334,0.23992179334163666,0.2626764178276062,0.0,0.20546241849660873,False,9.7,2026-09-23T15:59:16
stage2_large_id_02_to_self_recorded_fan_n40_decoder_only__fold2,stage2_large_id_02_to_self_recorded_fan_n40_decoder_only,2,large,id_02,self_recorded_fan,40,decoder_only,2074540861,40,12360,5820,25536,15.677758737937692,8.44646141701138,9.7,0.875,0.88,9.42767727357305,0.8461538461538461,0.9166666666666666,0.75,0.8181818181818182,0.125,0.06181818181818177,0.57642578125,0.7984981226533167,0.8514843750000001,0.8529411764705882,0.2750585937500001,0.05444305381727155,0.0,0.0,0.0,0.109392449259758,0.23892349004745483,0.3026377856731415,0.0,0.21698457499345145,False,9.75,2026-09-23T15:59:26
stage2_large_id_02_to_self_recorded_fan_n40_decoder_only__fold3,stage2_large_id_02_to_self_recorded_fan_n40_decoder_only,3,large,id_02,self_recorded_fan,40,decoder_only,1087519570,40,12360,5820,25536,15.436757082791672,8.580547647377879,9.79,0.8750000000000001,0.8695652173913043,9.348020219848735,0.9090909090909091,0.8333333333333334,0.7083333333333334,0.8148148148148148,0.16666666666666674,0.054750402576489554,0.557734375,0.7984981226533167,0.8514843750000001,0.8529411764705882,0.29375000000000007,0.05444305381727155,0.0,0.0,0.0,0.11900389939546585,0.23636336624622345,0.29342424869537354,0.0,0.21626383811235428,False,9.85,2026-09-23T15:59:36
stage2_large_id_02_to_self_recorded_fan_n40_decoder_only__fold4,stage2_large_id_02_to_self_recorded_fan_n40_decoder_only,4,large,id_02,self_recorded_fan,40,decoder_only,972667068,40,12360,5820,25536,15.473623162692355,8.629878194061751,9.97,0.9027777777777779,0.9230769230769231,8.86397231359236,0.8571428571428571,1.0,0.7083333333333334,0.8461538461538461,0.19444444444444453,0.07692307692307698,0.57458984375,0.7984981226533167,0.8514843750000001,0.8529411764705882,0.2768945312500001,0.05444305381727155,0.0,0.0,0.0,0.09569061547517776,0.2347712367773056,0.24877621233463287,0.0,0.19307935486237207,False,10.02,2026-09-23T15:59:46
stage2_large_id_02_to_self_recorded_fan_n40_decoder_only__fold5,stage2_large_id_02_to_self_recorded_fan_n40_decoder_only,5,large,id_02,self_recorded_fan,40,decoder_only,821791288,40,12360,5820,25536,15.684269929669567,8.532759944188227,9.38,0.8611111111111112,0.8571428571428571,7.223085907579148,0.75,1.0,0.6944444444444445,0.8148148148148148,0.16666666666666663,0.042328042328042326,0.54291015625,0.7984981226533167,0.8514843750000001,0.8529411764705882,0.30857421875,0.05444305381727155,0.0,0.0,0.0,0.1200309693813324,0.2414812445640564,0.23117808997631073,0.0,0.1975634346405665,False,9.43,2026-09-23T15:59:55
stage2_large_id_02_to_self_recorded_fan_n40_decoder_only__fold6,stage2_large_id_02_to_self_recorded_fan_n40_decoder_only,6,large,id_02,self_recorded_fan,40,decoder_only,258974447,40,12360,5820,25536,15.711187387250133,8.757757619484183,10.25,0.9166666666666667,0.9090909090909091,11.393779091784804,1.0,0.8333333333333334,0.6944444444444444,0.8461538461538461,0.22222222222222232,0.06293706293706292,0.560390625,0.7984981226533167,0.8514843750000001,0.8529411764705882,0.29109375000000004,0.05444305381727155,0.0,0.0,0.0,0.10844076424837112,0.23270605504512787,0.21796952188014984,0.0,0.18637211372454962,False,10.31,2026-09-23T16:00:06
stage2_large_id_02_to_self_recorded_fan_n40_decoder_only__fold7,stage2_large_id_02_to_self_recorded_fan_n40_decoder_only,7,large,id_02,self_recorded_fan,40,decoder_only,1420100303,40,12360,5820,25536,15.144335835250383,8.450612987439657,9.91,0.9444444444444445,0.9230769230769231,8.253940515228926,0.8571428571428571,1.0,0.7222222222222222,0.8461538461538461,0.22222222222222232,0.07692307692307698,0.60029296875,0.8010012515644556,0.8514843750000001,0.8529411764705882,0.25119140625,0.05193992490613264,0.0,0.0,0.0,0.10339448601007462,0.26274025440216064,0.3586122691631317,0.0,0.24158233652512232,False,9.97,2026-09-23T16:00:16
stage2_large_id_02_to_self_recorded_fan_n40_decoder_only__fold8,stage2_large_id_02_to_self_recorded_fan_n40_decoder_only,8,large,id_02,self_recorded_fan,40,decoder_only,1966812714,40,12360,5820,25536,15.511094791373027,8.542215185067088,9.41,0.9444444444444445,0.9230769230769231,9.153561632122322,0.8571428571428571,1.0,0.638888888888889,0.8,0.3055555555555556,0.12307692307692308,0.5814062499999999,0.7984981226533167,0.8514843750000001,0.8529411764705882,0.27007812500000017,0.05444305381727155,0.0,0.0,0.0,0.09866632521152496,0.23109138011932373,0.2475416213274002,0.0,0.19243310888608298,False,9.47,2026-09-23T16:00:25
stage2_large_id_02_to_self_recorded_fan_n40_decoder_only__fold9,stage2_large_id_02_to_self_recorded_fan_n40_decoder_only,9,large,id_02,self_recorded_fan,40,decoder_only,11373729,40,12360,5820,25536,15.81033916080121,8.312854823377943,9.69,0.9166666666666667,0.9230769230769231,9.637577086581757,0.8571428571428571,1.0,0.6805555555555556,0.8,0.23611111111111116,0.12307692307692308,0.6110546875,0.7984981226533167,0.8514843750000001,0.8529411764705882,0.24042968750000004,0.05444305381727155,0.0,0.0,0.0,0.10069918632507324,0.23781375586986542,0.31498241424560547,0.0,0.21783178548018137,False,9.75,2026-09-23T16:00:35
stage2_large_id_02_to_self_recorded_fan_n40_encoder_only__fold0,stage2_large_id_02_to_self_recorded_fan_n40_encoder_only,0,large,id_02,self_recorded_fan,40,encoder_only,132760888,40,12360,5820,25224,33.13340628515814,32.41905206503327,11.45,0.7222222222222223,0.8333333333333334,32.029251769585585,0.8333333333333334,0.8333333333333334,0.7361111111111112,0.8181818181818182,-0.01388888888888884,0.015151515151515138,0.71419921875,0.8196286472148541,0.8514843750000001,0.8529411764705882,0.13728515625000004,0.033312529255734136,0.2219742238521576,0.10895581543445587,0.2752755880355835,0.0,0.0,0.0,0.20206854244073233,0.0,True,11.51,2026-09-23T16:00:47
stage2_large_id_02_to_self_recorded_fan_n40_encoder_only__fold1,stage2_large_id_02_to_self_recorded_fan_n40_encoder_only,1,large,id_02,self_recorded_fan,40,encoder_only,808963325,40,12360,5820,25224,32.557603255989626,31.889539138557986,11.01,0.75,0.8333333333333334,31.59614017612781,0.8333333333333334,0.8333333333333334,0.7361111111111112,0.8333333333333334,0.01388888888888884,0.0,0.7504687499999999,0.8324607329842932,0.8514843750000001,0.8529411764705882,0.10101562500000016,0.020480443486294964,0.22550438344478607,0.10834923386573792,0.2678266167640686,0.0,0.0,0.0,0.2005600780248642,0.0,False,11.07,2026-09-23T16:00:58
stage2_large_id_02_to_self_recorded_fan_n40_encoder_only__fold2,stage2_large_id_02_to_self_recorded_fan_n40_encoder_only,2,large,id_02,self_recorded_fan,40,encoder_only,768734567,40,12360,5820,25224,32.79604918686385,32.09715288693143,10.99,0.7222222222222222,0.8148148148148148,28.140988854245947,0.7333333333333333,0.9166666666666666,0.75,0.8181818181818182,-0.02777777777777779,-0.0033670033670034627,0.7461328125,0.8365122615803815,0.8514843750000001,0.8529411764705882,0.1053515625000001,0.016428914890206703,0.2361104041337967,0.10979942977428436,0.2621634900569916,0.0,0.0,0.0,0.20269110798835754,0.0,False,11.06,2026-09-23T16:01:09
stage2_large_id_02_to_self_recorded_fan_n40_encoder_only__fold3,stage2_large_id_02_to_self_recorded_fan_n40_encoder_only,3,large,id_02,self_recorded_fan,40,encoder_only,454315052,40,12360,5820,25224,32.531434590054545,31.815759648981782,10.47,0.6944444444444444,0.8148148148148148,27.441816106758246,0.7333333333333333,0.9166666666666666,0.7083333333333334,0.8148148148148148,-0.01388888888888895,0.0,0.73283203125,0.8283093053735255,0.8514843750000001,0.8529411764705882,0.11865234375000011,0.024631871097062663,0.23690779507160187,0.12160850316286087,0.27162086963653564,0.0,0.0,0.0,0.21004572262366614,0.0,False,10.52,2026-09-23T16:01:19
stage2_large_id_02_to_self_recorded_fan_n40_encoder_only__fold4,stage2_large_id_02_to_self_recorded_fan_n40_encoder_only,4,large,id_02,self_recorded_fan,40,encoder_only,1422105986,40,12360,5820,25224,32.69665541108122,31.935029511599197,10.63,0.7222222222222222,0.8461538461538461,28.446514962173975,0.7857142857142857,0.9166666666666666,0.7083333333333334,0.8461538461538461,0.01388888888888884,0.0,0.75541015625,0.8381962864721485,0.8514843750000001,0.8529411764705882,0.0960742187500001,0.014744889998439703,0.23715299367904663,0.11722829192876816,0.28195005655288696,0.0,0.0,0.0,0.21211044738690057,0.0,False,10.68,2026-09-23T16:01:30
stage2_large_id_02_to_self_recorded_fan_n40_encoder_only__fold5,stage2_large_id_02_to_self_recorded_fan_n40_encoder_only,5,large,id_02,self_recorded_fan,40,encoder_only,397837869,40,12360,5820,25224,33.20215845599617,32.481158875927484,10.79,0.6805555555555556,0.8148148148148148,27.790786593,0.7333333333333333,0.9166666666666666,0.6944444444444445,0.8148148148148148,-0.01388888888888895,0.0,0.74244140625,0.8350785340314136,0.8514843750000001,0.8529411764705882,0.10904296875000008,0.01786264243917457,0.23698262870311737,0.12338598817586899,0.26323202252388,0.0,0.0,0.0,0.20786687980095545,0.0,False,10.85,2026-09-23T16:01:41
stage2_large_id_02_to_self_recorded_fan_n40_encoder_only__fold6,stage2_large_id_02_to_self_recorded_fan_n40_encoder_only,6,large,id_02,self_recorded_fan,40,encoder_only,1656438075,40,12360,5820,25224,33.20095017030067,32.43463426766937,11.02,0.6805555555555556,0.8461538461538461,28.906122924336234,0.7857142857142857,0.9166666666666666,0.6944444444444444,0.8461538461538461,-0.01388888888888884,0.0,0.7374609375,0.8293963254593176,0.8514843750000001,0.8529411764705882,0.1140234375000001,0.023544851011270573,0.24128881096839905,0.12194150686264038,0.28119194507598877,0.0,0.0,0.0,0.2148074209690094,0.0,False,11.07,2026-09-23T16:01:52
stage2_large_id_02_to_self_recorded_fan_n40_encoder_only__fold7,stage2_large_id_02_to_self_recorded_fan_n40_encoder_only,7,large,id_02,self_recorded_fan,40,encoder_only,661981843,40,12360,5820,25224,32.787559715742916,32.06750115660048,10.77,0.7222222222222222,0.8461538461538461,28.744187841596418,0.7857142857142857,0.9166666666666666,0.7222222222222222,0.8461538461538461,0.0,0.0,0.735390625,0.8289473684210527,0.8514843750000001,0.8529411764705882,0.1160937500000001,0.023993808049535548,0.2224540412425995,0.10958023369312286,0.2755890488624573,0.0,0.0,0.0,0.20254110793272653,0.0,False,10.83,2026-09-23T16:02:03
stage2_large_id_02_to_self_recorded_fan_n40_encoder_only__fold8,stage2_large_id_02_to_self_recorded_fan_n40_encoder_only,8,large,id_02,self_recorded_fan,40,encoder_only,751339400,40,12360,5820,25224,32.71331627835932,31.89936451076232,11.38,0.625,0.8,28.992114293380304,0.7692307692307693,0.8333333333333334,0.638888888888889,0.8,-0.01388888888888895,0.0,0.7613085937499999,0.8395061728395061,0.8514843750000001,0.8529411764705882,0.09017578125000014,0.013435003631082076,0.229482501745224,0.10649067908525467,0.27748945355415344,0.0,0.0,0.0,0.20448754479487738,0.0,False,11.44,2026-09-23T16:02:14
stage2_large_id_02_to_self_recorded_fan_n40_encoder_only__fold9,stage2_large_id_02_to_self_recorded_fan_n40_encoder_only,9,large,id_02,self_recorded_fan,40,encoder_only,402513062,40,12360,5820,25224,33.4642247367151,32.66132334089771,10.86,0.6666666666666667,0.8,28.24756736491782,0.7692307692307693,0.8333333333333334,0.6805555555555556,0.8,-0.01388888888888884,0.0,0.7385937499999999,0.8346456692913385,0.8514843750000001,0.8529411764705882,0.11289062500000013,0.01829550717924966,0.2601207196712494,0.12925024330615997,0.2844961881637573,0.0,0.0,0.0,0.22462238371372223,0.0,False,10.92,2026-09-23T16:02:25
stage2_large_id_02_to_self_recorded_fan_n40_full__fold0,stage2_large_id_02_to_self_recorded_fan_n40_full,0,large,id_02,self_recorded_fan,40,full,456787972,40,12360,5820,50760,15.173427365489841,5.350532295777626,12.78,1.0,1.0,9.06365592279952,1.0,1.0,0.7361111111111112,0.8181818181818182,0.26388888888888884,0.18181818181818177,0.526640625,0.7984981226533167,0.8514843750000001,0.8529411764705882,0.3248437500000001,0.05444305381727155,0.31970322132110596,0.13472671806812286,0.22441838681697845,0.21722841262817383,0.33433184027671814,0.33242660760879517,0.2262827754020691,0.2946622868378957,True,12.85,2026-09-23T15:57:03
stage2_large_id_02_to_self_recorded_fan_n40_full__fold1,stage2_large_id_02_to_self_recorded_fan_n40_full,1,large,id_02,self_recorded_fan,40,full,1933120819,40,12360,5820,50760,15.083617682309495,5.464169843909667,12.68,0.9861111111111112,0.96,6.518284801755753,0.9230769230769231,1.0,0.7361111111111112,0.8333333333333334,0.25,0.1266666666666666,0.48269531250000003,0.7984981226533167,0.8514843750000001,0.8529411764705882,0.36878906250000004,0.05444305381727155,0.3186246454715729,0.1538783460855484,0.18864218890666962,0.14397257566452026,0.35477039217948914,0.3338579535484314,0.22038172682126364,0.2775336404641469,False,12.73,2026-09-23T15:57:16
stage2_large_id_02_to_self_recorded_fan_n40_full__fold2,stage2_large_id_02_to_self_recorded_fan_n40_full,2,large,id_02,self_recorded_fan,40,full,627381815,40,12360,5820,50760,15.353022216521587,5.6936222892446615,12.24,1.0,1.0,6.8994403215950255,1.0,1.0,0.75,0.8181818181818182,0.25,0.18181818181818177,0.5146875,0.7984981226533167,0.8514843750000001,0.8529411764705882,0.3367968750000001,0.05444305381727155,0.31881093978881836,0.167979896068573,0.25407683849334717,0.09407027065753937,0.32206833362579346,0.32702818512916565,0.24695589145024618,0.24772226313749948,False,12.29,2026-09-23T15:57:28
stage2_large_id_02_to_self_recorded_fan_n40_full__fold3,stage2_large_id_02_to_self_recorded_fan_n40_full,3,large,id_02,self_recorded_fan,40,full,1694482382,40,12360,5820,50760,15.13944209482252,5.532661737854948,12.3,1.0,1.0,6.870166249601156,1.0,1.0,0.7083333333333334,0.8148148148148148,0.29166666666666663,0.18518518518518523,0.5070117187500001,0.7984981226533167,0.8514843750000001,0.8529411764705882,0.34447265625,0.05444305381727155,0.32220232486724854,0.14299596846103668,0.1841600239276886,0.1699267476797104,0.3580165207386017,0.32952120900154114,0.21645277241865793,0.2858214924732844,False,12.36,2026-09-23T15:57:41
stage2_large_id_02_to_self_recorded_fan_n40_full__fold4,stage2_large_id_02_to_self_recorded_fan_n40_full,4,large,id_02,self_recorded_fan,40,full,927256018,40,12360,5820,50760,15.21563887350338,5.383598224403932,12.73,1.0,1.0,6.871410151470782,1.0,1.0,0.7083333333333334,0.8461538461538461,0.29166666666666663,0.15384615384615385,0.49314453125,0.7984981226533167,0.8514843750000001,0.8529411764705882,0.35833984375000005,0.05444305381727155,0.33425387740135193,0.14184285700321198,0.17961671948432922,0.17040063440799713,0.31347885727882385,0.31440022587776184,0.2185711512962977,0.2660932391881943,False,12.79,2026-09-23T15:57:54
stage2_large_id_02_to_self_recorded_fan_n40_full__fold5,stage2_large_id_02_to_self_recorded_fan_n40_full,5,large,id_02,self_recorded_fan,40,full,1249417812,40,12360,5820,50760,15.427044214661588,5.554162381850567,12.32,0.9861111111111112,0.96,5.630224811827702,0.9230769230769231,1.0,0.6944444444444445,0.8148148148148148,0.29166666666666663,0.1451851851851852,0.44744140625,0.7984981226533167,0.8514843750000001,0.8529411764705882,0.40404296875000006,0.05444305381727155,0.3169229030609131,0.15818528831005096,0.2609260380268097,0.14685533940792084,0.3394463062286377,0.3345440626144409,0.24534474313259125,0.2736152360836665,False,12.38,2026-09-23T15:58:06
stage2_large_id_02_to_self_recorded_fan_n40_full__fold6,stage2_large_id_02_to_self_recorded_fan_n40_full,6,large,id_02,self_recorded_fan,40,full,408038762,40,12360,5820,50760,15.426950179424482,5.566796312627104,12.72,1.0,1.0,6.254036080048638,1.0,1.0,0.6944444444444444,0.8461538461538461,0.3055555555555556,0.15384615384615385,0.5065234375,0.7984981226533167,0.8514843750000001,0.8529411764705882,0.3449609375000001,0.05444305381727155,0.3204139769077301,0.14708755910396576,0.18065336346626282,0.16940295696258545,0.3424251079559326,0.32239779829978943,0.21605163315931955,0.27807528773943585,False,12.77,2026-09-23T15:58:19
stage2_large_id_02_to_self_recorded_fan_n40_full__fold7,stage2_large_id_02_to_self_recorded_fan_n40_full,7,large,id_02,self_recorded_fan,40,full,265023930,40,12360,5820,50760,14.935850821819502,5.501730574774988,12.46,1.0,1.0,6.846112499147745,1.0,1.0,0.7222222222222222,0.8461538461538461,0.2777777777777778,0.15384615384615385,0.54126953125,0.7984981226533167,0.8514843750000001,0.8529411764705882,0.3102148437500001,0.05444305381727155,0.31962311267852783,0.14944452047348022,0.2267521470785141,0.21628674864768982,0.29730406403541565,0.3024483621120453,0.23193992674350739,0.27201305826505023,False,12.51,2026-09-23T15:58:31
stage2_large_id_02_to_self_recorded_fan_n40_full__fold8,stage2_large_id_02_to_self_recorded_fan_n40_full,8,large,id_02,self_recorded_fan,40,full,1914356063,40,12360,5820,50760,15.203948974609375,5.448606407519469,12.66,1.0,1.0,6.231110037963994,1.0,1.0,0.638888888888889,0.8,0.36111111111111105,0.19999999999999996,0.50076171875,0.7984981226533167,0.8514843750000001,0.8529411764705882,0.3507226562500001,0.05444305381727155,0.32500869035720825,0.13797388970851898,0.1895691603422165,0.16580037772655487,0.3259005546569824,0.3211195468902588,0.21751724680264792,0.270940159757932,False,12.72,2026-09-23T15:58:44
stage2_large_id_02_to_self_recorded_fan_n40_full__fold9,stage2_large_id_02_to_self_recorded_fan_n40_full,9,large,id_02,self_recorded_fan,40,full,1909142914,40,12360,5820,50760,15.243423643800401,5.1534485325370865,12.65,1.0,1.0,6.462199113195448,1.0,1.0,0.6805555555555556,0.8,0.3194444444444444,0.19999999999999996,0.56048828125,0.7984981226533167,0.8514843750000001,0.8529411764705882,0.29099609375,0.05444305381727155,0.3490212559700012,0.12148884683847427,0.16258995234966278,0.1541997492313385,0.24661701917648315,0.3166261613368988,0.21103335171937943,0.23914764324824014,False,12.71,2026-09-23T15:58:57
stage2_large_id_02_to_self_recorded_fan_n5_bottleneck_only__fold0,stage2_large_id_02_to_self_recorded_fan_n5_bottleneck_only,0,large,id_02,self_recorded_fan,5,bottleneck_only,64288732,5,1545,750,1096,37.57984741210937,24.22997932434082,1.22,0.6805555555555556,0.8461538461538461,20.555811691565935,0.7857142857142857,0.9166666666666666,0.7361111111111112,0.8181818181818182,-0.05555555555555558,0.027972027972027913,0.6134765625,0.8005018820577164,0.8514843750000001,0.8529411764705882,0.23800781250000003,0.05243929441287176,0.0,0.0,0.10132183134555817,0.08343832194805145,0.0,0.0,0.03377394378185272,0.02781277398268382,True,1.29,2026-09-23T15:51:09
stage2_large_id_02_to_self_recorded_fan_n5_bottleneck_only__fold1,stage2_large_id_02_to_self_recorded_fan_n5_bottleneck_only,1,large,id_02,self_recorded_fan,5,bottleneck_only,1325671344,5,1545,750,1096,29.753338088989256,20.270185928344727,1.22,0.6944444444444445,0.8148148148148148,18.85270057624541,0.7333333333333333,0.9166666666666666,0.7361111111111112,0.8333333333333334,-0.04166666666666663,-0.0185185185185186,0.56599609375,0.7984981226533167,0.8514843750000001,0.8529411764705882,0.28548828125000003,0.05444305381727155,0.0,0.0,0.10301001369953156,0.08210643380880356,0.0,0.0,0.034336671233177185,0.027368811269601185,False,1.27,2026-09-23T15:51:10
stage2_large_id_02_to_self_recorded_fan_n5_bottleneck_only__fold2,stage2_large_id_02_to_self_recorded_fan_n5_bottleneck_only,2,large,id_02,self_recorded_fan,5,bottleneck_only,961756360,5,1545,750,1096,36.63899856567383,24.122499923706055,1.18,0.6944444444444444,0.8461538461538461,19.639062450014514,0.7857142857142857,0.9166666666666666,0.75,0.8181818181818182,-0.05555555555555558,0.027972027972027913,0.59595703125,0.7984981226533167,0.8514843750000001,0.8529411764705882,0.2555273437500001,0.05444305381727155,0.0,0.0,0.0961986854672432,0.08322760462760925,0.0,0.0,0.03206622848908106,0.02774253487586975,False,1.23,2026-09-23T15:51:12
stage2_large_id_02_to_self_recorded_fan_n5_bottleneck_only__fold3,stage2_large_id_02_to_self_recorded_fan_n5_bottleneck_only,3,large,id_02,self_recorded_fan,5,bottleneck_only,2122506946,5,1545,750,1096,34.493452606201174,23.929681930541992,1.26,0.6527777777777778,0.8461538461538461,18.91996511502003,0.7857142857142857,0.9166666666666666,0.7083333333333334,0.8148148148148148,-0.05555555555555558,0.031339031339031376,0.59767578125,0.7984981226533167,0.8514843750000001,0.8529411764705882,0.2538085937500001,0.05444305381727155,0.0,0.0,0.1014631986618042,0.07693114131689072,0.0,0.0,0.0338210662206014,0.025643713772296906,False,1.31,2026-09-23T15:51:13
stage2_large_id_02_to_self_recorded_fan_n5_bottleneck_only__fold4,stage2_large_id_02_to_self_recorded_fan_n5_bottleneck_only,4,large,id_02,self_recorded_fan,5,bottleneck_only,783219448,5,1545,750,1096,30.711143341064453,20.18457504272461,1.2,0.6805555555555556,0.8461538461538461,17.669441472664147,0.7857142857142857,0.9166666666666666,0.7083333333333334,0.8461538461538461,-0.02777777777777779,0.0,0.58130859375,0.7984981226533167,0.8514843750000001,0.8529411764705882,0.2701757812500001,0.05444305381727155,0.0,0.0,0.10436826199293137,0.08239011466503143,0.0,0.0,0.034789420664310455,0.02746337155501048,False,1.24,2026-09-23T15:51:14
stage2_large_id_02_to_self_recorded_fan_n5_bottleneck_only__fold5,stage2_large_id_02_to_self_recorded_fan_n5_bottleneck_only,5,large,id_02,self_recorded_fan,5,bottleneck_only,843753582,5,1545,750,1096,33.69363410949707,21.914985046386718,1.19,0.7083333333333333,0.8461538461538461,19.106289186216944,0.7857142857142857,0.9166666666666666,0.6944444444444445,0.8148148148148148,0.013888888888888729,0.031339031339031376,0.58236328125,0.7984981226533167,0.8514843750000001,0.8529411764705882,0.26912109375000004,0.05444305381727155,0.0,0.0,0.10630245506763458,0.08234971016645432,0.0,0.0,0.035434151689211525,0.027449903388818104,False,1.23,2026-09-23T15:51:15
stage2_large_id_02_to_self_recorded_fan_n5_bottleneck_only__fold6,stage2_large_id_02_to_self_recorded_fan_n5_bottleneck_only,6,large,id_02,self_recorded_fan,5,bottleneck_only,124247979,5,1545,750,1096,35.78786430358887,24.181230545043945,1.34,0.6805555555555556,0.8461538461538461,19.338949393122533,0.7857142857142857,0.9166666666666666,0.6944444444444444,0.8461538461538461,-0.01388888888888884,0.0,0.5836718750000001,0.7984981226533167,0.8514843750000001,0.8529411764705882,0.2678125,0.05444305381727155,0.0,0.0,0.10144297778606415,0.08141877502202988,0.0,0.0,0.03381432592868805,0.02713959167400996,False,1.39,2026-09-23T15:51:17
stage2_large_id_02_to_self_recorded_fan_n5_bottleneck_only__fold7,stage2_large_id_02_to_self_recorded_fan_n5_bottleneck_only,7,large,id_02,self_recorded_fan,5,bottleneck_only,1840112632,5,1545,750,1096,36.74067443847656,23.52400863647461,1.35,0.6805555555555556,0.8461538461538461,21.208319798091303,0.7857142857142857,0.9166666666666666,0.7222222222222222,0.8461538461538461,-0.04166666666666663,0.0,0.6094335937500001,0.8025157232704403,0.8514843750000001,0.8529411764705882,0.24205078125,0.05042545320014791,0.0,0.0,0.10203086584806442,0.08236204087734222,0.0,0.0,0.034010288616021477,0.027454013625780743,False,1.4,2026-09-23T15:51:18
stage2_large_id_02_to_self_recorded_fan_n5_bottleneck_only__fold8,stage2_large_id_02_to_self_recorded_fan_n5_bottleneck_only,8,large,id_02,self_recorded_fan,5,bottleneck_only,2104330737,5,1545,750,1096,31.551276779174806,22.2749861907959,1.45,0.6805555555555556,0.8461538461538461,19.651483033471127,0.7857142857142857,0.9166666666666666,0.638888888888889,0.8,0.04166666666666663,0.0461538461538461,0.5809765625000001,0.7994987468671679,0.8514843750000001,0.8529411764705882,0.2705078125,0.05344242960342027,0.0,0.0,0.09720410406589508,0.07233137637376785,0.0,0.0,0.03240136802196503,0.02411045879125595,False,1.5,2026-09-23T15:51:20
stage2_large_id_02_to_self_recorded_fan_n5_bottleneck_only__fold9,stage2_large_id_02_to_self_recorded_fan_n5_bottleneck_only,9,large,id_02,self_recorded_fan,5,bottleneck_only,824595230,5,1545,750,1096,38.66505844116211,24.841681213378905,1.15,0.6805555555555556,0.8571428571428571,19.093460879878915,0.75,1.0,0.6805555555555556,0.8,0.0,0.05714285714285705,0.59568359375,0.8005018820577164,0.8514843750000001,0.8529411764705882,0.25580078125000005,0.05243929441287176,0.0,0.0,0.1003495380282402,0.0838320255279541,0.0,0.0,0.0334498460094134,0.027944008509318035,False,1.21,2026-09-23T15:51:21
stage2_large_id_02_to_self_recorded_fan_n5_decoder_only__fold0,stage2_large_id_02_to_self_recorded_fan_n5_decoder_only,0,large,id_02,self_recorded_fan,5,decoder_only,1692154792,5,1545,750,25536,31.63074348449707,7.570043964385986,1.24,0.6805555555555556,0.8571428571428571,8.337351794066624,0.75,1.0,0.7361111111111112,0.8181818181818182,-0.05555555555555558,0.03896103896103886,0.48544921875,0.7984981226533167,0.8514843750000001,0.8529411764705882,0.36603515625000005,0.05444305381727155,0.0,0.0,0.0,0.053860560059547424,0.08872642368078232,0.15581335127353668,0.0,0.09946677833795547,True,1.29,2026-09-23T15:50:41
stage2_large_id_02_to_self_recorded_fan_n5_decoder_only__fold1,stage2_large_id_02_to_self_recorded_fan_n5_decoder_only,1,large,id_02,self_recorded_fan,5,decoder_only,1190649902,5,1545,750,25536,24.58070213317871,6.713960723876953,1.21,0.6805555555555555,0.88,10.032503620352978,0.8461538461538461,0.9166666666666666,0.7361111111111112,0.8333333333333334,-0.05555555555555569,0.046666666666666634,0.54052734375,0.7984981226533167,0.8514843750000001,0.8529411764705882,0.31095703125000007,0.05444305381727155,0.0,0.0,0.0,0.04946138337254524,0.08629897236824036,0.14857538044452667,0.0,0.09477857872843742,False,1.26,2026-09-23T15:50:42
stage2_large_id_02_to_self_recorded_fan_n5_decoder_only__fold2,stage2_large_id_02_to_self_recorded_fan_n5_decoder_only,2,large,id_02,self_recorded_fan,5,decoder_only,1496010290,5,1545,750,25536,30.38907485961914,8.129121685028077,1.24,0.6805555555555556,0.8571428571428571,7.606840862700744,0.75,1.0,0.75,0.8181818181818182,-0.06944444444444442,0.03896103896103886,0.51576171875,0.7984981226533167,0.8514843750000001,0.8529411764705882,0.3357226562500001,0.05444305381727155,0.0,0.0,0.0,0.054141364991664886,0.09115183353424072,0.15862937271595,0.0,0.1013075237472852,False,1.28,2026-09-23T15:50:43
stage2_large_id_02_to_self_recorded_fan_n5_decoder_only__fold3,stage2_large_id_02_to_self_recorded_fan_n5_decoder_only,3,large,id_02,self_recorded_fan,5,decoder_only,881933341,5,1545,750,25536,28.356949768066407,10.012960433959961,1.18,0.6388888888888888,0.7586206896551724,7.885171225155827,0.6470588235294118,0.9166666666666666,0.7083333333333334,0.8148148148148148,-0.06944444444444453,-0.056194125159642394,0.51576171875,0.7984981226533167,0.8514843750000001,0.8529411764705882,0.3357226562500001,0.05444305381727155,0.0,0.0,0.0,0.04183764010667801,0.08122685551643372,0.13447305560112,0.0,0.08584585040807724,False,1.23,2026-09-23T15:50:45
stage2_large_id_02_to_self_recorded_fan_n5_decoder_only__fold4,stage2_large_id_02_to_self_recorded_fan_n5_decoder_only,4,large,id_02,self_recorded_fan,5,decoder_only,1246382489,5,1545,750,25536,25.28917007446289,7.754799213409424,1.25,0.7222222222222222,0.8888888888888888,7.394246494732862,0.8,1.0,0.7083333333333334,0.8461538461538461,0.01388888888888884,0.042735042735042694,0.54900390625,0.7984981226533167,0.8514843750000001,0.8529411764705882,0.3024804687500001,0.05444305381727155,0.0,0.0,0.0,0.05074983090162277,0.08856336027383804,0.14802883565425873,0.0,0.09578067560990651,False,1.29,2026-09-23T15:50:46
stage2_large_id_02_to_self_recorded_fan_n5_decoder_only__fold5,stage2_large_id_02_to_self_recorded_fan_n5_decoder_only,5,large,id_02,self_recorded_fan,5,decoder_only,688793830,5,1545,750,25536,28.212181701660157,8.647654876708984,1.33,0.6527777777777778,0.8571428571428571,7.447147260090564,0.75,1.0,0.6944444444444445,0.8148148148148148,-0.04166666666666674,0.042328042328042326,0.52201171875,0.7984981226533167,0.8514843750000001,0.8529411764705882,0.3294726562500001,0.05444305381727155,0.0,0.0,0.0,0.04166608676314354,0.08928318321704865,0.14974085986614227,0.0,0.09356337661544482,False,1.37,2026-09-23T15:50:47
stage2_large_id_02_to_self_recorded_fan_n5_decoder_only__fold6,stage2_large_id_02_to_self_recorded_fan_n5_decoder_only,6,large,id_02,self_recorded_fan,5,decoder_only,1006542457,5,1545,750,25536,30.063931884765626,8.243227024078369,1.21,0.8055555555555556,0.88,10.099219641730329,0.8461538461538461,0.9166666666666666,0.6944444444444444,0.8461538461538461,0.11111111111111116,0.03384615384615386,0.51615234375,0.7984981226533167,0.8514843750000001,0.8529411764705882,0.3353320312500001,0.05444305381727155,0.0,0.0,0.0,0.051464661955833435,0.08597493171691895,0.15451180934906006,0.0,0.09731713434060414,False,1.26,2026-09-23T15:50:48
stage2_large_id_02_to_self_recorded_fan_n5_decoder_only__fold7,stage2_large_id_02_to_self_recorded_fan_n5_decoder_only,7,large,id_02,self_recorded_fan,5,decoder_only,805787091,5,1545,750,25536,30.857071075439453,7.302189960479736,1.44,0.6944444444444444,0.88,11.742298348436078,0.8461538461538461,0.9166666666666666,0.7222222222222222,0.8461538461538461,-0.02777777777777779,0.03384615384615386,0.42564453125,0.7984981226533167,0.8514843750000001,0.8529411764705882,0.42583984375000006,0.05444305381727155,0.0,0.0,0.0,0.04860910400748253,0.10050677508115768,0.1808277666568756,0.0,0.10998121524850528,False,1.5,2026-09-23T15:50:50
stage2_large_id_02_to_self_recorded_fan_n5_decoder_only__fold8,stage2_large_id_02_to_self_recorded_fan_n5_decoder_only,8,large,id_02,self_recorded_fan,5,decoder_only,1320100180,5,1545,750,25536,25.24810501098633,9.303061561584473,1.43,0.7222222222222223,0.8571428571428571,8.805986271027313,0.75,1.0,0.638888888888889,0.8,0.08333333333333337,0.05714285714285705,0.549453125,0.7984981226533167,0.8514843750000001,0.8529411764705882,0.3020312500000001,0.05444305381727155,0.0,0.0,0.0,0.019729778170585632,0.06081133335828781,0.09457632154226303,0.0,0.05837247769037882,False,1.48,2026-09-23T15:50:51
stage2_large_id_02_to_self_recorded_fan_n5_decoder_only__fold9,stage2_large_id_02_to_self_recorded_fan_n5_decoder_only,9,large,id_02,self_recorded_fan,5,decoder_only,876900580,5,1545,750,25536,31.847438354492187,7.0942068290710445,1.38,0.6805555555555556,0.8571428571428571,7.5704865856293555,0.75,1.0,0.6805555555555556,0.8,0.0,0.05714285714285705,0.5251171875,0.7984981226533167,0.8514843750000001,0.8529411764705882,0.32636718750000004,0.05444305381727155,0.0,0.0,0.0,0.05667551979422569,0.09491528570652008,0.15857939422130585,0.0,0.10339006657401721,False,1.43,2026-09-23T15:50:53
stage2_large_id_02_to_self_recorded_fan_n5_encoder_only__fold0,stage2_large_id_02_to_self_recorded_fan_n5_encoder_only,0,large,id_02,self_recorded_fan,5,encoder_only,2085599728,5,1545,750,25224,37.05107070922852,35.415508117675785,1.33,0.7083333333333334,0.8148148148148148,28.69716487844742,0.7333333333333333,0.9166666666666666,0.7361111111111112,0.8181818181818182,-0.02777777777777779,-0.0033670033670034627,0.8047265625000001,0.847682119205298,0.8514843750000001,0.8529411764705882,0.046757812499999996,0.00525905726529019,0.07812820374965668,0.029137928038835526,0.09374292939901352,0.0,0.0,0.0,0.06700302039583524,0.0,True,1.4,2026-09-23T15:50:54
stage2_large_id_02_to_self_recorded_fan_n5_encoder_only__fold1,stage2_large_id_02_to_self_recorded_fan_n5_encoder_only,1,large,id_02,self_recorded_fan,5,encoder_only,932939425,5,1545,750,25224,29.49696891784668,28.66256935119629,1.32,0.7083333333333335,0.8,29.396092357062287,0.7692307692307693,0.8333333333333334,0.7361111111111112,0.8333333333333334,-0.02777777777777768,-0.033333333333333326,0.80787109375,0.8465608465608465,0.8514843750000001,0.8529411764705882,0.04361328125000008,0.006380329909741689,0.08193552494049072,0.033498700708150864,0.07106040418148041,0.0,0.0,0.0,0.062164876610040665,0.0,False,1.36,2026-09-23T15:50:56
stage2_large_id_02_to_self_recorded_fan_n5_encoder_only__fold2,stage2_large_id_02_to_self_recorded_fan_n5_encoder_only,2,large,id_02,self_recorded_fan,5,encoder_only,555858758,5,1545,750,25224,35.88199569702149,34.56706771850586,1.3,0.736111111111111,0.8148148148148148,28.1750534881601,0.7333333333333333,0.9166666666666666,0.75,0.8181818181818182,-0.01388888888888895,-0.0033670033670034627,0.78763671875,0.8657534246575342,0.8514843750000001,0.8529411764705882,0.0638476562500001,-0.01281224818694604,0.07655002176761627,0.02959345281124115,0.08068691194057465,0.0,0.0,0.0,0.062276795506477356,0.0,False,1.35,2026-09-23T15:50:57
stage2_large_id_02_to_self_recorded_fan_n5_encoder_only__fold3,stage2_large_id_02_to_self_recorded_fan_n5_encoder_only,3,large,id_02,self_recorded_fan,5,encoder_only,1473599895,5,1545,750,25224,34.16908393859863,32.893714141845706,1.33,0.6805555555555556,0.8148148148148148,27.51313582477871,0.7333333333333333,0.9166666666666666,0.7083333333333334,0.8148148148148148,-0.02777777777777779,0.0,0.7888671875,0.8637602179836512,0.8514843750000001,0.8529411764705882,0.06261718750000012,-0.01081904151306301,0.08987128734588623,0.029907898977398872,0.07653965801000595,0.0,0.0,0.0,0.06543961477776368,0.0,False,1.39,2026-09-23T15:50:58
stage2_large_id_02_to_self_recorded_fan_n5_encoder_only__fold4,stage2_large_id_02_to_self_recorded_fan_n5_encoder_only,4,large,id_02,self_recorded_fan,5,encoder_only,1915683212,5,1545,750,25224,30.282720413208008,29.43077445983887,1.46,0.7083333333333334,0.8461538461538461,28.47286504320522,0.7857142857142857,0.9166666666666666,0.7083333333333334,0.8461538461538461,0.0,0.0,0.78955078125,0.8488063660477454,0.8514843750000001,0.8529411764705882,0.06193359375000007,0.004134810422842805,0.07573064416646957,0.02683127112686634,0.07387992739677429,0.0,0.0,0.0,0.05881394756337007,0.0,False,1.51,2026-09-23T15:51:00
stage2_large_id_02_to_self_recorded_fan_n5_encoder_only__fold5,stage2_large_id_02_to_self_recorded_fan_n5_encoder_only,5,large,id_02,self_recorded_fan,5,encoder_only,439158353,5,1545,750,25224,33.256777114868164,32.16120857238769,1.46,0.6805555555555556,0.8148148148148148,27.88731634013837,0.7333333333333333,0.9166666666666666,0.6944444444444445,0.8148148148148148,-0.01388888888888895,0.0,0.8079492187499999,0.8641975308641975,0.8514843750000001,0.8529411764705882,0.04353515625000015,-0.01125635439360928,0.086800217628479,0.033015649765729904,0.10237724334001541,0.0,0.0,0.0,0.07406437024474144,0.0,False,1.51,2026-09-23T15:51:01
stage2_large_id_02_to_self_recorded_fan_n5_encoder_only__fold6,stage2_large_id_02_to_self_recorded_fan_n5_encoder_only,6,large,id_02,self_recorded_fan,5,encoder_only,65164683,5,1545,750,25224,35.26524932861328,33.68423782348633,1.51,0.6805555555555556,0.8461538461538461,29.205017617429167,0.7857142857142857,0.9166666666666666,0.6944444444444444,0.8461538461538461,-0.01388888888888884,0.0,0.8246093749999999,0.8653846153846154,0.8514843750000001,0.8529411764705882,0.026875000000000204,-0.012443438914027216,0.0963127538561821,0.041993897408246994,0.08163683861494064,0.0,0.0,0.0,0.07331449662645657,0.0,False,1.56,2026-09-23T15:51:03
stage2_large_id_02_to_self_recorded_fan_n5_encoder_only__fold7,stage2_large_id_02_to_self_recorded_fan_n5_encoder_only,7,large,id_02,self_recorded_fan,5,encoder_only,435018177,5,1545,750,25224,35.882491455078124,34.284844665527345,1.52,0.7083333333333334,0.8148148148148148,29.063019557477,0.7333333333333333,0.9166666666666666,0.7222222222222222,0.8461538461538461,-0.01388888888888884,-0.031339031339031376,0.8285546874999999,0.8658367911479945,0.8514843750000001,0.8529411764705882,0.02292968750000013,-0.012895614677406297,0.07655245810747147,0.03168555721640587,0.06699781864881516,0.0,0.0,0.0,0.05841194465756416,0.0,False,1.58,2026-09-23T15:51:05
stage2_large_id_02_to_self_recorded_fan_n5_encoder_only__fold8,stage2_large_id_02_to_self_recorded_fan_n5_encoder_only,8,large,id_02,self_recorded_fan,5,encoder_only,1208702837,5,1545,750,25224,31.084772491455077,30.36559425354004,1.65,0.6388888888888888,0.8,29.08074841300571,0.7692307692307693,0.8333333333333334,0.638888888888889,0.8,-1.1102230246251565e-16,0.0,0.8117578125,0.8517520215633423,0.8514843750000001,0.8529411764705882,0.03972656250000006,0.001189154907245915,0.08395075052976608,0.024540839716792107,0.0688992440700531,0.0,0.0,0.0,0.059130278105537094,0.0,False,1.7,2026-09-23T15:51:06
stage2_large_id_02_to_self_recorded_fan_n5_encoder_only__fold9,stage2_large_id_02_to_self_recorded_fan_n5_encoder_only,9,large,id_02,self_recorded_fan,5,encoder_only,1309092260,5,1545,750,25224,38.073787994384766,36.41724624633789,1.43,0.6805555555555556,0.8461538461538461,28.45790232503764,0.7857142857142857,0.9166666666666666,0.6805555555555556,0.8,0.0,0.0461538461538461,0.79205078125,0.8511821974965229,0.8514843750000001,0.8529411764705882,0.059433593750000124,0.001758978974065295,0.07948774099349976,0.031497541815042496,0.08740857988595963,0.0,0.0,0.0,0.06613128756483395,0.0,False,1.47,2026-09-23T15:51:08
stage2_large_id_02_to_self_recorded_fan_n5_full__fold0,stage2_large_id_02_to_self_recorded_fan_n5_full,0,large,id_02,self_recorded_fan,5,full,2137670547,5,1545,750,50760,30.68290542602539,5.842859325408935,1.86,0.7222222222222222,0.8571428571428571,6.685202375092832,0.75,1.0,0.7361111111111112,0.8181818181818182,-0.01388888888888895,0.03896103896103886,0.45759765625,0.7984981226533167,0.8514843750000001,0.8529411764705882,0.3938867187500001,0.05444305381727155,0.1232667788863182,0.04848078265786171,0.07372120022773743,0.039196763187646866,0.07985224574804306,0.1621352881193161,0.08182292059063911,0.09372809901833534,True,1.93,2026-09-23T15:50:24
stage2_large_id_02_to_self_recorded_fan_n5_full__fold1,stage2_large_id_02_to_self_recorded_fan_n5_full,1,large,id_02,self_recorded_fan,5,full,572876962,5,1545,750,50760,24.09262062072754,5.886700038909912,1.69,0.7361111111111112,0.8888888888888888,7.783043897248762,0.8,1.0,0.7361111111111112,0.8333333333333334,0.0,0.05555555555555547,0.51564453125,0.7984981226533167,0.8514843750000001,0.8529411764705882,0.3358398437500001,0.05444305381727155,0.10537753254175186,0.04270169511437416,0.0517752543091774,0.03484106808900833,0.08083043247461319,0.15128889679908752,0.06661816065510114,0.08898679912090302,False,1.73,2026-09-23T15:50:26
stage2_large_id_02_to_self_recorded_fan_n5_full__fold2,stage2_large_id_02_to_self_recorded_fan_n5_full,2,large,id_02,self_recorded_fan,5,full,1081424936,5,1545,750,50760,29.446095657348632,6.618024616241455,1.56,0.75,0.8571428571428571,6.70637814662985,0.75,1.0,0.75,0.8181818181818182,0.0,0.03896103896103886,0.474375,0.7984981226533167,0.8514843750000001,0.8529411764705882,0.3771093750000001,0.05444305381727155,0.10241439938545227,0.03516736999154091,0.06413695961236954,0.03195207193493843,0.09238534420728683,0.13369548320770264,0.06723957632978757,0.08601096644997597,False,1.6,2026-09-23T15:50:27
stage2_large_id_02_to_self_recorded_fan_n5_full__fold3,stage2_large_id_02_to_self_recorded_fan_n5_full,3,large,id_02,self_recorded_fan,5,full,2004387898,5,1545,750,50760,27.692000961303712,8.056926040649413,1.55,0.8472222222222222,0.8571428571428571,6.851912314860975,0.75,1.0,0.7083333333333334,0.8148148148148148,0.13888888888888884,0.042328042328042326,0.48357421874999995,0.7984981226533167,0.8514843750000001,0.8529411764705882,0.3679101562500001,0.05444305381727155,0.1051163375377655,0.039455872029066086,0.07422280311584473,0.04067261889576912,0.08737253397703171,0.16174079477787018,0.07293167089422543,0.096595315883557,False,1.59,2026-09-23T15:50:29
stage2_large_id_02_to_self_recorded_fan_n5_full__fold4,stage2_large_id_02_to_self_recorded_fan_n5_full,4,large,id_02,self_recorded_fan,5,full,727808818,5,1545,750,50760,24.86882392883301,6.904292240142822,1.52,0.763888888888889,0.9230769230769231,8.698654721293458,0.8571428571428571,1.0,0.7083333333333334,0.8461538461538461,0.05555555555555558,0.07692307692307698,0.49296875000000007,0.7984981226533167,0.8514843750000001,0.8529411764705882,0.358515625,0.05444305381727155,0.09398239850997925,0.0421130508184433,0.057887692004442215,0.04023260250687599,0.07826275378465652,0.15473736822605133,0.06466104711095493,0.09107757483919461,False,1.56,2026-09-23T15:50:31
stage2_large_id_02_to_self_recorded_fan_n5_full__fold5,stage2_large_id_02_to_self_recorded_fan_n5_full,5,large,id_02,self_recorded_fan,5,full,1852158653,5,1545,750,50760,27.310848312377928,7.52716833114624,1.55,0.7777777777777778,0.8888888888888888,7.265922038113228,0.8,1.0,0.6944444444444445,0.8148148148148148,0.08333333333333326,0.07407407407407407,0.51927734375,0.7984981226533167,0.8514843750000001,0.8529411764705882,0.33220703125000006,0.05444305381727155,0.1140909343957901,0.044016171246767044,0.07851620763540268,0.03457165136933327,0.07497487962245941,0.15555883944034576,0.07887443775931995,0.08836845681071281,False,1.6,2026-09-23T15:50:32
stage2_large_id_02_to_self_recorded_fan_n5_full__fold6,stage2_large_id_02_to_self_recorded_fan_n5_full,6,large,id_02,self_recorded_fan,5,full,1606370157,5,1545,750,50760,29.30281005859375,6.946828556060791,1.56,0.8055555555555556,0.9166666666666666,9.773204698300052,0.9166666666666666,0.9166666666666666,0.6944444444444444,0.8461538461538461,0.11111111111111116,0.07051282051282048,0.47904296874999996,0.7984981226533167,0.8514843750000001,0.8529411764705882,0.3724414062500001,0.05444305381727155,0.12017066031694412,0.04840032756328583,0.06499931216239929,0.03518689051270485,0.08161855489015579,0.1420857310295105,0.07785676668087642,0.08629705881079038,False,1.61,2026-09-23T15:50:34
stage2_large_id_02_to_self_recorded_fan_n5_full__fold7,stage2_large_id_02_to_self_recorded_fan_n5_full,7,large,id_02,self_recorded_fan,5,full,490999430,5,1545,750,50760,29.91215393066406,6.053844184875488,1.74,0.6944444444444444,0.88,11.142100485861572,0.8461538461538461,0.9166666666666666,0.7222222222222222,0.8461538461538461,-0.02777777777777779,0.03384615384615386,0.43841796875,0.7984981226533167,0.8514843750000001,0.8529411764705882,0.4130664062500001,0.05444305381727155,0.12461728602647781,0.05010087043046951,0.09367301315069199,0.04308956116437912,0.0778285413980484,0.16705982387065887,0.08946372320254643,0.09599264214436214,False,1.8,2026-09-23T15:50:36
stage2_large_id_02_to_self_recorded_fan_n5_full__fold8,stage2_large_id_02_to_self_recorded_fan_n5_full,8,large,id_02,self_recorded_fan,5,full,846359006,5,1545,750,50760,24.699222869873047,7.613332004547119,1.91,0.7916666666666667,0.8888888888888888,8.889326648572268,0.8,1.0,0.638888888888889,0.8,0.1527777777777778,0.0888888888888888,0.55767578125,0.7984981226533167,0.8514843750000001,0.8529411764705882,0.2938085937500001,0.05444305381727155,0.08963903039693832,0.02684703841805458,0.06876007467508316,0.02422332391142845,0.07389417290687561,0.1052054911851883,0.061748714496692024,0.06777432933449745,False,1.97,2026-09-23T15:50:38
stage2_large_id_02_to_self_recorded_fan_n5_full__fold9,stage2_large_id_02_to_self_recorded_fan_n5_full,9,large,id_02,self_recorded_fan,5,full,332201283,5,1545,750,50760,30.96079216003418,5.856463203430176,1.78,0.7361111111111112,0.8571428571428571,6.667735436728612,0.75,1.0,0.6805555555555556,0.8,0.05555555555555558,0.05714285714285705,0.41679687499999996,0.7984981226533167,0.8514843750000001,0.8529411764705882,0.4346875000000001,0.05444305381727155,0.08882707357406616,0.03549189493060112,0.0658877044916153,0.03899817168712616,0.072765052318573,0.14506462216377258,0.06340222433209419,0.08560928205649058,False,1.84,2026-09-23T15:50:39
stage2_large_id_04_to_self_recorded_fan_n10_bottleneck_only__fold0,stage2_large_id_04_to_self_recorded_fan_n10_bottleneck_only,0,large,id_04,self_recorded_fan,10,bottleneck_only,1366295858,10,3090,1470,1096,38.160820163026145,26.474528838177118,2.3,0.6805555555555556,0.8275862068965517,16.427788191242897,0.7058823529411765,1.0,0.7777777777777778,0.8461538461538461,-0.09722222222222221,-0.018567639257294433,0.45845703125000004,0.8035264483627204,0.78986328125,0.8559892328398385,0.33140625,0.05246278447711816,0.0,0.0,0.15742918848991394,0.08726809918880463,0.0,0.0,0.05247639616330465,0.029089366396268208,True,2.36,2026-09-23T16:06:26
stage2_large_id_04_to_self_recorded_fan_n10_bottleneck_only__fold1,stage2_large_id_04_to_self_recorded_fan_n10_bottleneck_only,1,large,id_04,self_recorded_fan,10,bottleneck_only,1593052436,10,3090,1470,1096,30.717638093598033,21.897113294017558,2.31,0.6805555555555556,0.8275862068965517,16.201798562478864,0.7058823529411765,1.0,0.7916666666666667,0.8461538461538461,-0.11111111111111116,-0.018567639257294433,0.5028125,0.8060836501901141,0.78986328125,0.8559892328398385,0.28705078125000005,0.049905582649724445,0.0,0.0,0.16272719204425812,0.07993542402982712,0.0,0.0,0.05424239734808604,0.026645141343275707,False,2.35,2026-09-23T16:06:29
stage2_large_id_04_to_self_recorded_fan_n10_bottleneck_only__fold2,stage2_large_id_04_to_self_recorded_fan_n10_bottleneck_only,2,large,id_04,self_recorded_fan,10,bottleneck_only,1335628643,10,3090,1470,1096,33.63437605877312,23.31984146273866,2.49,0.6805555555555556,0.8275862068965517,14.688282000594155,0.7058823529411765,1.0,0.7638888888888888,0.8461538461538461,-0.08333333333333326,-0.018567639257294433,0.4990625000000001,0.8040455120101138,0.78986328125,0.8559892328398385,0.29080078125,0.05194372082972476,0.0,0.0,0.19457779824733734,0.08795713633298874,0.0,0.0,0.06485926608244579,0.02931904544432958,False,2.53,2026-09-23T16:06:31
stage2_large_id_04_to_self_recorded_fan_n10_bottleneck_only__fold3,stage2_large_id_04_to_self_recorded_fan_n10_bottleneck_only,3,large,id_04,self_recorded_fan,10,bottleneck_only,2065222119,10,3090,1470,1096,30.35621199315908,21.642839353911732,2.8,0.6805555555555556,0.8275862068965517,14.541305433970825,0.7058823529411765,1.0,0.763888888888889,0.8461538461538461,-0.08333333333333337,-0.018567639257294433,0.48923828125,0.8061224489795918,0.78986328125,0.8559892328398385,0.30062500000000003,0.04986678386024668,0.0,0.0,0.16775333881378174,0.07818613201379776,0.0,0.0,0.05591777960459391,0.026062044004599254,False,2.85,2026-09-23T16:06:34
stage2_large_id_04_to_self_recorded_fan_n10_bottleneck_only__fold4,stage2_large_id_04_to_self_recorded_fan_n10_bottleneck_only,4,large,id_04,self_recorded_fan,10,bottleneck_only,2078300923,10,3090,1470,1096,31.928024447694117,22.73563762586944,2.58,0.6944444444444444,0.8275862068965517,14.082366711885026,0.7058823529411765,1.0,0.7777777777777778,0.88,-0.08333333333333337,-0.05241379310344829,0.50306640625,0.8071519795657727,0.78986328125,0.8559892328398385,0.28679687500000006,0.04883725327406585,0.0,0.0,0.18541684746742249,0.08332650363445282,0.0,0.0,0.06180561582247416,0.027775501211484272,False,2.63,2026-09-23T16:06:37
stage2_large_id_04_to_self_recorded_fan_n10_bottleneck_only__fold5,stage2_large_id_04_to_self_recorded_fan_n10_bottleneck_only,5,large,id_04,self_recorded_fan,10,bottleneck_only,1471192601,10,3090,1470,1096,33.43633881393744,23.574526066682775,2.31,0.6527777777777778,0.8275862068965517,14.953957918778206,0.7058823529411765,1.0,0.7222222222222222,0.8275862068965517,-0.06944444444444442,0.0,0.43544921875,0.8020050125313283,0.78986328125,0.8559892328398385,0.35441406250000007,0.053984220308510245,0.0,0.0,0.1736510992050171,0.08607935160398483,0.0,0.0,0.0578836997350057,0.028693117201328278,False,2.36,2026-09-23T16:06:39
stage2_large_id_04_to_self_recorded_fan_n10_bottleneck_only__fold6,stage2_large_id_04_to_self_recorded_fan_n10_bottleneck_only,6,large,id_04,self_recorded_fan,10,bottleneck_only,902106356,10,3090,1470,1096,33.17876161847796,22.653199877057755,2.36,0.6944444444444444,0.8333333333333334,22.777987221647585,0.8333333333333334,0.8333333333333334,0.7638888888888888,0.88,-0.06944444444444442,-0.046666666666666634,0.51013671875,0.803594351732991,0.78986328125,0.8559892328398385,0.27972656250000005,0.052394881106847535,0.0,0.0,0.15045633912086487,0.0951429083943367,0.0,0.0,0.05015211304028829,0.031714302798112236,False,2.41,2026-09-23T16:06:42
stage2_large_id_04_to_self_recorded_fan_n10_bottleneck_only__fold7,stage2_large_id_04_to_self_recorded_fan_n10_bottleneck_only,7,large,id_04,self_recorded_fan,10,bottleneck_only,1614376009,10,3090,1470,1096,34.04353141784668,23.993451682888733,2.31,0.7083333333333334,0.8275862068965517,15.526542762336607,0.7058823529411765,1.0,0.7916666666666666,0.88,-0.08333333333333326,-0.05241379310344829,0.41150390625,0.7984981226533167,0.78986328125,0.8559892328398385,0.37835937500000005,0.057491110186521865,0.0,0.0,0.15006285905838013,0.08245564997196198,0.0,0.0,0.050020953019460045,0.02748521665732066,False,2.36,2026-09-23T16:06:44
stage2_large_id_04_to_self_recorded_fan_n10_bottleneck_only__fold8,stage2_large_id_04_to_self_recorded_fan_n10_bottleneck_only,8,large,id_04,self_recorded_fan,10,bottleneck_only,1036136724,10,3090,1470,1096,27.607912413927973,19.722558936294245,2.5,0.6666666666666666,0.8275862068965517,14.605285163064606,0.7058823529411765,1.0,0.7222222222222222,0.8333333333333334,-0.05555555555555558,-0.005747126436781658,0.5006054687499999,0.8086734693877551,0.78986328125,0.8559892328398385,0.28925781250000016,0.04731576345208344,0.0,0.0,0.119960717856884,0.06831076741218567,0.0,0.0,0.03998690595229467,0.02277025580406189,False,2.56,2026-09-23T16:06:47
stage2_large_id_04_to_self_recorded_fan_n10_bottleneck_only__fold9,stage2_large_id_04_to_self_recorded_fan_n10_bottleneck_only,9,large,id_04,self_recorded_fan,10,bottleneck_only,1126050322,10,3090,1470,1096,34.09121894836426,23.87994875226702,2.78,0.6944444444444444,0.8461538461538461,20.47182092572368,0.7857142857142857,0.9166666666666666,0.736111111111111,0.8333333333333334,-0.04166666666666663,0.012820512820512775,0.4671289062499999,0.8055555555555556,0.78986328125,0.8559892328398385,0.32273437500000013,0.05043367728428294,0.0,0.0,0.15393976867198944,0.07893455773591995,0.0,0.0,0.05131325622399648,0.026311519245306652,False,2.86,2026-09-23T16:06:49
stage2_large_id_04_to_self_recorded_fan_n10_decoder_only__fold0,stage2_large_id_04_to_self_recorded_fan_n10_decoder_only,0,large,id_04,self_recorded_fan,10,decoder_only,147860041,10,3090,1470,25536,27.88268132112464,8.989063681388387,2.38,0.7916666666666667,0.8571428571428571,8.109450072733917,0.75,1.0,0.7777777777777778,0.8461538461538461,0.01388888888888895,0.01098901098901095,0.43541015625,0.7984981226533167,0.78986328125,0.8559892328398385,0.35445312500000004,0.057491110186521865,0.0,0.0,0.0,0.04440133273601532,0.14148209989070892,0.16878241300582886,0.0,0.11822194854418437,True,2.43,2026-09-23T16:05:33
stage2_large_id_04_to_self_recorded_fan_n10_decoder_only__fold1,stage2_large_id_04_to_self_recorded_fan_n10_decoder_only,1,large,id_04,self_recorded_fan,10,decoder_only,1926029769,10,3090,1470,25536,21.815182569075603,8.530012957903804,2.36,0.7361111111111112,0.8571428571428571,7.838287592095625,0.75,1.0,0.7916666666666667,0.8461538461538461,-0.05555555555555558,0.01098901098901095,0.571015625,0.7984981226533167,0.78986328125,0.8559892328398385,0.21884765625000002,0.057491110186521865,0.0,0.0,0.0,0.03848416730761528,0.128637433052063,0.17251427471637726,0.0,0.11321195835868518,False,2.4,2026-09-23T16:05:35
stage2_large_id_04_to_self_recorded_fan_n10_decoder_only__fold2,stage2_large_id_04_to_self_recorded_fan_n10_decoder_only,2,large,id_04,self_recorded_fan,10,decoder_only,690462589,10,3090,1470,25536,25.10729116323043,9.491265082845883,2.35,0.7777777777777778,0.8571428571428571,8.047809838792196,0.75,1.0,0.7638888888888888,0.8461538461538461,0.01388888888888895,0.01098901098901095,0.48675781250000005,0.7984981226533167,0.78986328125,0.8559892328398385,0.30310546875,0.057491110186521865,0.0,0.0,0.0,0.04455001279711723,0.16369962692260742,0.23546086251735687,0.0,0.14790350074569383,False,2.4,2026-09-23T16:05:38
stage2_large_id_04_to_self_recorded_fan_n10_decoder_only__fold3,stage2_large_id_04_to_self_recorded_fan_n10_decoder_only,3,large,id_04,self_recorded_fan,10,decoder_only,1117195408,10,3090,1470,25536,21.937198113422003,10.100226421745456,2.77,0.6944444444444444,0.7857142857142857,8.062494457347107,0.6875,0.9166666666666666,0.763888888888889,0.8461538461538461,-0.06944444444444453,-0.06043956043956045,0.58775390625,0.7984981226533167,0.78986328125,0.8559892328398385,0.20210937500000004,0.057491110186521865,0.0,0.0,0.0,0.03441017493605614,0.1294286847114563,0.20493356883525848,0.0,0.1229241428275903,False,2.82,2026-09-23T16:05:40
stage2_large_id_04_to_self_recorded_fan_n10_decoder_only__fold4,stage2_large_id_04_to_self_recorded_fan_n10_decoder_only,4,large,id_04,self_recorded_fan,10,decoder_only,1665852882,10,3090,1470,25536,23.550481893578354,9.835680397189392,2.6,0.8055555555555557,0.8571428571428571,10.98552023517779,1.0,0.75,0.7777777777777778,0.88,0.0277777777777779,-0.02285714285714291,0.499609375,0.7984981226533167,0.78986328125,0.8559892328398385,0.29025390625,0.057491110186521865,0.0,0.0,0.0,0.04250321909785271,0.151107519865036,0.21603767573833466,0.0,0.13654947156707445,False,2.65,2026-09-23T16:05:43
stage2_large_id_04_to_self_recorded_fan_n10_decoder_only__fold5,stage2_large_id_04_to_self_recorded_fan_n10_decoder_only,5,large,id_04,self_recorded_fan,10,decoder_only,1394824823,10,3090,1470,25536,24.553326003405513,9.958495276314872,2.51,0.7083333333333334,0.8275862068965517,7.482510989537903,0.7058823529411765,1.0,0.7222222222222222,0.8275862068965517,-0.01388888888888884,0.0,0.51638671875,0.7984981226533167,0.78986328125,0.8559892328398385,0.2734765625000001,0.057491110186521865,0.0,0.0,0.0,0.04055067151784897,0.14079280197620392,0.20816028118133545,0.0,0.1298345848917961,False,2.56,2026-09-23T16:05:46
stage2_large_id_04_to_self_recorded_fan_n10_decoder_only__fold6,stage2_large_id_04_to_self_recorded_fan_n10_decoder_only,6,large,id_04,self_recorded_fan,10,decoder_only,491877859,10,3090,1470,25536,24.86372138042839,8.532404286520821,2.41,0.8472222222222222,0.8888888888888888,8.382073369598297,0.8,1.0,0.7638888888888888,0.88,0.08333333333333337,0.008888888888888835,0.53859375,0.7984981226533167,0.78986328125,0.8559892328398385,0.25126953125000007,0.057491110186521865,0.0,0.0,0.0,0.04586316645145416,0.16304685175418854,0.2144966572523117,0.0,0.1411355584859848,False,2.46,2026-09-23T16:05:48
stage2_large_id_04_to_self_recorded_fan_n10_decoder_only__fold7,stage2_large_id_04_to_self_recorded_fan_n10_decoder_only,7,large,id_04,self_recorded_fan,10,decoder_only,1425444836,10,3090,1470,25536,25.019684655325754,10.390954212266571,2.48,0.8194444444444445,0.8695652173913043,10.846516793836905,0.9090909090909091,0.8333333333333334,0.7916666666666666,0.88,0.0277777777777779,-0.01043478260869568,0.46765625,0.7984981226533167,0.78986328125,0.8559892328398385,0.32220703125000005,0.057491110186521865,0.0,0.0,0.0,0.03923382982611656,0.13985575735569,0.1962626427412033,0.0,0.12511740997433662,False,2.53,2026-09-23T16:05:51
stage2_large_id_04_to_self_recorded_fan_n10_decoder_only__fold8,stage2_large_id_04_to_self_recorded_fan_n10_decoder_only,8,large,id_04,self_recorded_fan,10,decoder_only,1220142927,10,3090,1470,25536,19.21977562807044,8.52727748909775,2.71,0.75,0.8571428571428571,8.33158276536627,0.75,1.0,0.7222222222222222,0.8333333333333334,0.02777777777777779,0.023809523809523725,0.52109375,0.7984981226533167,0.78986328125,0.8559892328398385,0.26876953125,0.057491110186521865,0.0,0.0,0.0,0.025260694324970245,0.09065613895654678,0.1778898537158966,0.0,0.09793556233247121,False,2.77,2026-09-23T16:05:53
stage2_large_id_04_to_self_recorded_fan_n10_decoder_only__fold9,stage2_large_id_04_to_self_recorded_fan_n10_decoder_only,9,large,id_04,self_recorded_fan,10,decoder_only,1732761488,10,3090,1470,25536,24.69488021305629,9.916442326136998,2.68,0.7777777777777778,0.8275862068965517,8.169271706763208,0.7058823529411765,1.0,0.736111111111111,0.8333333333333334,0.04166666666666674,-0.005747126436781658,0.47404296874999996,0.7984981226533167,0.78986328125,0.8559892328398385,0.3158203125000001,0.057491110186521865,0.0,0.0,0.0,0.04061659798026085,0.13410387933254242,0.1641482710838318,0.0,0.11295624946554501,False,2.74,2026-09-23T16:05:56
stage2_large_id_04_to_self_recorded_fan_n10_encoder_only__fold0,stage2_large_id_04_to_self_recorded_fan_n10_encoder_only,0,large,id_04,self_recorded_fan,10,encoder_only,1950946968,10,3090,1470,25224,37.247030608508055,33.173167287086955,2.6,0.6944444444444445,0.8275862068965517,19.69292267549385,0.7058823529411765,1.0,0.7777777777777778,0.8461538461538461,-0.08333333333333326,-0.018567639257294433,0.59853515625,0.7984981226533167,0.78986328125,0.8559892328398385,0.19132812500000007,0.057491110186521865,0.12506848573684692,0.059163060039281845,0.08147401362657547,0.0,0.0,0.0,0.08856851980090141,0.0,True,2.65,2026-09-23T16:05:59
stage2_large_id_04_to_self_recorded_fan_n10_encoder_only__fold1,stage2_large_id_04_to_self_recorded_fan_n10_encoder_only,1,large,id_04,self_recorded_fan,10,encoder_only,1737341076,10,3090,1470,25224,30.414885968578105,27.71839075672383,2.7,0.6805555555555556,0.8275862068965517,20.723824109074368,0.7058823529411765,1.0,0.7916666666666667,0.8461538461538461,-0.11111111111111116,-0.018567639257294433,0.614140625,0.7989949748743719,0.78986328125,0.8559892328398385,0.17572265625000005,0.056994257965466644,0.11965780705213547,0.06310304999351501,0.08096838742494583,0.0,0.0,0.0,0.08790974815686543,0.0,False,2.75,2026-09-23T16:06:01
stage2_large_id_04_to_self_recorded_fan_n10_encoder_only__fold2,stage2_large_id_04_to_self_recorded_fan_n10_encoder_only,2,large,id_04,self_recorded_fan,10,encoder_only,1983282772,10,3090,1470,25224,32.99685661160216,29.225169629466777,2.69,0.6805555555555556,0.8275862068965517,19.082613935748352,0.7058823529411765,1.0,0.7638888888888888,0.8461538461538461,-0.08333333333333326,-0.018567639257294433,0.599375,0.8015267175572519,0.78986328125,0.8559892328398385,0.19048828125000006,0.05446251528258661,0.12342803925275803,0.05857502296566963,0.08181937783956528,0.0,0.0,0.0,0.08794081335266431,0.0,False,2.74,2026-09-23T16:06:04
stage2_large_id_04_to_self_recorded_fan_n10_encoder_only__fold3,stage2_large_id_04_to_self_recorded_fan_n10_encoder_only,3,large,id_04,self_recorded_fan,10,encoder_only,223954265,10,3090,1470,25224,30.06810371243224,27.292078057113958,2.95,0.6666666666666666,0.8275862068965517,19.164820087766184,0.7058823529411765,1.0,0.763888888888889,0.8461538461538461,-0.09722222222222232,-0.018567639257294433,0.59380859375,0.8010012515644556,0.78986328125,0.8559892328398385,0.1960546875000001,0.05498798127538296,0.11009208112955093,0.05642402544617653,0.10974807292222977,0.0,0.0,0.0,0.0920880598326524,0.0,False,3.0,2026-09-23T16:06:07
stage2_large_id_04_to_self_recorded_fan_n10_encoder_only__fold4,stage2_large_id_04_to_self_recorded_fan_n10_encoder_only,4,large,id_04,self_recorded_fan,10,encoder_only,197579985,10,3090,1470,25224,31.44169659517249,28.177603118273677,2.81,0.6944444444444445,0.8275862068965517,18.872479022127912,0.7058823529411765,1.0,0.7777777777777778,0.88,-0.08333333333333326,-0.05241379310344829,0.56890625,0.8030112923462986,0.78986328125,0.8559892328398385,0.2209570312500001,0.05297794049353988,0.11873079091310501,0.07270462065935135,0.09429571777582169,0.0,0.0,0.0,0.09524370978275935,0.0,False,2.86,2026-09-23T16:06:10
stage2_large_id_04_to_self_recorded_fan_n10_encoder_only__fold5,stage2_large_id_04_to_self_recorded_fan_n10_encoder_only,5,large,id_04,self_recorded_fan,10,encoder_only,1737536938,10,3090,1470,25224,32.830972710434274,29.43239465051768,2.6,0.6666666666666666,0.8275862068965517,18.879642671751746,0.7058823529411765,1.0,0.7222222222222222,0.8275862068965517,-0.05555555555555558,0.0,0.6089648437499999,0.8015665796344648,0.78986328125,0.8559892328398385,0.18089843750000012,0.05442265320537376,0.12195982784032822,0.05785813927650452,0.10891038924455643,0.0,0.0,0.0,0.09624278545379639,0.0,False,2.65,2026-09-23T16:06:13
stage2_large_id_04_to_self_recorded_fan_n10_encoder_only__fold6,stage2_large_id_04_to_self_recorded_fan_n10_encoder_only,6,large,id_04,self_recorded_fan,10,encoder_only,1695905399,10,3090,1470,25224,32.28989262483558,28.48919775048081,2.74,0.6805555555555556,0.8275862068965517,17.625707712759862,0.7058823529411765,1.0,0.7638888888888888,0.88,-0.08333333333333326,-0.05241379310344829,0.60205078125,0.8015075376884422,0.78986328125,0.8559892328398385,0.18781250000000005,0.05448169515139634,0.11673134565353394,0.061883606016635895,0.06787075102329254,0.0,0.0,0.0,0.08216190089782079,0.0,False,2.79,2026-09-23T16:06:16
stage2_large_id_04_to_self_recorded_fan_n10_encoder_only__fold7,stage2_large_id_04_to_self_recorded_fan_n10_encoder_only,7,large,id_04,self_recorded_fan,10,encoder_only,1933434600,10,3090,1470,25224,33.460838823902364,29.907970389541315,2.64,0.7083333333333334,0.8333333333333334,27.811595365213492,0.8333333333333334,0.8333333333333334,0.7916666666666666,0.88,-0.08333333333333326,-0.046666666666666634,0.61427734375,0.8010012515644556,0.78986328125,0.8559892328398385,0.17558593750000007,0.05498798127538296,0.11690200865268707,0.059333641082048416,0.1096152812242508,0.0,0.0,0.0,0.09528364365299542,0.0,False,2.69,2026-09-23T16:06:18
stage2_large_id_04_to_self_recorded_fan_n10_encoder_only__fold8,stage2_large_id_04_to_self_recorded_fan_n10_encoder_only,8,large,id_04,self_recorded_fan,10,encoder_only,1515878635,10,3090,1470,25224,27.637582117197464,25.441843538868184,2.98,0.6527777777777777,0.8275862068965517,19.341884782784966,0.7058823529411765,1.0,0.7222222222222222,0.8333333333333334,-0.06944444444444453,-0.005747126436781658,0.6361132812499999,0.8005050505050505,0.78986328125,0.8559892328398385,0.15375000000000016,0.055484182334788024,0.09733639657497406,0.049472417682409286,0.06604061275720596,0.0,0.0,0.0,0.0709498090048631,0.0,False,3.04,2026-09-23T16:06:21
stage2_large_id_04_to_self_recorded_fan_n10_encoder_only__fold9,stage2_large_id_04_to_self_recorded_fan_n10_encoder_only,9,large,id_04,self_recorded_fan,10,encoder_only,1331147153,10,3090,1470,25224,33.42799175028898,29.93662620077328,2.69,0.6527777777777777,0.8275862068965517,19.044165577317518,0.7058823529411765,1.0,0.736111111111111,0.8333333333333334,-0.08333333333333337,-0.005747126436781658,0.58765625,0.7994987468671679,0.78986328125,0.8559892328398385,0.20220703125000006,0.05649048597267059,0.11512169986963272,0.05784844234585762,0.0940493792295456,0.0,0.0,0.0,0.0890065071483453,0.0,False,2.75,2026-09-23T16:06:24
stage2_large_id_04_to_self_recorded_fan_n10_full__fold0,stage2_large_id_04_to_self_recorded_fan_n10_full,0,large,id_04,self_recorded_fan,10,full,567169190,10,3090,1470,50760,25.493038761372468,5.615729361164327,3.51,0.7361111111111112,0.8888888888888888,8.290410304231635,0.8,1.0,0.7777777777777778,0.8461538461538461,-0.04166666666666663,0.042735042735042694,0.2709375,0.7984981226533167,0.78986328125,0.8559892328398385,0.5189257812500001,0.057491110186521865,0.16450735926628113,0.05866752937436104,0.07774259150028229,0.03814186900854111,0.13369309902191162,0.23097065091133118,0.10030582671364148,0.1342685396472613,True,3.57,2026-09-23T16:05:01
stage2_large_id_04_to_self_recorded_fan_n10_full__fold1,stage2_large_id_04_to_self_recorded_fan_n10_full,1,large,id_04,self_recorded_fan,10,full,479650571,10,3090,1470,50760,20.210821132270656,6.038559738470584,2.96,0.8472222222222223,0.9230769230769231,7.870281506487443,0.8571428571428571,1.0,0.7916666666666667,0.8461538461538461,0.05555555555555558,0.07692307692307698,0.4722265625,0.7984981226533167,0.78986328125,0.8559892328398385,0.31763671875000005,0.057491110186521865,0.19295690953731537,0.05302473530173302,0.06771159172058105,0.03774629905819893,0.14299263060092926,0.22489944100379944,0.10456441218654315,0.13521279022097588,False,3.01,2026-09-23T16:05:04
stage2_large_id_04_to_self_recorded_fan_n10_full__fold2,stage2_large_id_04_to_self_recorded_fan_n10_full,2,large,id_04,self_recorded_fan,10,full,934588485,10,3090,1470,50760,23.159453606118962,6.125041348593576,3.03,0.9166666666666666,0.9090909090909091,9.606754428570921,1.0,0.8333333333333334,0.7638888888888888,0.8461538461538461,0.1527777777777778,0.06293706293706292,0.4306640625,0.7994987468671679,0.78986328125,0.8559892328398385,0.35919921875000005,0.05649048597267059,0.16407112777233124,0.06984931975603104,0.11949407309293747,0.038933973759412766,0.12261591851711273,0.19726136326789856,0.11780484020709991,0.11960375184814136,False,3.08,2026-09-23T16:05:07
stage2_large_id_04_to_self_recorded_fan_n10_full__fold3,stage2_large_id_04_to_self_recorded_fan_n10_full,3,large,id_04,self_recorded_fan,10,full,1805004742,10,3090,1470,50760,20.457020856896225,7.289898697210818,3.25,0.9722222222222223,0.96,8.39316256153938,0.9230769230769231,1.0,0.763888888888889,0.8461538461538461,0.20833333333333337,0.11384615384615382,0.46806640625000007,0.7984981226533167,0.78986328125,0.8559892328398385,0.321796875,0.057491110186521865,0.20717567205429077,0.0669957771897316,0.1223423182964325,0.03673345595598221,0.14232735335826874,0.23795059323310852,0.1321712558468183,0.1390038008491198,False,3.3,2026-09-23T16:05:10
stage2_large_id_04_to_self_recorded_fan_n10_full__fold4,stage2_large_id_04_to_self_recorded_fan_n10_full,4,large,id_04,self_recorded_fan,10,full,1127668949,10,3090,1470,50760,21.889999798366002,7.147760975117586,3.61,0.9722222222222223,0.9565217391304348,8.646213272483845,1.0,0.9166666666666666,0.7777777777777778,0.88,0.19444444444444453,0.07652173913043481,0.4293359375,0.7984981226533167,0.78986328125,0.8559892328398385,0.36052734375000006,0.057491110186521865,0.17720112204551697,0.061937686055898666,0.07529319077730179,0.033613674342632294,0.11959689855575562,0.20007529854774475,0.10481066629290581,0.11776195714871089,False,3.66,2026-09-23T16:05:14
stage2_large_id_04_to_self_recorded_fan_n10_full__fold5,stage2_large_id_04_to_self_recorded_fan_n10_full,5,large,id_04,self_recorded_fan,10,full,1903415176,10,3090,1470,50760,22.733262879507883,6.951294986569152,3.14,0.9166666666666667,0.9166666666666666,8.616175526678493,0.9166666666666666,0.9166666666666666,0.7222222222222222,0.8275862068965517,0.19444444444444453,0.08908045977011492,0.42619140624999996,0.7984981226533167,0.78986328125,0.8559892328398385,0.3636718750000001,0.057491110186521865,0.1808173954486847,0.059664346277713776,0.09174038469791412,0.03922152519226074,0.1555250585079193,0.24794259667396545,0.1107407088081042,0.14756306012471518,False,3.19,2026-09-23T16:05:17
stage2_large_id_04_to_self_recorded_fan_n10_full__fold6,stage2_large_id_04_to_self_recorded_fan_n10_full,6,large,id_04,self_recorded_fan,10,full,811518536,10,3090,1470,50760,22.679346746327926,5.663101108706727,3.11,0.8472222222222222,0.96,7.519550708162403,0.9230769230769231,1.0,0.7638888888888888,0.88,0.08333333333333337,0.07999999999999996,0.43011718749999994,0.7984981226533167,0.78986328125,0.8559892328398385,0.3597460937500001,0.057491110186521865,0.190824493765831,0.06781205534934998,0.08634103089570999,0.042154788970947266,0.11418206989765167,0.20195840299129486,0.11499252667029698,0.11943175395329793,False,3.16,2026-09-23T16:05:20
stage2_large_id_04_to_self_recorded_fan_n10_full__fold7,stage2_large_id_04_to_self_recorded_fan_n10_full,7,large,id_04,self_recorded_fan,10,full,1372033428,10,3090,1470,50760,23.078549579698212,6.962548538130157,3.04,0.9305555555555556,0.96,7.739548642295101,0.9230769230769231,1.0,0.7916666666666666,0.88,0.13888888888888895,0.07999999999999996,0.3759765625,0.7984981226533167,0.78986328125,0.8559892328398385,0.41388671875000005,0.057491110186521865,0.19820047914981842,0.0684707835316658,0.11659605801105499,0.03847608342766762,0.15536168217658997,0.256788432598114,0.12775577356417975,0.15020873273412386,False,3.09,2026-09-23T16:05:23
stage2_large_id_04_to_self_recorded_fan_n10_full__fold8,stage2_large_id_04_to_self_recorded_fan_n10_full,8,large,id_04,self_recorded_fan,10,full,332201274,10,3090,1470,50760,17.909880754899007,6.769886902400425,3.64,0.7222222222222223,0.8571428571428571,6.549354467500684,0.75,1.0,0.7222222222222222,0.8333333333333334,1.1102230246251565e-16,0.023809523809523725,0.5326757812499999,0.7984981226533167,0.78986328125,0.8559892328398385,0.2571875000000001,0.057491110186521865,0.18945428729057312,0.0706535056233406,0.0931912511587143,0.028072567656636238,0.10803663730621338,0.16264399886131287,0.11776634802420934,0.09958440127472083,False,3.7,2026-09-23T16:05:27
stage2_large_id_04_to_self_recorded_fan_n10_full__fold9,stage2_large_id_04_to_self_recorded_fan_n10_full,9,large,id_04,self_recorded_fan,10,full,158690128,10,3090,1470,50760,22.708445471160267,6.7208521512089945,3.06,0.9583333333333334,0.96,7.429320244267461,0.9230769230769231,1.0,0.736111111111111,0.8333333333333334,0.22222222222222232,0.1266666666666666,0.35359375000000004,0.7984981226533167,0.78986328125,0.8559892328398385,0.43626953125,0.057491110186521865,0.19148989021778107,0.057365357875823975,0.06871485710144043,0.042107678949832916,0.14361689984798431,0.20540963113307953,0.10585670173168182,0.13037806997696558,False,3.12,2026-09-23T16:05:30
stage2_large_id_04_to_self_recorded_fan_n20_bottleneck_only__fold0,stage2_large_id_04_to_self_recorded_fan_n20_bottleneck_only,0,large,id_04,self_recorded_fan,20,bottleneck_only,595803526,20,6180,2910,1096,31.2867493776931,23.549701808654156,4.62,0.6527777777777777,0.8275862068965517,14.702069325740283,0.7058823529411765,1.0,0.7777777777777778,0.8461538461538461,-0.1250000000000001,-0.018567639257294433,0.48541015624999995,0.8060453400503779,0.78986328125,0.8559892328398385,0.3044531250000001,0.04994389278946065,0.0,0.0,0.33218273520469666,0.11555591225624084,0.0,0.0,0.11072757840156555,0.03851863741874695,True,4.68,2026-09-23T16:09:41
stage2_large_id_04_to_self_recorded_fan_n20_bottleneck_only__fold1,stage2_large_id_04_to_self_recorded_fan_n20_bottleneck_only,1,large,id_04,self_recorded_fan,20,bottleneck_only,1723333105,20,6180,2910,1096,28.725955668183946,21.831445811950054,5.2,0.6805555555555555,0.8275862068965517,16.024728697866298,0.7058823529411765,1.0,0.7916666666666667,0.8461538461538461,-0.11111111111111127,-0.018567639257294433,0.5389257812499999,0.8050314465408805,0.78986328125,0.8559892328398385,0.25093750000000015,0.050957786298957974,0.0,0.0,0.32125717401504517,0.10620420426130295,0.0,0.0,0.10708572467168172,0.03540140142043432,False,5.25,2026-09-23T16:09:46
stage2_large_id_04_to_self_recorded_fan_n20_bottleneck_only__fold2,stage2_large_id_04_to_self_recorded_fan_n20_bottleneck_only,2,large,id_04,self_recorded_fan,20,bottleneck_only,1986880947,20,6180,2910,1096,30.4520574156771,22.404510360403158,4.71,0.6805555555555556,0.8461538461538461,20.180707421533526,0.7857142857142857,0.9166666666666666,0.7638888888888888,0.8461538461538461,-0.08333333333333326,0.0,0.483671875,0.8055908513341804,0.78986328125,0.8559892328398385,0.3061914062500001,0.05039838150565812,0.0,0.0,0.35655319690704346,0.12218684703111649,0.0,0.0,0.11885106563568115,0.04072894901037216,False,4.76,2026-09-23T16:09:51
stage2_large_id_04_to_self_recorded_fan_n20_bottleneck_only__fold3,stage2_large_id_04_to_self_recorded_fan_n20_bottleneck_only,3,large,id_04,self_recorded_fan,20,bottleneck_only,1631463743,20,6180,2910,1096,29.393888355530414,22.031064692231798,4.87,0.6805555555555556,0.8275862068965517,14.668039004007975,0.7058823529411765,1.0,0.763888888888889,0.8461538461538461,-0.08333333333333337,-0.018567639257294433,0.4791796875,0.8045397225725095,0.78986328125,0.8559892328398385,0.31068359375000004,0.051449510267329024,0.0,0.0,0.3253019452095032,0.11649584770202637,0.0,0.0,0.10843398173650105,0.03883194923400879,False,4.92,2026-09-23T16:09:56
stage2_large_id_04_to_self_recorded_fan_n20_bottleneck_only__fold4,stage2_large_id_04_to_self_recorded_fan_n20_bottleneck_only,4,large,id_04,self_recorded_fan,20,bottleneck_only,1916216395,20,6180,2910,1096,30.195824908227035,22.383301823409564,5.34,0.6944444444444444,0.8333333333333334,22.015471936503346,0.8333333333333334,0.8333333333333334,0.7777777777777778,0.88,-0.08333333333333337,-0.046666666666666634,0.5101953125,0.8065739570164349,0.78986328125,0.8559892328398385,0.27966796875,0.04941527582340366,0.0,0.0,0.34156495332717896,0.11936008930206299,0.0,0.0,0.11385498444239299,0.039786696434020996,False,5.39,2026-09-23T16:10:01
stage2_large_id_04_to_self_recorded_fan_n20_bottleneck_only__fold5,stage2_large_id_04_to_self_recorded_fan_n20_bottleneck_only,5,large,id_04,self_recorded_fan,20,bottleneck_only,60375347,20,6180,2910,1096,30.601319244227458,22.99486337248812,4.45,0.6666666666666666,0.8275862068965517,14.861100573369987,0.7058823529411765,1.0,0.7222222222222222,0.8275862068965517,-0.05555555555555558,0.0,0.4731054687499999,0.8040455120101138,0.78986328125,0.8559892328398385,0.3167578125000001,0.05194372082972476,0.0,0.0,0.3265475034713745,0.11717268079519272,0.0,0.0,0.1088491678237915,0.03905756026506424,False,4.5,2026-09-23T16:10:06
stage2_large_id_04_to_self_recorded_fan_n20_bottleneck_only__fold6,stage2_large_id_04_to_self_recorded_fan_n20_bottleneck_only,6,large,id_04,self_recorded_fan,20,bottleneck_only,1952117735,20,6180,2910,1096,30.49784017346569,22.480330968640516,4.48,0.6944444444444445,0.8275862068965517,13.82909219550469,0.7058823529411765,1.0,0.7638888888888888,0.88,-0.06944444444444431,-0.05241379310344829,0.49486328124999995,0.8050632911392405,0.78986328125,0.8559892328398385,0.2950000000000001,0.050925941700598054,0.0,0.0,0.32005539536476135,0.1251010000705719,0.0,0.0,0.10668513178825378,0.0417003333568573,False,4.53,2026-09-23T16:10:10
stage2_large_id_04_to_self_recorded_fan_n20_bottleneck_only__fold7,stage2_large_id_04_to_self_recorded_fan_n20_bottleneck_only,7,large,id_04,self_recorded_fan,20,bottleneck_only,1678701803,20,6180,2910,1096,30.40978364846141,22.847320536977236,5.08,0.6944444444444445,0.8275862068965517,15.0100438108722,0.7058823529411765,1.0,0.7916666666666666,0.88,-0.0972222222222221,-0.05241379310344829,0.4681640624999999,0.8035264483627204,0.78986328125,0.8559892328398385,0.3216992187500001,0.05246278447711816,0.0,0.0,0.31826114654541016,0.11187321692705154,0.0,0.0,0.10608704884847005,0.03729107230901718,False,5.13,2026-09-23T16:10:15
stage2_large_id_04_to_self_recorded_fan_n20_bottleneck_only__fold8,stage2_large_id_04_to_self_recorded_fan_n20_bottleneck_only,8,large,id_04,self_recorded_fan,20,bottleneck_only,476732277,20,6180,2910,1096,27.80857729174427,20.725137651581125,4.83,0.6944444444444444,0.8461538461538461,19.946254481489703,0.7857142857142857,0.9166666666666666,0.7222222222222222,0.8333333333333334,-0.02777777777777779,0.012820512820512775,0.49046874999999995,0.8050632911392405,0.78986328125,0.8559892328398385,0.2993945312500001,0.050925941700598054,0.0,0.0,0.3357020616531372,0.11560842394828796,0.0,0.0,0.1119006872177124,0.038536141316095986,False,4.89,2026-09-23T16:10:20
stage2_large_id_04_to_self_recorded_fan_n20_bottleneck_only__fold9,stage2_large_id_04_to_self_recorded_fan_n20_bottleneck_only,9,large,id_04,self_recorded_fan,20,bottleneck_only,1062587853,20,6180,2910,1096,30.188023065783312,22.56289338573967,4.95,0.6805555555555555,0.8461538461538461,19.837042789449406,0.7857142857142857,0.9166666666666666,0.736111111111111,0.8333333333333334,-0.05555555555555558,0.012820512820512775,0.49289062499999997,0.8045397225725095,0.78986328125,0.8559892328398385,0.2969726562500001,0.051449510267329024,0.0,0.0,0.3317413926124573,0.11308945715427399,0.0,0.0,0.11058046420415242,0.03769648571809133,False,5.02,2026-09-23T16:10:25
stage2_large_id_04_to_self_recorded_fan_n20_decoder_only__fold0,stage2_large_id_04_to_self_recorded_fan_n20_decoder_only,0,large,id_04,self_recorded_fan,20,decoder_only,744020053,20,6180,2910,25536,19.343269859392617,8.661676200394778,5.09,0.9444444444444444,0.9565217391304348,11.918838030729123,1.0,0.9166666666666666,0.7777777777777778,0.8461538461538461,0.16666666666666663,0.11036789297658867,0.5865625,0.7984981226533167,0.78986328125,0.8559892328398385,0.20330078125000006,0.057491110186521865,0.0,0.0,0.0,0.05049369856715202,0.20112040638923645,0.30224788188934326,0.0,0.18462066228191057,True,5.16,2026-09-23T16:07:57
stage2_large_id_04_to_self_recorded_fan_n20_decoder_only__fold1,stage2_large_id_04_to_self_recorded_fan_n20_decoder_only,1,large,id_04,self_recorded_fan,20,decoder_only,1759238863,20,6180,2910,25536,17.760083699963758,8.746217349140915,4.68,0.8472222222222223,0.8695652173913043,9.968691680515946,0.9090909090909091,0.8333333333333334,0.7916666666666667,0.8461538461538461,0.05555555555555558,0.02341137123745818,0.6153124999999999,0.8,0.78986328125,0.8559892328398385,0.17455078125000012,0.055989232839838476,0.0,0.0,0.0,0.04860156401991844,0.19294089078903198,0.3013400435447693,0.0,0.18096083278457323,False,4.73,2026-09-23T16:08:02
stage2_large_id_04_to_self_recorded_fan_n20_decoder_only__fold2,stage2_large_id_04_to_self_recorded_fan_n20_decoder_only,2,large,id_04,self_recorded_fan,20,decoder_only,1214775019,20,6180,2910,25536,19.920314130094862,8.837689232580441,4.66,0.8750000000000001,0.8695652173913043,10.378090110140054,0.9090909090909091,0.8333333333333334,0.7638888888888888,0.8461538461538461,0.11111111111111127,0.02341137123745818,0.58423828125,0.7984981226533167,0.78986328125,0.8559892328398385,0.20562500000000006,0.057491110186521865,0.0,0.0,0.0,0.05678031966090202,0.23101824522018433,0.32048407196998596,0.0,0.20276087895035744,False,4.71,2026-09-23T16:08:07
stage2_large_id_04_to_self_recorded_fan_n20_decoder_only__fold3,stage2_large_id_04_to_self_recorded_fan_n20_decoder_only,3,large,id_04,self_recorded_fan,20,decoder_only,657901603,20,6180,2910,25536,18.657575410665924,9.146677621861095,5.24,0.7777777777777778,0.8275862068965517,6.8715100674181695,0.7058823529411765,1.0,0.763888888888889,0.8461538461538461,0.01388888888888884,-0.018567639257294433,0.5839062500000001,0.7984981226533167,0.78986328125,0.8559892328398385,0.20595703124999998,0.057491110186521865,0.0,0.0,0.0,0.050454869866371155,0.19985459744930267,0.2730450928211212,0.0,0.17445152004559836,False,5.29,2026-09-23T16:08:12
stage2_large_id_04_to_self_recorded_fan_n20_decoder_only__fold4,stage2_large_id_04_to_self_recorded_fan_n20_decoder_only,4,large,id_04,self_recorded_fan,20,decoder_only,1580095664,20,6180,2910,25536,19.3826422248919,9.086350391820535,4.62,0.8750000000000001,0.9090909090909091,10.987935959383563,1.0,0.8333333333333334,0.7777777777777778,0.88,0.09722222222222232,0.029090909090909056,0.5448828125,0.7984981226533167,0.78986328125,0.8559892328398385,0.24498046875,0.057491110186521865,0.0,0.0,0.0,0.056422602385282516,0.22495737671852112,0.26343247294425964,0.0,0.18160415068268776,False,4.67,2026-09-23T16:08:17
stage2_large_id_04_to_self_recorded_fan_n20_decoder_only__fold5,stage2_large_id_04_to_self_recorded_fan_n20_decoder_only,5,large,id_04,self_recorded_fan,20,decoder_only,119410567,20,6180,2910,25536,19.196595044480155,8.657837459721517,4.64,0.8333333333333333,0.8888888888888888,8.130328629365987,0.8,1.0,0.7222222222222222,0.8275862068965517,0.11111111111111105,0.06130268199233713,0.60388671875,0.7989821882951654,0.78986328125,0.8559892328398385,0.18597656250000005,0.05700704454467309,0.0,0.0,0.0,0.05176737159490585,0.20150914788246155,0.29260748624801636,0.0,0.1819613352417946,False,4.7,2026-09-23T16:08:21
stage2_large_id_04_to_self_recorded_fan_n20_decoder_only__fold6,stage2_large_id_04_to_self_recorded_fan_n20_decoder_only,6,large,id_04,self_recorded_fan,20,decoder_only,1510187480,20,6180,2910,25536,19.467410028595285,8.680656516674867,5.1,0.9722222222222223,0.9565217391304348,9.940247891717286,1.0,0.9166666666666666,0.7638888888888888,0.88,0.20833333333333348,0.07652173913043481,0.60130859375,0.7994955863808323,0.78986328125,0.8559892328398385,0.18855468750000004,0.05649364645900623,0.0,0.0,0.0,0.055801983922719955,0.2210739701986313,0.30289554595947266,0.0,0.19325716669360796,False,5.15,2026-09-23T16:08:27
stage2_large_id_04_to_self_recorded_fan_n20_decoder_only__fold7,stage2_large_id_04_to_self_recorded_fan_n20_decoder_only,7,large,id_04,self_recorded_fan,20,decoder_only,1008976304,20,6180,2910,25536,19.069202914680403,9.220151124541292,4.61,0.9166666666666666,0.9166666666666666,9.697647205327586,0.9166666666666666,0.9166666666666666,0.7916666666666666,0.88,0.125,0.036666666666666625,0.579921875,0.7984981226533167,0.78986328125,0.8559892328398385,0.20994140625000002,0.057491110186521865,0.0,0.0,0.0,0.04979770630598068,0.21214406192302704,0.3030579090118408,0.0,0.18833322574694952,False,4.66,2026-09-23T16:08:31
stage2_large_id_04_to_self_recorded_fan_n20_decoder_only__fold8,stage2_large_id_04_to_self_recorded_fan_n20_decoder_only,8,large,id_04,self_recorded_fan,20,decoder_only,1432267388,20,6180,2910,25536,17.955712436400738,9.001526640862533,4.74,0.9166666666666666,0.9166666666666666,8.960455581974438,0.9166666666666666,0.9166666666666666,0.7222222222222222,0.8333333333333334,0.19444444444444442,0.08333333333333326,0.6086328125,0.8030112923462986,0.78986328125,0.8559892328398385,0.18123046875000004,0.05297794049353988,0.0,0.0,0.0,0.05163273215293884,0.22194860875606537,0.31059372425079346,0.0,0.19472502171993256,False,4.79,2026-09-23T16:08:36
stage2_large_id_04_to_self_recorded_fan_n20_decoder_only__fold9,stage2_large_id_04_to_self_recorded_fan_n20_decoder_only,9,large,id_04,self_recorded_fan,20,decoder_only,226510495,20,6180,2910,25536,18.872938736197874,8.728932129968072,5.02,0.9166666666666666,0.9166666666666666,9.3350747670013,0.9166666666666666,0.9166666666666666,0.736111111111111,0.8333333333333334,0.18055555555555558,0.08333333333333326,0.5787109374999999,0.7984981226533167,0.78986328125,0.8559892328398385,0.21115234375000014,0.057491110186521865,0.0,0.0,0.0,0.052079081535339355,0.21276019513607025,0.31357163190841675,0.0,0.19280363619327545,False,5.08,2026-09-23T16:08:41
stage2_large_id_04_to_self_recorded_fan_n20_encoder_only__fold0,stage2_large_id_04_to_self_recorded_fan_n20_encoder_only,0,large,id_04,self_recorded_fan,20,encoder_only,578578613,20,6180,2910,25224,31.845635266648124,29.959542775891492,5.18,0.6944444444444445,0.8275862068965517,19.57439565504253,0.7058823529411765,1.0,0.7777777777777778,0.8461538461538461,-0.08333333333333326,-0.018567639257294433,0.619140625,0.801007556675063,0.78986328125,0.8559892328398385,0.17072265625000005,0.05498167616477556,0.1485569179058075,0.07295601069927216,0.12376166135072708,0.0,0.0,0.0,0.1150915299852689,0.0,True,5.24,2026-09-23T16:08:46
stage2_large_id_04_to_self_recorded_fan_n20_encoder_only__fold1,stage2_large_id_04_to_self_recorded_fan_n20_encoder_only,1,large,id_04,self_recorded_fan,20,encoder_only,1111625885,20,6180,2910,25224,29.582316270808583,27.96004692549558,5.79,0.6805555555555556,0.8275862068965517,20.70829231299243,0.7058823529411765,1.0,0.7916666666666667,0.8461538461538461,-0.11111111111111116,-0.018567639257294433,0.61626953125,0.8010012515644556,0.78986328125,0.8559892328398385,0.1735937500000001,0.05498798127538296,0.1463308185338974,0.07362030446529388,0.12962831556797028,0.0,0.0,0.0,0.11652647952238719,0.0,False,5.84,2026-09-23T16:08:52
stage2_large_id_04_to_self_recorded_fan_n20_encoder_only__fold2,stage2_large_id_04_to_self_recorded_fan_n20_encoder_only,2,large,id_04,self_recorded_fan,20,encoder_only,229831847,20,6180,2910,25224,30.86011544453729,28.841597960167324,5.21,0.6666666666666666,0.8275862068965517,19.064301706826416,0.7058823529411765,1.0,0.7638888888888888,0.8461538461538461,-0.09722222222222221,-0.018567639257294433,0.612265625,0.8015170670037927,0.78986328125,0.8559892328398385,0.17759765625,0.05447216583604586,0.14968439936637878,0.06698378920555115,0.11763929575681686,0.0,0.0,0.0,0.11143582810958226,0.0,False,5.26,2026-09-23T16:08:57
stage2_large_id_04_to_self_recorded_fan_n20_encoder_only__fold3,stage2_large_id_04_to_self_recorded_fan_n20_encoder_only,3,large,id_04,self_recorded_fan,20,encoder_only,1535680803,20,6180,2910,25224,29.93229325284663,28.179174462544548,5.29,0.6666666666666666,0.8275862068965517,19.150040185181453,0.7058823529411765,1.0,0.763888888888889,0.8461538461538461,-0.09722222222222232,-0.018567639257294433,0.6087109374999999,0.8010012515644556,0.78986328125,0.8559892328398385,0.1811523437500001,0.05498798127538296,0.14748845994472504,0.07455077767372131,0.11836054921150208,0.0,0.0,0.0,0.1134665956099828,0.0,False,5.34,2026-09-23T16:09:03
stage2_large_id_04_to_self_recorded_fan_n20_encoder_only__fold4,stage2_large_id_04_to_self_recorded_fan_n20_encoder_only,4,large,id_04,self_recorded_fan,20,encoder_only,1183505861,20,6180,2910,25224,30.74868235637232,28.841315869203548,5.48,0.6944444444444445,0.8275862068965517,18.88047443315821,0.7058823529411765,1.0,0.7777777777777778,0.88,-0.08333333333333326,-0.05241379310344829,0.6194726562499999,0.8020304568527918,0.78986328125,0.8559892328398385,0.17039062500000013,0.05395877598704668,0.14906296133995056,0.06438213586807251,0.08744625747203827,0.0,0.0,0.0,0.10029711822668712,0.0,False,5.54,2026-09-23T16:09:08
stage2_large_id_04_to_self_recorded_fan_n20_encoder_only__fold5,stage2_large_id_04_to_self_recorded_fan_n20_encoder_only,5,large,id_04,self_recorded_fan,20,encoder_only,157128867,20,6180,2910,25224,31.155481554798243,29.31850921001631,5.46,0.6666666666666666,0.8275862068965517,18.857178786811705,0.7058823529411765,1.0,0.7222222222222222,0.8275862068965517,-0.05555555555555558,0.0,0.60494140625,0.8005018820577164,0.78986328125,0.8559892328398385,0.184921875,0.05548735078212208,0.1495598405599594,0.0650193989276886,0.11960629373788834,0.0,0.0,0.0,0.11139517774184544,0.0,False,5.51,2026-09-23T16:09:14
stage2_large_id_04_to_self_recorded_fan_n20_encoder_only__fold6,stage2_large_id_04_to_self_recorded_fan_n20_encoder_only,6,large,id_04,self_recorded_fan,20,encoder_only,1348115459,20,6180,2910,25224,30.85105093729865,28.973704151271544,5.98,0.6666666666666667,0.8275862068965517,17.604292030087567,0.7058823529411765,1.0,0.7638888888888888,0.88,-0.0972222222222221,-0.05241379310344829,0.6146679687500001,0.8020050125313283,0.78986328125,0.8559892328398385,0.17519531249999998,0.053984220308510245,0.14374838769435883,0.07521241158246994,0.12781275808811188,0.0,0.0,0.0,0.11559118578831355,0.0,False,6.03,2026-09-23T16:09:20
stage2_large_id_04_to_self_recorded_fan_n20_encoder_only__fold7,stage2_large_id_04_to_self_recorded_fan_n20_encoder_only,7,large,id_04,self_recorded_fan,20,encoder_only,768282095,20,6180,2910,25224,31.047111904498227,29.20560646057129,5.2,0.7083333333333334,0.8333333333333334,27.80104505949085,0.8333333333333334,0.8333333333333334,0.7916666666666666,0.88,-0.08333333333333326,-0.046666666666666634,0.60951171875,0.801007556675063,0.78986328125,0.8559892328398385,0.18035156250000006,0.05498167616477556,0.1428283154964447,0.07373014092445374,0.11840155720710754,0.0,0.0,0.0,0.111653337876002,0.0,False,5.26,2026-09-23T16:09:25
stage2_large_id_04_to_self_recorded_fan_n20_encoder_only__fold8,stage2_large_id_04_to_self_recorded_fan_n20_encoder_only,8,large,id_04,self_recorded_fan,20,encoder_only,2141699112,20,6180,2910,25224,28.434432806427946,26.723428490235634,5.3,0.6388888888888888,0.8275862068965517,19.256082420596027,0.7058823529411765,1.0,0.7222222222222222,0.8333333333333334,-0.08333333333333337,-0.005747126436781658,0.57708984375,0.8020050125313283,0.78986328125,0.8559892328398385,0.2127734375,0.053984220308510245,0.1459311842918396,0.09047144651412964,0.11683863401412964,0.0,0.0,0.0,0.11774708827336629,0.0,False,5.36,2026-09-23T16:09:31
stage2_large_id_04_to_self_recorded_fan_n20_encoder_only__fold9,stage2_large_id_04_to_self_recorded_fan_n20_encoder_only,9,large,id_04,self_recorded_fan,20,encoder_only,1203460046,20,6180,2910,25224,30.939338172833946,29.071820268925933,5.61,0.6527777777777777,0.8275862068965517,19.012244573303025,0.7058823529411765,1.0,0.736111111111111,0.8333333333333334,-0.08333333333333337,-0.005747126436781658,0.6138867187499999,0.8030112923462986,0.78986328125,0.8559892328398385,0.17597656250000016,0.05297794049353988,0.14145243167877197,0.06919001787900925,0.11496628820896149,0.0,0.0,0.0,0.10853624592224757,0.0,False,5.67,2026-09-23T16:09:36
stage2_large_id_04_to_self_recorded_fan_n20_full__fold0,stage2_large_id_04_to_self_recorded_fan_n20_full,0,large,id_04,self_recorded_fan,20,full,1303876681,20,6180,2910,50760,18.083995543804367,5.685158169146666,6.03,1.0,1.0,8.747748185030366,1.0,1.0,0.7777777777777778,0.8461538461538461,0.2222222222222222,0.15384615384615385,0.3989453125,0.7984981226533167,0.78986328125,0.8559892328398385,0.39091796875000007,0.057491110186521865,0.2908335328102112,0.08481720834970474,0.0915708914399147,0.05744655430316925,0.21375475823879242,0.3011598587036133,0.15574054419994354,0.1907870570818583,True,6.1,2026-09-23T16:06:56
stage2_large_id_04_to_self_recorded_fan_n20_full__fold1,stage2_large_id_04_to_self_recorded_fan_n20_full,1,large,id_04,self_recorded_fan,20,full,1351964714,20,6180,2910,50760,16.750248889333193,5.746453653905809,6.3,1.0,1.0,8.755523714739063,1.0,1.0,0.7916666666666667,0.8461538461538461,0.20833333333333326,0.15384615384615385,0.46228515625,0.7984981226533167,0.78986328125,0.8559892328398385,0.32757812500000005,0.057491110186521865,0.3026518225669861,0.08746880292892456,0.09686460345983505,0.061924319714307785,0.24472226202487946,0.3044854700565338,0.16232840965191522,0.20371068393190703,False,6.37,2026-09-23T16:07:02
stage2_large_id_04_to_self_recorded_fan_n20_full__fold2,stage2_large_id_04_to_self_recorded_fan_n20_full,2,large,id_04,self_recorded_fan,20,full,1046994128,20,6180,2910,50760,18.370283667574224,6.2787378940385645,6.24,0.9722222222222223,0.9565217391304348,8.048672741339484,1.0,0.9166666666666666,0.7638888888888888,0.8461538461538461,0.20833333333333348,0.11036789297658867,0.49373046875000004,0.7984981226533167,0.78986328125,0.8559892328398385,0.2961328125,0.057491110186521865,0.25276434421539307,0.0846446305513382,0.18351157009601593,0.03801117464900017,0.17410631477832794,0.26985427737236023,0.17364018162091574,0.1606572555998961,False,6.3,2026-09-23T16:07:08
stage2_large_id_04_to_self_recorded_fan_n20_full__fold3,stage2_large_id_04_to_self_recorded_fan_n20_full,3,large,id_04,self_recorded_fan,20,full,564146938,20,6180,2910,50760,17.429049472218935,6.2540762006622,6.12,1.0,1.0,7.913051683053128,1.0,1.0,0.763888888888889,0.8461538461538461,0.23611111111111105,0.15384615384615385,0.405546875,0.7984981226533167,0.78986328125,0.8559892328398385,0.3843164062500001,0.057491110186521865,0.28063398599624634,0.09109955281019211,0.11874797195196152,0.05207941681146622,0.22510387003421783,0.32886022329330444,0.16349383691946665,0.20201450337966284,False,6.19,2026-09-23T16:07:14
stage2_large_id_04_to_self_recorded_fan_n20_full__fold4,stage2_large_id_04_to_self_recorded_fan_n20_full,4,large,id_04,self_recorded_fan,20,full,389731046,20,6180,2910,50760,18.028672287144612,6.0111299839216406,6.41,1.0,1.0,8.077876665995895,1.0,1.0,0.7777777777777778,0.88,0.2222222222222222,0.12,0.44003906249999997,0.7984981226533167,0.78986328125,0.8559892328398385,0.3498242187500001,0.057491110186521865,0.2788850963115692,0.07810315489768982,0.1035427674651146,0.0491679348051548,0.19026389718055725,0.2877296805381775,0.15351033955812454,0.17572050417462984,False,6.46,2026-09-23T16:07:21
stage2_large_id_04_to_self_recorded_fan_n20_full__fold5,stage2_large_id_04_to_self_recorded_fan_n20_full,5,large,id_04,self_recorded_fan,20,full,2059351727,20,6180,2910,50760,17.909862115211094,6.200970428506124,5.94,0.9166666666666667,0.9230769230769231,5.854099831657624,0.8571428571428571,1.0,0.7222222222222222,0.8275862068965517,0.19444444444444453,0.09549071618037142,0.46751953124999995,0.7984981226533167,0.78986328125,0.8559892328398385,0.3223437500000001,0.057491110186521865,0.25328776240348816,0.08665899187326431,0.16633547842502594,0.04714667424559593,0.2122492790222168,0.29599106311798096,0.16876074423392615,0.18512900546193123,False,5.99,2026-09-23T16:07:27
stage2_large_id_04_to_self_recorded_fan_n20_full__fold6,stage2_large_id_04_to_self_recorded_fan_n20_full,6,large,id_04,self_recorded_fan,20,full,1286238717,20,6180,2910,50760,18.11301148798048,6.1177654315515895,6.54,1.0,1.0,7.999900855090809,1.0,1.0,0.7638888888888888,0.88,0.23611111111111116,0.12,0.40626953125,0.7984981226533167,0.78986328125,0.8559892328398385,0.38359375000000007,0.057491110186521865,0.2695053219795227,0.08233314752578735,0.1488216668367386,0.051116377115249634,0.19699090719223022,0.28136157989501953,0.1668867121140162,0.17648962140083313,False,6.59,2026-09-23T16:07:33
stage2_large_id_04_to_self_recorded_fan_n20_full__fold7,stage2_large_id_04_to_self_recorded_fan_n20_full,7,large,id_04,self_recorded_fan,20,full,2122427573,20,6180,2910,50760,17.80723036933191,5.894638081186826,5.93,1.0,1.0,8.178887214433757,1.0,1.0,0.7916666666666666,0.88,0.20833333333333337,0.12,0.33599609375,0.7984981226533167,0.78986328125,0.8559892328398385,0.45386718750000005,0.057491110186521865,0.32089656591415405,0.07512340694665909,0.09719720482826233,0.05714808776974678,0.22897249460220337,0.30304402112960815,0.1644057258963585,0.1963882011671861,False,5.98,2026-09-23T16:07:39
stage2_large_id_04_to_self_recorded_fan_n20_full__fold8,stage2_large_id_04_to_self_recorded_fan_n20_full,8,large,id_04,self_recorded_fan,20,full,2017094352,20,6180,2910,50760,16.72385330790097,5.7035159130686335,6.67,1.0,1.0,7.038806673097856,1.0,1.0,0.7222222222222222,0.8333333333333334,0.2777777777777778,0.16666666666666663,0.56169921875,0.7984981226533167,0.78986328125,0.8559892328398385,0.2281640625000001,0.057491110186521865,0.318654865026474,0.0794985294342041,0.120419941842556,0.0460083968937397,0.19324341416358948,0.2798933982849121,0.1728577787677447,0.17304840311408043,False,6.72,2026-09-23T16:07:46
stage2_large_id_04_to_self_recorded_fan_n20_full__fold9,stage2_large_id_04_to_self_recorded_fan_n20_full,9,large,id_04,self_recorded_fan,20,full,432285634,20,6180,2910,50760,17.58755496113571,5.33570474939248,5.91,1.0,1.0,7.910248080087294,1.0,1.0,0.736111111111111,0.8333333333333334,0.26388888888888895,0.16666666666666663,0.39603515624999996,0.7984981226533167,0.78986328125,0.8559892328398385,0.3938281250000001,0.057491110186521865,0.306442528963089,0.07410483807325363,0.08749079704284668,0.05694364011287689,0.2252592146396637,0.29040220379829407,0.15601272135972977,0.19086835285027823,False,5.96,2026-09-23T16:07:52
stage2_large_id_04_to_self_recorded_fan_n40_bottleneck_only__fold0,stage2_large_id_04_to_self_recorded_fan_n40_bottleneck_only,0,large,id_04,self_recorded_fan,40,bottleneck_only,1027028721,40,12360,5820,1096,28.25911958438834,22.33156965196747,9.42,0.6805555555555556,0.8461538461538461,20.681618036644043,0.7857142857142857,0.9166666666666666,0.7777777777777778,0.8461538461538461,-0.09722222222222221,0.0,0.47365234375,0.8040201005025126,0.78986328125,0.8559892328398385,0.31621093750000007,0.05196913233732592,0.0,0.0,0.5586569905281067,0.18841807544231415,0.0,0.0,0.18621899684270224,0.06280602514743805,True,9.49,2026-09-23T16:16:07
stage2_large_id_04_to_self_recorded_fan_n40_bottleneck_only__fold1,stage2_large_id_04_to_self_recorded_fan_n40_bottleneck_only,1,large,id_04,self_recorded_fan,40,bottleneck_only,1228476760,40,12360,5820,1096,27.35476271639165,21.523037880966342,9.7,0.6944444444444444,0.8571428571428571,19.406919906951202,0.75,1.0,0.7916666666666667,0.8461538461538461,-0.09722222222222232,0.01098901098901095,0.49519531250000004,0.807061790668348,0.78986328125,0.8559892328398385,0.29466796875,0.048927442171490476,0.0,0.0,0.5654407739639282,0.19098587334156036,0.0,0.0,0.18848025798797607,0.06366195778052013,False,9.75,2026-09-23T16:16:16
stage2_large_id_04_to_self_recorded_fan_n40_bottleneck_only__fold2,stage2_large_id_04_to_self_recorded_fan_n40_bottleneck_only,2,large,id_04,self_recorded_fan,40,bottleneck_only,677644659,40,12360,5820,1096,27.945998870220382,21.81061797781089,9.64,0.6805555555555556,0.8461538461538461,20.118577626789918,0.7857142857142857,0.9166666666666666,0.7638888888888888,0.8461538461538461,-0.08333333333333326,0.0,0.49669921874999995,0.8040455120101138,0.78986328125,0.8559892328398385,0.2931640625000001,0.05194372082972476,0.0,0.0,0.5724965333938599,0.20111021399497986,0.0,0.0,0.19083217779795328,0.06703673799832661,False,9.7,2026-09-23T16:16:26
stage2_large_id_04_to_self_recorded_fan_n40_bottleneck_only__fold3,stage2_large_id_04_to_self_recorded_fan_n40_bottleneck_only,3,large,id_04,self_recorded_fan,40,bottleneck_only,984943566,40,12360,5820,1096,27.391437451864025,21.48087672597354,9.58,0.6805555555555556,0.8275862068965517,14.38507756600488,0.7058823529411765,1.0,0.763888888888889,0.8461538461538461,-0.08333333333333337,-0.018567639257294433,0.49238281250000004,0.8030112923462986,0.78986328125,0.8559892328398385,0.29748046875,0.05297794049353988,0.0,0.0,0.5599778890609741,0.19920115172863007,0.0,0.0,0.18665929635365805,0.06640038390954335,False,9.63,2026-09-23T16:16:36
stage2_large_id_04_to_self_recorded_fan_n40_bottleneck_only__fold4,stage2_large_id_04_to_self_recorded_fan_n40_bottleneck_only,4,large,id_04,self_recorded_fan,40,bottleneck_only,1685099131,40,12360,5820,1096,26.886961445365984,21.091272403284446,9.12,0.6805555555555555,0.8275862068965517,13.515786013556916,0.7058823529411765,1.0,0.7777777777777778,0.88,-0.09722222222222232,-0.05241379310344829,0.5122265625,0.8060836501901141,0.78986328125,0.8559892328398385,0.27763671875000007,0.049905582649724445,0.0,0.0,0.571328341960907,0.19549180567264557,0.0,0.0,0.19044278065363565,0.0651639352242152,False,9.17,2026-09-23T16:16:45
stage2_large_id_04_to_self_recorded_fan_n40_bottleneck_only__fold5,stage2_large_id_04_to_self_recorded_fan_n40_bottleneck_only,5,large,id_04,self_recorded_fan,40,bottleneck_only,364281094,40,12360,5820,1096,28.339984018778065,22.13437663402754,9.55,0.6666666666666666,0.8275862068965517,14.881443542184181,0.7058823529411765,1.0,0.7222222222222222,0.8275862068965517,-0.05555555555555558,0.0,0.47396484375,0.8055555555555556,0.78986328125,0.8559892328398385,0.3158984375000001,0.05043367728428294,0.0,0.0,0.5670481324195862,0.20277060568332672,0.0,0.0,0.18901604413986206,0.06759020189444225,False,9.62,2026-09-23T16:16:55
stage2_large_id_04_to_self_recorded_fan_n40_bottleneck_only__fold6,stage2_large_id_04_to_self_recorded_fan_n40_bottleneck_only,6,large,id_04,self_recorded_fan,40,bottleneck_only,2039283788,40,12360,5820,1096,27.963949901541483,21.837990937773714,9.56,0.7083333333333334,0.8461538461538461,20.901306218704363,0.7857142857142857,0.9166666666666666,0.7638888888888888,0.88,-0.05555555555555547,-0.03384615384615386,0.48951171875,0.803030303030303,0.78986328125,0.8559892328398385,0.30035156250000006,0.05295892980953554,0.0,0.0,0.5619015097618103,0.20122891664505005,0.0,0.0,0.18730050325393677,0.06707630554835002,False,9.62,2026-09-23T16:17:04
stage2_large_id_04_to_self_recorded_fan_n40_bottleneck_only__fold7,stage2_large_id_04_to_self_recorded_fan_n40_bottleneck_only,7,large,id_04,self_recorded_fan,40,bottleneck_only,110534464,40,12360,5820,1096,27.316714316299283,21.892511249817524,9.25,0.6666666666666666,0.8275862068965517,14.720855432035082,0.7058823529411765,1.0,0.7916666666666666,0.88,-0.125,-0.05241379310344829,0.47552734374999994,0.8075949367088607,0.78986328125,0.8559892328398385,0.3143359375000001,0.04839429613097779,0.0,0.0,0.5480678677558899,0.17776384949684143,0.0,0.0,0.1826892892519633,0.059254616498947144,False,9.31,2026-09-23T16:17:14
stage2_large_id_04_to_self_recorded_fan_n40_bottleneck_only__fold8,stage2_large_id_04_to_self_recorded_fan_n40_bottleneck_only,8,large,id_04,self_recorded_fan,40,bottleneck_only,2035408364,40,12360,5820,1096,27.170335081434743,21.320211095908252,9.49,0.6805555555555556,0.8461538461538461,19.89729173903792,0.7857142857142857,0.9166666666666666,0.7222222222222222,0.8333333333333334,-0.04166666666666663,0.012820512820512775,0.50166015625,0.8060836501901141,0.78986328125,0.8559892328398385,0.288203125,0.049905582649724445,0.0,0.0,0.5599311590194702,0.19732651114463806,0.0,0.0,0.18664371967315674,0.06577550371487935,False,9.55,2026-09-23T16:17:23
stage2_large_id_04_to_self_recorded_fan_n40_bottleneck_only__fold9,stage2_large_id_04_to_self_recorded_fan_n40_bottleneck_only,9,large,id_04,self_recorded_fan,40,bottleneck_only,1478836906,40,12360,5820,1096,27.92118838398727,21.742563611453342,9.63,0.7083333333333333,0.8571428571428571,19.28645780612173,0.75,1.0,0.736111111111111,0.8333333333333334,-0.02777777777777779,0.023809523809523725,0.49955078125,0.8040201005025126,0.78986328125,0.8559892328398385,0.29031250000000003,0.05196913233732592,0.0,0.0,0.5708419680595398,0.20025131106376648,0.0,0.0,0.1902806560198466,0.0667504370212555,False,9.68,2026-09-23T16:17:33
stage2_large_id_04_to_self_recorded_fan_n40_decoder_only__fold0,stage2_large_id_04_to_self_recorded_fan_n40_decoder_only,0,large,id_04,self_recorded_fan,40,decoder_only,257081453,40,12360,5820,25536,15.96485538580983,8.22218632698059,9.26,0.9861111111111112,0.96,10.518807726341887,0.9230769230769231,1.0,0.7777777777777778,0.8461538461538461,0.20833333333333337,0.11384615384615382,0.60267578125,0.7989949748743719,0.78986328125,0.8559892328398385,0.18718750000000006,0.056994257965466644,0.0,0.0,0.0,0.05919114127755165,0.30729764699935913,0.3701125681400299,0.0,0.24553378547231355,True,9.32,2026-09-23T16:12:40
stage2_large_id_04_to_self_recorded_fan_n40_decoder_only__fold1,stage2_large_id_04_to_self_recorded_fan_n40_decoder_only,1,large,id_04,self_recorded_fan,40,decoder_only,54722319,40,12360,5820,25536,15.747741114232959,8.473988075846249,10.02,0.9027777777777779,0.8888888888888888,7.9802171794909675,0.8,1.0,0.7916666666666667,0.8461538461538461,0.11111111111111116,0.042735042735042694,0.59302734375,0.8,0.78986328125,0.8559892328398385,0.19683593750000006,0.055989232839838476,0.0,0.0,0.0,0.058809805661439896,0.3226608335971832,0.38748306035995483,0.0,0.2563178998728593,False,10.07,2026-09-23T16:12:50
stage2_large_id_04_to_self_recorded_fan_n40_decoder_only__fold2,stage2_large_id_04_to_self_recorded_fan_n40_decoder_only,2,large,id_04,self_recorded_fan,40,decoder_only,856612592,40,12360,5820,25536,16.332374690734234,8.500214805308076,9.83,0.9027777777777778,0.9090909090909091,10.313681542642255,1.0,0.8333333333333334,0.7638888888888888,0.8461538461538461,0.13888888888888895,0.06293706293706292,0.5842578125,0.8,0.78986328125,0.8559892328398385,0.20560546875000008,0.055989232839838476,0.0,0.0,0.0,0.05874975398182869,0.32613974809646606,0.384844034910202,0.0,0.25657784566283226,False,9.88,2026-09-23T16:13:00
stage2_large_id_04_to_self_recorded_fan_n40_decoder_only__fold3,stage2_large_id_04_to_self_recorded_fan_n40_decoder_only,3,large,id_04,self_recorded_fan,40,decoder_only,1062429577,40,12360,5820,25536,15.891672960261708,8.560965960787744,9.6,0.9166666666666667,0.8888888888888888,7.648028409878308,0.8,1.0,0.763888888888889,0.8461538461538461,0.1527777777777778,0.042735042735042694,0.6011132812500001,0.8,0.78986328125,0.8559892328398385,0.18874999999999997,0.055989232839838476,0.0,0.0,0.0,0.06039484217762947,0.3203517496585846,0.3672106862068176,0.0,0.24931909268101057,False,9.66,2026-09-23T16:13:10
stage2_large_id_04_to_self_recorded_fan_n40_decoder_only__fold4,stage2_large_id_04_to_self_recorded_fan_n40_decoder_only,4,large,id_04,self_recorded_fan,40,decoder_only,266164436,40,12360,5820,25536,15.74485847138867,8.674829829599439,9.57,0.9722222222222223,0.96,8.806186829943089,0.9230769230769231,1.0,0.7777777777777778,0.88,0.19444444444444453,0.07999999999999996,0.583046875,0.8,0.78986328125,0.8559892328398385,0.20681640625000008,0.055989232839838476,0.0,0.0,0.0,0.059790778905153275,0.3380416929721832,0.38806474208831787,0.0,0.26196573798855144,False,9.63,2026-09-23T16:13:20
stage2_large_id_04_to_self_recorded_fan_n40_decoder_only__fold5,stage2_large_id_04_to_self_recorded_fan_n40_decoder_only,5,large,id_04,self_recorded_fan,40,decoder_only,1025589869,40,12360,5820,25536,16.329341824521723,8.36045699758628,9.77,0.888888888888889,0.9230769230769231,8.381109866611496,0.8571428571428571,1.0,0.7222222222222222,0.8275862068965517,0.16666666666666674,0.09549071618037142,0.58279296875,0.8,0.78986328125,0.8559892328398385,0.20707031250000008,0.055989232839838476,0.0,0.0,0.0,0.06047777459025383,0.32329967617988586,0.3749053478240967,0.0,0.2528942661980788,False,9.83,2026-09-23T16:13:29
stage2_large_id_04_to_self_recorded_fan_n40_decoder_only__fold6,stage2_large_id_04_to_self_recorded_fan_n40_decoder_only,6,large,id_04,self_recorded_fan,40,decoder_only,1774356716,40,12360,5820,25536,16.25947409561,8.551222277670792,9.9,0.9583333333333334,0.9230769230769231,8.607195454132606,0.8571428571428571,1.0,0.7638888888888888,0.88,0.19444444444444453,0.043076923076923124,0.58365234375,0.8,0.78986328125,0.8559892328398385,0.20621093750000008,0.055989232839838476,0.0,0.0,0.0,0.060539960861206055,0.33262959122657776,0.3956158459186554,0.0,0.2629284660021464,False,9.95,2026-09-23T16:13:39
stage2_large_id_04_to_self_recorded_fan_n40_decoder_only__fold7,stage2_large_id_04_to_self_recorded_fan_n40_decoder_only,7,large,id_04,self_recorded_fan,40,decoder_only,2076512959,40,12360,5820,25536,15.374995285702735,8.455869229798465,9.29,0.9583333333333334,0.9230769230769231,8.642499914457893,0.8571428571428571,1.0,0.7916666666666666,0.88,0.16666666666666674,0.043076923076923124,0.60109375,0.7984981226533167,0.78986328125,0.8559892328398385,0.18876953125000007,0.057491110186521865,0.0,0.0,0.0,0.057699937373399734,0.3139896094799042,0.39101701974868774,0.0,0.25423552220066387,False,9.35,2026-09-23T16:13:49
stage2_large_id_04_to_self_recorded_fan_n40_decoder_only__fold8,stage2_large_id_04_to_self_recorded_fan_n40_decoder_only,8,large,id_04,self_recorded_fan,40,decoder_only,493679649,40,12360,5820,25536,15.863811020998611,8.550494486523657,9.87,0.9861111111111112,0.96,8.603312110593173,0.9230769230769231,1.0,0.7222222222222222,0.8333333333333334,0.26388888888888895,0.1266666666666666,0.5912499999999999,0.8,0.78986328125,0.8559892328398385,0.1986132812500001,0.055989232839838476,0.0,0.0,0.0,0.060904912650585175,0.3330201208591461,0.3834000825881958,0.0,0.25910837203264236,False,9.93,2026-09-23T16:13:59
stage2_large_id_04_to_self_recorded_fan_n40_decoder_only__fold9,stage2_large_id_04_to_self_recorded_fan_n40_decoder_only,9,large,id_04,self_recorded_fan,40,decoder_only,1192187921,40,12360,5820,25536,16.23686260538003,8.418958695893435,9.76,0.9861111111111112,0.96,8.802420160065884,0.9230769230769231,1.0,0.736111111111111,0.8333333333333334,0.2500000000000001,0.1266666666666666,0.58765625,0.7989949748743719,0.78986328125,0.8559892328398385,0.20220703125000006,0.056994257965466644,0.0,0.0,0.0,0.06129216030240059,0.31882092356681824,0.3800879418849945,0.0,0.2534003419180711,False,9.81,2026-09-23T16:14:08
stage2_large_id_04_to_self_recorded_fan_n40_encoder_only__fold0,stage2_large_id_04_to_self_recorded_fan_n40_encoder_only,0,large,id_04,self_recorded_fan,40,encoder_only,292673687,40,12360,5820,25224,30.319930056935732,29.19079431553477,11.01,0.6944444444444445,0.8275862068965517,19.580704189041285,0.7058823529411765,1.0,0.7777777777777778,0.8461538461538461,-0.08333333333333326,-0.018567639257294433,0.58859375,0.8030112923462986,0.78986328125,0.8559892328398385,0.20126953125000002,0.05297794049353988,0.18710610270500183,0.08954054117202759,0.14717771112918854,0.0,0.0,0.0,0.14127478500207266,0.0,True,11.08,2026-09-23T16:14:20
stage2_large_id_04_to_self_recorded_fan_n40_encoder_only__fold1,stage2_large_id_04_to_self_recorded_fan_n40_encoder_only,1,large,id_04,self_recorded_fan,40,encoder_only,227499011,40,12360,5820,25224,29.48399622415759,28.365596672923296,10.56,0.6805555555555556,0.8275862068965517,20.70659093640769,0.7058823529411765,1.0,0.7916666666666667,0.8461538461538461,-0.11111111111111116,-0.018567639257294433,0.59302734375,0.8030112923462986,0.78986328125,0.8559892328398385,0.19683593750000006,0.05297794049353988,0.19434815645217896,0.10966364294290543,0.1527533084154129,0.0,0.0,0.0,0.15225503593683243,0.0,False,10.61,2026-09-23T16:14:30
stage2_large_id_04_to_self_recorded_fan_n40_encoder_only__fold2,stage2_large_id_04_to_self_recorded_fan_n40_encoder_only,2,large,id_04,self_recorded_fan,40,encoder_only,107719236,40,12360,5820,25224,29.93077541626606,28.810049125828694,10.73,0.6666666666666666,0.8275862068965517,19.056031424636593,0.7058823529411765,1.0,0.7638888888888888,0.8461538461538461,-0.09722222222222221,-0.018567639257294433,0.59154296875,0.8030112923462986,0.78986328125,0.8559892328398385,0.19832031250000004,0.05297794049353988,0.19325397908687592,0.09123577177524567,0.14586898684501648,0.0,0.0,0.0,0.14345291256904602,0.0,False,10.78,2026-09-23T16:14:41
stage2_large_id_04_to_self_recorded_fan_n40_encoder_only__fold3,stage2_large_id_04_to_self_recorded_fan_n40_encoder_only,3,large,id_04,self_recorded_fan,40,encoder_only,2047570946,40,12360,5820,25224,29.35885571941887,28.26485718402666,10.73,0.6527777777777778,0.8275862068965517,19.130132690602522,0.7058823529411765,1.0,0.763888888888889,0.8461538461538461,-0.11111111111111116,-0.018567639257294433,0.59857421875,0.8030112923462986,0.78986328125,0.8559892328398385,0.1912890625,0.05297794049353988,0.19541266560554504,0.08688373863697052,0.14450804889202118,0.0,0.0,0.0,0.14226815104484558,0.0,False,10.78,2026-09-23T16:14:52
stage2_large_id_04_to_self_recorded_fan_n40_encoder_only__fold4,stage2_large_id_04_to_self_recorded_fan_n40_encoder_only,4,large,id_04,self_recorded_fan,40,encoder_only,581781765,40,12360,5820,25224,28.974767832411935,27.878528653960867,11.15,0.6944444444444445,0.8275862068965517,18.87352386338811,0.7058823529411765,1.0,0.7777777777777778,0.88,-0.08333333333333326,-0.05241379310344829,0.5830859375,0.8030112923462986,0.78986328125,0.8559892328398385,0.20677734375,0.05297794049353988,0.18815878033638,0.11621317267417908,0.17011888325214386,0.0,0.0,0.0,0.15816361208756766,0.0,False,11.21,2026-09-23T16:15:03
stage2_large_id_04_to_self_recorded_fan_n40_encoder_only__fold5,stage2_large_id_04_to_self_recorded_fan_n40_encoder_only,5,large,id_04,self_recorded_fan,40,encoder_only,1394640252,40,12360,5820,25224,30.345635640252496,29.169806480407715,10.84,0.6666666666666666,0.8275862068965517,18.840062073519316,0.7058823529411765,1.0,0.7222222222222222,0.8275862068965517,-0.05555555555555558,0.0,0.59734375,0.8025157232704403,0.78986328125,0.8559892328398385,0.1925195312500001,0.053473509569398225,0.18793319165706635,0.08884987980127335,0.14367732405662537,0.0,0.0,0.0,0.14015346517165503,0.0,False,10.9,2026-09-23T16:15:14
stage2_large_id_04_to_self_recorded_fan_n40_encoder_only__fold6,stage2_large_id_04_to_self_recorded_fan_n40_encoder_only,6,large,id_04,self_recorded_fan,40,encoder_only,1964910556,40,12360,5820,25224,30.037145398326757,28.917261290796024,10.39,0.6666666666666667,0.8275862068965517,17.59435037964756,0.7058823529411765,1.0,0.7638888888888888,0.88,-0.0972222222222221,-0.05241379310344829,0.59203125,0.8040201005025126,0.78986328125,0.8559892328398385,0.19783203125000004,0.05196913233732592,0.189085453748703,0.10265762358903885,0.1414957046508789,0.0,0.0,0.0,0.14441292732954025,0.0,False,10.46,2026-09-23T16:15:24
stage2_large_id_04_to_self_recorded_fan_n40_encoder_only__fold7,stage2_large_id_04_to_self_recorded_fan_n40_encoder_only,7,large,id_04,self_recorded_fan,40,encoder_only,1785616179,40,12360,5820,25224,29.553614842523004,28.579005015265082,10.83,0.7083333333333334,0.8333333333333334,27.786881966332622,0.8333333333333334,0.8333333333333334,0.7916666666666666,0.88,-0.08333333333333326,-0.046666666666666634,0.60296875,0.8040201005025126,0.78986328125,0.8559892328398385,0.18689453125,0.05196913233732592,0.18134182691574097,0.1150238886475563,0.1496206372976303,0.0,0.0,0.0,0.1486621176203092,0.0,False,10.89,2026-09-23T16:15:35
stage2_large_id_04_to_self_recorded_fan_n40_encoder_only__fold8,stage2_large_id_04_to_self_recorded_fan_n40_encoder_only,8,large,id_04,self_recorded_fan,40,encoder_only,986695476,40,12360,5820,25224,29.22266444963278,28.145793777151205,10.92,0.6388888888888888,0.8275862068965517,19.273737503101138,0.7058823529411765,1.0,0.7222222222222222,0.8333333333333334,-0.08333333333333337,-0.005747126436781658,0.59583984375,0.8020050125313283,0.78986328125,0.8559892328398385,0.19402343750000006,0.053984220308510245,0.1875036209821701,0.12373349815607071,0.16307711601257324,0.0,0.0,0.0,0.15810474505027136,0.0,False,10.98,2026-09-23T16:15:46
stage2_large_id_04_to_self_recorded_fan_n40_encoder_only__fold9,stage2_large_id_04_to_self_recorded_fan_n40_encoder_only,9,large,id_04,self_recorded_fan,40,encoder_only,1196498378,40,12360,5820,25224,29.97942095687709,28.814836669213992,10.92,0.6527777777777777,0.8275862068965517,19.008837292495283,0.7058823529411765,1.0,0.736111111111111,0.8333333333333334,-0.08333333333333337,-0.005747126436781658,0.5975390625,0.8030112923462986,0.78986328125,0.8559892328398385,0.19232421875000005,0.05297794049353988,0.19060508906841278,0.09345541149377823,0.14817500114440918,0.0,0.0,0.0,0.14407850056886673,0.0,False,10.98,2026-09-23T16:15:57
stage2_large_id_04_to_self_recorded_fan_n40_full__fold0,stage2_large_id_04_to_self_recorded_fan_n40_full,0,large,id_04,self_recorded_fan,40,full,1271062741,40,12360,5820,50760,14.78369341683142,5.0957032011956285,12.25,1.0,1.0,8.6692501450319,1.0,1.0,0.7777777777777778,0.8461538461538461,0.2222222222222222,0.15384615384615385,0.42322265625,0.7984981226533167,0.78986328125,0.8559892328398385,0.36664062500000005,0.057491110186521865,0.383577823638916,0.11493692547082901,0.25633636116981506,0.07026113569736481,0.30129414796829224,0.3838329017162323,0.25161703675985336,0.25179606179396313,True,12.31,2026-09-23T16:10:38
stage2_large_id_04_to_self_recorded_fan_n40_full__fold1,stage2_large_id_04_to_self_recorded_fan_n40_full,1,large,id_04,self_recorded_fan,40,full,482677878,40,12360,5820,50760,14.517917721541886,5.28303882018807,12.56,1.0,1.0,7.072160776666354,1.0,1.0,0.7916666666666667,0.8461538461538461,0.20833333333333326,0.15384615384615385,0.54689453125,0.8010012515644556,0.78986328125,0.8559892328398385,0.24296875000000007,0.05498798127538296,0.404599666595459,0.12020135670900345,0.13486827909946442,0.07202355563640594,0.3320033550262451,0.3676859736442566,0.21988976746797562,0.25723762810230255,False,12.61,2026-09-23T16:10:50
stage2_large_id_04_to_self_recorded_fan_n40_full__fold2,stage2_large_id_04_to_self_recorded_fan_n40_full,2,large,id_04,self_recorded_fan,40,full,1634216015,40,12360,5820,50760,14.893479504536108,5.306712064546408,12.72,1.0,1.0,6.077569915440664,1.0,1.0,0.7638888888888888,0.8461538461538461,0.23611111111111116,0.15384615384615385,0.53037109375,0.7994987468671679,0.78986328125,0.8559892328398385,0.2594921875,0.05649048597267059,0.3836836516857147,0.14504380524158478,0.30676114559173584,0.05724913626909256,0.2868635654449463,0.38188284635543823,0.27849620083967846,0.24199851602315903,False,12.78,2026-09-23T16:11:03
stage2_large_id_04_to_self_recorded_fan_n40_full__fold3,stage2_large_id_04_to_self_recorded_fan_n40_full,3,large,id_04,self_recorded_fan,40,full,807272406,40,12360,5820,50760,14.64798781798058,5.295552079210577,12.56,1.0,1.0,6.367792787786552,1.0,1.0,0.763888888888889,0.8461538461538461,0.23611111111111105,0.15384615384615385,0.59591796875,0.7984981226533167,0.78986328125,0.8559892328398385,0.19394531250000002,0.057491110186521865,0.39376524090766907,0.1012623980641365,0.12217850238084793,0.053794827312231064,0.2963983416557312,0.3706358075141907,0.2057353804508845,0.24027632549405098,False,12.62,2026-09-23T16:11:16
stage2_large_id_04_to_self_recorded_fan_n40_full__fold4,stage2_large_id_04_to_self_recorded_fan_n40_full,4,large,id_04,self_recorded_fan,40,full,1296815304,40,12360,5820,50760,14.497294681588398,5.317946328330286,12.52,1.0,1.0,6.532990660721284,1.0,1.0,0.7777777777777778,0.88,0.2222222222222222,0.12,0.6276171875,0.7984981226533167,0.78986328125,0.8559892328398385,0.1622460937500001,0.057491110186521865,0.41691169142723083,0.0842059850692749,0.10731946676969528,0.05698172748088837,0.24722278118133545,0.3292279839515686,0.20281238108873367,0.21114416420459747,False,12.57,2026-09-23T16:11:28
stage2_large_id_04_to_self_recorded_fan_n40_full__fold5,stage2_large_id_04_to_self_recorded_fan_n40_full,5,large,id_04,self_recorded_fan,40,full,874681068,40,12360,5820,50760,14.948943241355346,5.398808277759356,12.26,1.0,1.0,8.213574107237445,1.0,1.0,0.7222222222222222,0.8275862068965517,0.2777777777777778,0.1724137931034483,0.39173828125000004,0.7984981226533167,0.78986328125,0.8559892328398385,0.398125,0.057491110186521865,0.3892715871334076,0.11447373032569885,0.13420812785625458,0.06659545004367828,0.2967853248119354,0.3622734844684601,0.21265114843845367,0.2418847531080246,False,12.31,2026-09-23T16:11:41
stage2_large_id_04_to_self_recorded_fan_n40_full__fold6,stage2_large_id_04_to_self_recorded_fan_n40_full,6,large,id_04,self_recorded_fan,40,full,133572156,40,12360,5820,50760,14.918945553376503,5.488453965826133,12.43,1.0,1.0,6.262696230454511,1.0,1.0,0.7638888888888888,0.88,0.23611111111111116,0.12,0.44126953125,0.7984981226533167,0.78986328125,0.8559892328398385,0.34859375000000004,0.057491110186521865,0.39893248677253723,0.12455001473426819,0.13884319365024567,0.07860122621059418,0.291317343711853,0.34619539976119995,0.22077523171901703,0.23870465656121573,False,12.48,2026-09-23T16:11:53
stage2_large_id_04_to_self_recorded_fan_n40_full__fold7,stage2_large_id_04_to_self_recorded_fan_n40_full,7,large,id_04,self_recorded_fan,40,full,2015953995,40,12360,5820,50760,14.36160295525777,5.36957743978992,12.56,1.0,1.0,6.51835593883103,1.0,1.0,0.7916666666666666,0.88,0.20833333333333337,0.12,0.33761718749999997,0.7984981226533167,0.78986328125,0.8559892328398385,0.4522460937500001,0.057491110186521865,0.3968138098716736,0.10191692411899567,0.13453173637390137,0.06929953396320343,0.31708335876464844,0.36530616879463196,0.21108749012152353,0.2505630205074946,False,12.62,2026-09-23T16:12:06
stage2_large_id_04_to_self_recorded_fan_n40_full__fold8,stage2_large_id_04_to_self_recorded_fan_n40_full,8,large,id_04,self_recorded_fan,40,full,509113953,40,12360,5820,50760,14.583651754044995,5.20747018106205,12.62,1.0,1.0,5.668392731080481,1.0,1.0,0.7222222222222222,0.8333333333333334,0.2777777777777778,0.16666666666666663,0.5979882812499999,0.7984981226533167,0.78986328125,0.8559892328398385,0.19187500000000013,0.057491110186521865,0.40289345383644104,0.085121288895607,0.16415129601955414,0.057420823723077774,0.2429153472185135,0.36665746569633484,0.2173886795838674,0.22233121221264204,False,12.68,2026-09-23T16:12:18
stage2_large_id_04_to_self_recorded_fan_n40_full__fold9,stage2_large_id_04_to_self_recorded_fan_n40_full,9,large,id_04,self_recorded_fan,40,full,565615687,40,12360,5820,50760,14.948772592642873,5.146079805708423,12.55,1.0,1.0,6.533243092672493,1.0,1.0,0.736111111111111,0.8333333333333334,0.26388888888888895,0.16666666666666663,0.49943359374999996,0.8010012515644556,0.78986328125,0.8559892328398385,0.2904296875000001,0.05498798127538296,0.39309200644493103,0.1065501943230629,0.1489432007074356,0.067942775785923,0.31044280529022217,0.3816944360733032,0.2161951338251432,0.2533600057164828,False,12.61,2026-09-23T16:12:31
stage2_large_id_04_to_self_recorded_fan_n5_bottleneck_only__fold0,stage2_large_id_04_to_self_recorded_fan_n5_bottleneck_only,0,large,id_04,self_recorded_fan,5,bottleneck_only,1160566957,5,1545,750,1096,41.573326416015625,27.666470565795898,1.48,0.6944444444444445,0.8275862068965517,16.929696836132063,0.7058823529411765,1.0,0.7777777777777778,0.8461538461538461,-0.08333333333333326,-0.018567639257294433,0.4914453125,0.8040201005025126,0.78986328125,0.8559892328398385,0.29841796875000004,0.05196913233732592,0.0,0.0,0.09052620828151703,0.06891653686761856,0.0,0.0,0.030175402760505676,0.022972178955872852,True,1.55,2026-09-23T16:04:46
stage2_large_id_04_to_self_recorded_fan_n5_bottleneck_only__fold1,stage2_large_id_04_to_self_recorded_fan_n5_bottleneck_only,1,large,id_04,self_recorded_fan,5,bottleneck_only,371187724,5,1545,750,1096,29.066219406127928,19.583545837402344,1.26,0.6666666666666666,0.8275862068965517,16.071201062125297,0.7058823529411765,1.0,0.7916666666666667,0.8461538461538461,-0.1250000000000001,-0.018567639257294433,0.5562499999999999,0.8066581306017926,0.78986328125,0.8559892328398385,0.23361328125000014,0.04933110223804593,0.0,0.0,0.08244360983371735,0.059675317257642746,0.0,0.0,0.02748120327790578,0.01989177241921425,False,1.3,2026-09-23T16:04:47
stage2_large_id_04_to_self_recorded_fan_n5_bottleneck_only__fold2,stage2_large_id_04_to_self_recorded_fan_n5_bottleneck_only,2,large,id_04,self_recorded_fan,5,bottleneck_only,3215215,5,1545,750,1096,39.35136703491211,26.477463607788085,1.19,0.6666666666666666,0.8275862068965517,15.19628300095839,0.7058823529411765,1.0,0.7638888888888888,0.8461538461538461,-0.09722222222222221,-0.018567639257294433,0.50044921875,0.8051282051282052,0.78986328125,0.8559892328398385,0.2894140625,0.050861027711633366,0.0,0.0,0.10717896372079849,0.06302398443222046,0.0,0.0,0.035726321240266166,0.021007994810740154,False,1.24,2026-09-23T16:04:49
stage2_large_id_04_to_self_recorded_fan_n5_bottleneck_only__fold3,stage2_large_id_04_to_self_recorded_fan_n5_bottleneck_only,3,large,id_04,self_recorded_fan,5,bottleneck_only,6196958,5,1545,750,1096,34.119322814941405,23.094493560791015,1.16,0.6805555555555556,0.8275862068965517,15.133247366229307,0.7058823529411765,1.0,0.763888888888889,0.8461538461538461,-0.08333333333333337,-0.018567639257294433,0.5223046875,0.8081841432225064,0.78986328125,0.8559892328398385,0.26755859375,0.0478050896173321,0.0,0.0,0.08857263624668121,0.05725613236427307,0.0,0.0,0.02952421208222707,0.01908537745475769,False,1.21,2026-09-23T16:04:50
stage2_large_id_04_to_self_recorded_fan_n5_bottleneck_only__fold4,stage2_large_id_04_to_self_recorded_fan_n5_bottleneck_only,4,large,id_04,self_recorded_fan,5,bottleneck_only,28419417,5,1545,750,1096,31.04817588806152,21.096606369018556,1.18,0.6944444444444445,0.8275862068965517,13.871530532836914,0.7058823529411765,1.0,0.7777777777777778,0.88,-0.08333333333333326,-0.05241379310344829,0.5713671874999999,0.8082368082368082,0.78986328125,0.8559892328398385,0.21849609375000012,0.04775242460303031,0.0,0.0,0.07993247359991074,0.05931319296360016,0.0,0.0,0.026644157866636913,0.019771064321200054,False,1.22,2026-09-23T16:04:51
stage2_large_id_04_to_self_recorded_fan_n5_bottleneck_only__fold5,stage2_large_id_04_to_self_recorded_fan_n5_bottleneck_only,5,large,id_04,self_recorded_fan,5,bottleneck_only,1459744278,5,1545,750,1096,35.59690551757812,24.182725524902345,1.16,0.6666666666666666,0.8275862068965517,15.054014582464225,0.7058823529411765,1.0,0.7222222222222222,0.8275862068965517,-0.05555555555555558,0.0,0.5118164062499999,0.8046272493573264,0.78986328125,0.8559892328398385,0.27804687500000014,0.051361983482512086,0.0,0.0,0.08903385698795319,0.06432332843542099,0.0,0.0,0.02967795232931773,0.021441109478473663,False,1.2,2026-09-23T16:04:52
stage2_large_id_04_to_self_recorded_fan_n5_bottleneck_only__fold6,stage2_large_id_04_to_self_recorded_fan_n5_bottleneck_only,6,large,id_04,self_recorded_fan,5,bottleneck_only,527388901,5,1545,750,1096,36.48158493041992,23.992534866333006,1.17,0.6805555555555556,0.8275862068965517,14.872348813177313,0.7058823529411765,1.0,0.7638888888888888,0.88,-0.08333333333333326,-0.05241379310344829,0.5382421875,0.8040201005025126,0.78986328125,0.8559892328398385,0.2516210937500001,0.05196913233732592,0.0,0.0,0.08253932744264603,0.0648733451962471,0.0,0.0,0.027513109147548676,0.021624448398749035,False,1.22,2026-09-23T16:04:53
stage2_large_id_04_to_self_recorded_fan_n5_bottleneck_only__fold7,stage2_large_id_04_to_self_recorded_fan_n5_bottleneck_only,7,large,id_04,self_recorded_fan,5,bottleneck_only,1111861731,5,1545,750,1096,39.498222503662106,25.753227081298828,1.21,0.6666666666666666,0.8275862068965517,16.97847376517879,0.7058823529411765,1.0,0.7916666666666666,0.88,-0.125,-0.05241379310344829,0.48982421875,0.8030112923462986,0.78986328125,0.8559892328398385,0.30003906250000006,0.05297794049353988,0.0,0.0,0.0769125297665596,0.07123354077339172,0.0,0.0,0.025637509922186535,0.023744513591130573,False,1.26,2026-09-23T16:04:55
stage2_large_id_04_to_self_recorded_fan_n5_bottleneck_only__fold8,stage2_large_id_04_to_self_recorded_fan_n5_bottleneck_only,8,large,id_04,self_recorded_fan,5,bottleneck_only,1276224180,5,1545,750,1096,29.69362632751465,19.980509948730468,1.23,0.6666666666666666,0.8275862068965517,14.772907337324519,0.7058823529411765,1.0,0.7222222222222222,0.8333333333333334,-0.05555555555555558,-0.005747126436781658,0.522578125,0.8081841432225064,0.78986328125,0.8559892328398385,0.26728515625000004,0.0478050896173321,0.0,0.0,0.06541671603918076,0.05401299148797989,0.0,0.0,0.021805572013060253,0.018004330495993297,False,1.28,2026-09-23T16:04:56
stage2_large_id_04_to_self_recorded_fan_n5_bottleneck_only__fold9,stage2_large_id_04_to_self_recorded_fan_n5_bottleneck_only,9,large,id_04,self_recorded_fan,5,bottleneck_only,1871543643,5,1545,750,1096,42.23644134521484,27.320558700561524,1.31,0.7083333333333334,0.8461538461538461,21.593059510921258,0.7857142857142857,0.9166666666666666,0.736111111111111,0.8333333333333334,-0.02777777777777768,0.012820512820512775,0.50595703125,0.8050314465408805,0.78986328125,0.8559892328398385,0.28390625,0.050957786298957974,0.0,0.0,0.08628058433532715,0.06659755855798721,0.0,0.0,0.028760194778442383,0.02219918618599574,False,1.38,2026-09-23T16:04:57
stage2_large_id_04_to_self_recorded_fan_n5_decoder_only__fold0,stage2_large_id_04_to_self_recorded_fan_n5_decoder_only,0,large,id_04,self_recorded_fan,5,decoder_only,404436702,5,1545,750,25536,35.34066444396973,8.997098789215087,1.41,0.625,0.8275862068965517,7.591321329468662,0.7058823529411765,1.0,0.7777777777777778,0.8461538461538461,-0.1527777777777778,-0.018567639257294433,0.43304687500000005,0.7984981226533167,0.78986328125,0.8559892328398385,0.35681640625,0.057491110186521865,0.0,0.0,0.0,0.034065596759319305,0.10231365263462067,0.1435498744249344,0.0,0.09330970793962479,True,1.47,2026-09-23T16:04:18
stage2_large_id_04_to_self_recorded_fan_n5_decoder_only__fold1,stage2_large_id_04_to_self_recorded_fan_n5_decoder_only,1,large,id_04,self_recorded_fan,5,decoder_only,1900718639,5,1545,750,25536,24.20250457763672,8.239007530212403,1.3,0.6944444444444445,0.88,10.615863357221485,0.8461538461538461,0.9166666666666666,0.7916666666666667,0.8461538461538461,-0.09722222222222221,0.03384615384615386,0.5907421875,0.8010012515644556,0.78986328125,0.8559892328398385,0.1991210937500001,0.05498798127538296,0.0,0.0,0.0,0.032687366008758545,0.09997571259737015,0.13628444075584412,0.0,0.08964917312065761,False,1.34,2026-09-23T16:04:20
stage2_large_id_04_to_self_recorded_fan_n5_decoder_only__fold2,stage2_large_id_04_to_self_recorded_fan_n5_decoder_only,2,large,id_04,self_recorded_fan,5,decoder_only,1118794153,5,1545,750,25536,33.30180389404297,10.579583892822265,1.19,0.7361111111111112,0.8,10.724785089144467,0.7692307692307693,0.8333333333333334,0.7638888888888888,0.8461538461538461,-0.02777777777777768,-0.0461538461538461,0.46564453124999994,0.7984981226533167,0.78986328125,0.8559892328398385,0.3242187500000001,0.057491110186521865,0.0,0.0,0.0,0.034855615347623825,0.11161573976278305,0.15107013285160065,0.0,0.09918049598733585,False,1.24,2026-09-23T16:04:21
stage2_large_id_04_to_self_recorded_fan_n5_decoder_only__fold3,stage2_large_id_04_to_self_recorded_fan_n5_decoder_only,3,large,id_04,self_recorded_fan,5,decoder_only,1242496830,5,1545,750,25536,28.211354751586914,11.569733085632324,1.25,0.6666666666666667,0.7692307692307693,9.390586787528676,0.7142857142857143,0.8333333333333334,0.763888888888889,0.8461538461538461,-0.09722222222222221,-0.07692307692307687,0.5424609375000001,0.8010012515644556,0.78986328125,0.8559892328398385,0.24740234374999992,0.05498798127538296,0.0,0.0,0.0,0.028832701966166496,0.08956350386142731,0.09915219247341156,0.0,0.07251613276700179,False,1.3,2026-09-23T16:04:22
stage2_large_id_04_to_self_recorded_fan_n5_decoder_only__fold4,stage2_large_id_04_to_self_recorded_fan_n5_decoder_only,4,large,id_04,self_recorded_fan,5,decoder_only,222254999,5,1545,750,25536,25.756767807006835,9.44899787902832,1.18,0.7083333333333334,0.8571428571428571,7.681958373448362,0.75,1.0,0.7777777777777778,0.88,-0.06944444444444442,-0.02285714285714291,0.5834179687500001,0.8010012515644556,0.78986328125,0.8559892328398385,0.20644531249999998,0.05498798127538296,0.0,0.0,0.0,0.031137941405177116,0.09700486809015274,0.12509110569953918,0.0,0.08441130506495635,False,1.22,2026-09-23T16:04:23
stage2_large_id_04_to_self_recorded_fan_n5_decoder_only__fold5,stage2_large_id_04_to_self_recorded_fan_n5_decoder_only,5,large,id_04,self_recorded_fan,5,decoder_only,70562249,5,1545,750,25536,29.91387321472168,9.907820281982422,1.17,0.6111111111111112,0.8275862068965517,6.677355744692115,0.7058823529411765,1.0,0.7222222222222222,0.8275862068965517,-0.11111111111111105,0.0,0.5154492187499999,0.8020050125313283,0.78986328125,0.8559892328398385,0.2744140625000001,0.053984220308510245,0.0,0.0,0.0,0.02795126661658287,0.08822402358055115,0.1362902820110321,0.0,0.08415519073605537,False,1.21,2026-09-23T16:04:25
stage2_large_id_04_to_self_recorded_fan_n5_decoder_only__fold6,stage2_large_id_04_to_self_recorded_fan_n5_decoder_only,6,large,id_04,self_recorded_fan,5,decoder_only,1350857373,5,1545,750,25536,30.848228607177735,10.051072540283203,1.19,0.75,0.8461538461538461,9.97340098540515,0.7857142857142857,0.9166666666666666,0.7638888888888888,0.88,-0.01388888888888884,-0.03384615384615386,0.5415625,0.7989949748743719,0.78986328125,0.8559892328398385,0.2483007812500001,0.056994257965466644,0.0,0.0,0.0,0.034580785781145096,0.11144928634166718,0.15365342795848846,0.0,0.09989450002710025,False,1.24,2026-09-23T16:04:26
stage2_large_id_04_to_self_recorded_fan_n5_decoder_only__fold7,stage2_large_id_04_to_self_recorded_fan_n5_decoder_only,7,large,id_04,self_recorded_fan,5,decoder_only,1218923899,5,1545,750,25536,33.846263275146484,9.023213729858398,1.22,0.6111111111111112,0.8461538461538461,11.54725086564685,0.7857142857142857,0.9166666666666666,0.7916666666666666,0.88,-0.18055555555555547,-0.03384615384615386,0.43925781250000007,0.7984981226533167,0.78986328125,0.8559892328398385,0.35060546875,0.057491110186521865,0.0,0.0,0.0,0.029084160923957825,0.09650278091430664,0.13121412694454193,0.0,0.08560035626093547,False,1.27,2026-09-23T16:04:27
stage2_large_id_04_to_self_recorded_fan_n5_decoder_only__fold8,stage2_large_id_04_to_self_recorded_fan_n5_decoder_only,8,large,id_04,self_recorded_fan,5,decoder_only,1099122521,5,1545,750,25536,23.865543823242188,9.163348121643066,1.21,0.75,0.8571428571428571,8.754294517694891,0.75,1.0,0.7222222222222222,0.8333333333333334,0.02777777777777779,0.023809523809523725,0.463828125,0.7994987468671679,0.78986328125,0.8559892328398385,0.32603515625000007,0.05649048597267059,0.0,0.0,0.0,0.01537043321877718,0.05065923184156418,0.08464815467596054,0.0,0.050225939912100635,False,1.26,2026-09-23T16:04:28
stage2_large_id_04_to_self_recorded_fan_n5_decoder_only__fold9,stage2_large_id_04_to_self_recorded_fan_n5_decoder_only,9,large,id_04,self_recorded_fan,5,decoder_only,605072821,5,1545,750,25536,35.64030746459961,8.565762958526612,1.34,0.6805555555555556,0.8275862068965517,7.8347593272002385,0.7058823529411765,1.0,0.736111111111111,0.8333333333333334,-0.05555555555555547,-0.005747126436781658,0.38501953125,0.7984981226533167,0.78986328125,0.8559892328398385,0.40484375000000006,0.057491110186521865,0.0,0.0,0.0,0.03650371730327606,0.10402687638998032,0.12631437182426453,0.0,0.08894832183917363,False,1.4,2026-09-23T16:04:30
stage2_large_id_04_to_self_recorded_fan_n5_encoder_only__fold0,stage2_large_id_04_to_self_recorded_fan_n5_encoder_only,0,large,id_04,self_recorded_fan,5,encoder_only,93572778,5,1545,750,25224,40.111995697021484,33.5852766418457,1.52,0.7222222222222222,0.8275862068965517,19.88457095198647,0.7058823529411765,1.0,0.7777777777777778,0.8461538461538461,-0.05555555555555558,-0.018567639257294433,0.6557421874999999,0.8057366362451108,0.78986328125,0.8559892328398385,0.13412109375000014,0.050252596594727694,0.10676197707653046,0.04278832674026489,0.09230416268110275,0.0,0.0,0.0,0.08061815549929936,0.0,True,1.58,2026-09-23T16:04:31
stage2_large_id_04_to_self_recorded_fan_n5_encoder_only__fold1,stage2_large_id_04_to_self_recorded_fan_n5_encoder_only,1,large,id_04,self_recorded_fan,5,encoder_only,1024549780,5,1545,750,25224,28.717368774414062,24.270151901245118,1.57,0.6805555555555556,0.8275862068965517,20.742946680309704,0.7058823529411765,1.0,0.7916666666666667,0.8461538461538461,-0.11111111111111116,-0.018567639257294433,0.54896484375,0.7994987468671679,0.78986328125,0.8559892328398385,0.24089843750000006,0.05649048597267059,0.09269463270902634,0.04893745854496956,0.05407538637518883,0.0,0.0,0.0,0.06523582587639491,0.0,False,1.61,2026-09-23T16:04:33
stage2_large_id_04_to_self_recorded_fan_n5_encoder_only__fold2,stage2_large_id_04_to_self_recorded_fan_n5_encoder_only,2,large,id_04,self_recorded_fan,5,encoder_only,622900988,5,1545,750,25224,38.02217926025391,31.744726486206055,1.31,0.6944444444444445,0.8275862068965517,19.10658090708711,0.7058823529411765,1.0,0.7638888888888888,0.8461538461538461,-0.06944444444444431,-0.018567639257294433,0.5643359375,0.7994987468671679,0.78986328125,0.8559892328398385,0.22552734375000005,0.05649048597267059,0.1038314625620842,0.051055457442998886,0.055865947157144547,0.0,0.0,0.0,0.07025095572074254,0.0,False,1.36,2026-09-23T16:04:34
stage2_large_id_04_to_self_recorded_fan_n5_encoder_only__fold3,stage2_large_id_04_to_self_recorded_fan_n5_encoder_only,3,large,id_04,self_recorded_fan,5,encoder_only,1120816419,5,1545,750,25224,33.26886566162109,28.569194869995115,1.32,0.6805555555555556,0.8275862068965517,19.203303781527918,0.7058823529411765,1.0,0.763888888888889,0.8461538461538461,-0.08333333333333337,-0.018567639257294433,0.60662109375,0.8045397225725095,0.78986328125,0.8559892328398385,0.1832421875000001,0.051449510267329024,0.09315746277570724,0.043908048421144485,0.07441019266843796,0.0,0.0,0.0,0.0704919012884299,0.0,False,1.37,2026-09-23T16:04:36
stage2_large_id_04_to_self_recorded_fan_n5_encoder_only__fold4,stage2_large_id_04_to_self_recorded_fan_n5_encoder_only,4,large,id_04,self_recorded_fan,5,encoder_only,1794936,5,1545,750,25224,30.053233184814452,25.64226707458496,1.31,0.6944444444444445,0.8275862068965517,18.888443169084567,0.7058823529411765,1.0,0.7777777777777778,0.88,-0.08333333333333326,-0.05241379310344829,0.57232421875,0.8010012515644556,0.78986328125,0.8559892328398385,0.2175390625000001,0.05498798127538296,0.0921110063791275,0.04758648946881294,0.09770100563764572,0.0,0.0,0.0,0.07913283382852872,0.0,False,1.35,2026-09-23T16:04:37
stage2_large_id_04_to_self_recorded_fan_n5_encoder_only__fold5,stage2_large_id_04_to_self_recorded_fan_n5_encoder_only,5,large,id_04,self_recorded_fan,5,encoder_only,982504175,5,1545,750,25224,34.794603424072264,29.274388275146485,1.39,0.6666666666666666,0.8275862068965517,18.914325266594254,0.7058823529411765,1.0,0.7222222222222222,0.8275862068965517,-0.05555555555555558,0.0,0.57947265625,0.7994987468671679,0.78986328125,0.8559892328398385,0.21039062500000005,0.05649048597267059,0.08691766113042831,0.042588938027620316,0.059097688645124435,0.0,0.0,0.0,0.06286809593439102,0.0,False,1.44,2026-09-23T16:04:39
stage2_large_id_04_to_self_recorded_fan_n5_encoder_only__fold6,stage2_large_id_04_to_self_recorded_fan_n5_encoder_only,6,large,id_04,self_recorded_fan,5,encoder_only,562009097,5,1545,750,25224,35.09092254638672,29.134729080200195,1.33,0.6805555555555556,0.8275862068965517,17.68195464927402,0.7058823529411765,1.0,0.7638888888888888,0.88,-0.08333333333333326,-0.05241379310344829,0.5574609375,0.7984981226533167,0.78986328125,0.8559892328398385,0.23240234375000002,0.057491110186521865,0.09461359679698944,0.05413614585995674,0.05572397634387016,0.0,0.0,0.0,0.06815790633360545,0.0,False,1.37,2026-09-23T16:04:40
stage2_large_id_04_to_self_recorded_fan_n5_encoder_only__fold7,stage2_large_id_04_to_self_recorded_fan_n5_encoder_only,7,large,id_04,self_recorded_fan,5,encoder_only,2030233158,5,1545,750,25224,38.163783416748046,31.636268615722656,1.37,0.7083333333333334,0.8333333333333334,27.945598122737536,0.8333333333333334,0.8333333333333334,0.7916666666666666,0.88,-0.08333333333333326,-0.046666666666666634,0.6342187499999999,0.8036175710594315,0.78986328125,0.8559892328398385,0.1556445312500001,0.052371661780406975,0.10393114387989044,0.042748887091875076,0.08329460769891739,0.0,0.0,0.0,0.07665821289022763,0.0,False,1.42,2026-09-23T16:04:41
stage2_large_id_04_to_self_recorded_fan_n5_encoder_only__fold8,stage2_large_id_04_to_self_recorded_fan_n5_encoder_only,8,large,id_04,self_recorded_fan,5,encoder_only,921257060,5,1545,750,25224,29.106217727661132,25.433629684448242,1.41,0.6527777777777777,0.8275862068965517,19.36517250344977,0.7058823529411765,1.0,0.7222222222222222,0.8333333333333334,-0.06944444444444453,-0.005747126436781658,0.6104296875,0.7994955863808323,0.78986328125,0.8559892328398385,0.17943359375,0.05649364645900623,0.07418379187583923,0.03263033926486969,0.04840778186917305,0.0,0.0,0.0,0.051740637669960655,0.0,False,1.46,2026-09-23T16:04:43
stage2_large_id_04_to_self_recorded_fan_n5_encoder_only__fold9,stage2_large_id_04_to_self_recorded_fan_n5_encoder_only,9,large,id_04,self_recorded_fan,5,encoder_only,1486084747,5,1545,750,25224,40.835230102539064,34.10781768798828,1.57,0.6666666666666666,0.8275862068965517,19.20943409570984,0.7058823529411765,1.0,0.736111111111111,0.8333333333333334,-0.06944444444444442,-0.005747126436781658,0.55689453125,0.7984981226533167,0.78986328125,0.8559892328398385,0.23296875000000006,0.057491110186521865,0.09837885200977325,0.04918079450726509,0.08514466136693954,0.0,0.0,0.0,0.07756810262799263,0.0,False,1.64,2026-09-23T16:04:44
stage2_large_id_04_to_self_recorded_fan_n5_full__fold0,stage2_large_id_04_to_self_recorded_fan_n5_full,0,large,id_04,self_recorded_fan,5,full,704506235,5,1545,750,50760,32.65551681518555,6.081970081329346,1.58,0.7222222222222223,0.8571428571428571,6.750351285700116,0.75,1.0,0.7777777777777778,0.8461538461538461,-0.05555555555555547,0.01098901098901095,0.32845703125,0.7984981226533167,0.78986328125,0.8559892328398385,0.4614062500000001,0.057491110186521865,0.127197265625,0.038116294890642166,0.03181605041027069,0.03361478075385094,0.09353331476449966,0.12848664820194244,0.06570987030863762,0.08521158124009769,True,1.64,2026-09-23T16:04:02
stage2_large_id_04_to_self_recorded_fan_n5_full__fold1,stage2_large_id_04_to_self_recorded_fan_n5_full,1,large,id_04,self_recorded_fan,5,full,1708623294,5,1545,750,50760,22.70979866027832,5.746928615570068,1.77,0.7222222222222222,0.8888888888888888,7.59921863100303,0.8,1.0,0.7916666666666667,0.8461538461538461,-0.06944444444444453,0.042735042735042694,0.45125000000000004,0.8030112923462986,0.78986328125,0.8559892328398385,0.33861328125,0.05297794049353988,0.10178879648447037,0.05873170495033264,0.06466785073280334,0.025646738708019257,0.07639240473508835,0.14176107943058014,0.07506278405586879,0.08126674095789592,False,1.83,2026-09-23T16:04:03
stage2_large_id_04_to_self_recorded_fan_n5_full__fold2,stage2_large_id_04_to_self_recorded_fan_n5_full,2,large,id_04,self_recorded_fan,5,full,1164558292,5,1545,750,50760,30.58100440979004,5.436625423431397,1.86,0.7361111111111112,0.8888888888888888,7.644972215129657,0.8,1.0,0.7638888888888888,0.8461538461538461,-0.02777777777777768,0.042735042735042694,0.40060546875,0.7984981226533167,0.78986328125,0.8559892328398385,0.3892578125,0.057491110186521865,0.12086175382137299,0.06103746220469475,0.08315631002187729,0.03355308249592781,0.09504184871912003,0.16819758713245392,0.08835184201598167,0.09893083944916725,False,1.9,2026-09-23T16:04:05
stage2_large_id_04_to_self_recorded_fan_n5_full__fold3,stage2_large_id_04_to_self_recorded_fan_n5_full,3,large,id_04,self_recorded_fan,5,full,306169544,5,1545,750,50760,26.200833358764648,9.048563842773438,1.48,0.8611111111111112,0.8888888888888888,7.3210369091089,0.8,1.0,0.763888888888889,0.8461538461538461,0.09722222222222221,0.042735042735042694,0.4414453125,0.7984981226533167,0.78986328125,0.8559892328398385,0.34841796875000003,0.057491110186521865,0.12364652007818222,0.050940368324518204,0.07055079191923141,0.03147273138165474,0.09213311970233917,0.13805226981639862,0.08171256010731061,0.08721937363346417,False,1.53,2026-09-23T16:04:07
stage2_large_id_04_to_self_recorded_fan_n5_full__fold4,stage2_large_id_04_to_self_recorded_fan_n5_full,4,large,id_04,self_recorded_fan,5,full,1586697899,5,1545,750,50760,23.88287010192871,7.224106979370117,1.52,0.7361111111111112,0.9230769230769231,8.781344428890819,0.8571428571428571,1.0,0.7777777777777778,0.88,-0.04166666666666663,0.043076923076923124,0.5174609375,0.7989949748743719,0.78986328125,0.8559892328398385,0.27240234375000005,0.056994257965466644,0.09277857095003128,0.03500184416770935,0.051397401839494705,0.029464973136782646,0.08730381727218628,0.14457128942012787,0.05972593898574511,0.08711335994303226,False,1.56,2026-09-23T16:04:08
stage2_large_id_04_to_self_recorded_fan_n5_full__fold5,stage2_large_id_04_to_self_recorded_fan_n5_full,5,large,id_04,self_recorded_fan,5,full,104733978,5,1545,750,50760,27.781324310302736,6.838745517730713,1.52,0.75,0.8888888888888888,6.864925385460666,0.8,1.0,0.7222222222222222,0.8275862068965517,0.02777777777777779,0.06130268199233713,0.43718750000000006,0.7984981226533167,0.78986328125,0.8559892328398385,0.35267578125,0.057491110186521865,0.1279103308916092,0.06122244521975517,0.0808941125869751,0.031382132321596146,0.09177181124687195,0.15448148548603058,0.09000896289944649,0.09254514301816623,False,1.57,2026-09-23T16:04:10
stage2_large_id_04_to_self_recorded_fan_n5_full__fold6,stage2_large_id_04_to_self_recorded_fan_n5_full,6,large,id_04,self_recorded_fan,5,full,979178494,5,1545,750,50760,28.56480911254883,6.483709011077881,1.56,0.8333333333333334,0.9230769230769231,8.590917804375716,0.8571428571428571,1.0,0.7638888888888888,0.88,0.06944444444444453,0.043076923076923124,0.4534375,0.8010012515644556,0.78986328125,0.8559892328398385,0.33642578125000006,0.05498798127538296,0.12492403388023376,0.05787109211087227,0.06700807064771652,0.028879405930638313,0.0866081565618515,0.14417541027069092,0.08326773221294086,0.08655432425439358,False,1.6,2026-09-23T16:04:12
stage2_large_id_04_to_self_recorded_fan_n5_full__fold7,stage2_large_id_04_to_self_recorded_fan_n5_full,7,large,id_04,self_recorded_fan,5,full,1939234822,5,1545,750,50760,30.933450469970705,6.556727905273437,1.52,0.6805555555555556,0.8571428571428571,7.478694386591929,0.75,1.0,0.7916666666666666,0.88,-0.11111111111111105,-0.02285714285714291,0.42839843750000006,0.7984981226533167,0.78986328125,0.8559892328398385,0.36146484375,0.057491110186521865,0.14958134293556213,0.04931415989995003,0.06451184302568436,0.030142031610012054,0.06843048334121704,0.12023209035396576,0.08780244862039883,0.07293486843506496,False,1.57,2026-09-23T16:04:13
stage2_large_id_04_to_self_recorded_fan_n5_full__fold8,stage2_large_id_04_to_self_recorded_fan_n5_full,8,large,id_04,self_recorded_fan,5,full,259561626,5,1545,750,50760,22.05514301300049,7.095433444976806,1.53,0.7222222222222222,0.8571428571428571,6.282673982591155,0.75,1.0,0.7222222222222222,0.8333333333333334,0.0,0.023809523809523725,0.47552734375000005,0.7984981226533167,0.78986328125,0.8559892328398385,0.3143359375,0.057491110186521865,0.1160832941532135,0.0453779362142086,0.04107026383280754,0.02171967923641205,0.0646515041589737,0.14100371301174164,0.06751049806674321,0.07579163213570912,False,1.57,2026-09-23T16:04:15
stage2_large_id_04_to_self_recorded_fan_n5_full__fold9,stage2_large_id_04_to_self_recorded_fan_n5_full,9,large,id_04,self_recorded_fan,5,full,1830760836,5,1545,750,50760,32.57091133117676,5.418458499908447,1.87,0.7361111111111112,0.8888888888888888,7.208648750769354,0.8,1.0,0.736111111111111,0.8333333333333334,1.1102230246251565e-16,0.05555555555555547,0.258046875,0.7984981226533167,0.78986328125,0.8559892328398385,0.53181640625,0.057491110186521865,0.11541382223367691,0.04779055342078209,0.07285423576831818,0.03027883917093277,0.07195223122835159,0.14199945330619812,0.07868620380759239,0.08141017456849416,False,1.93,2026-09-23T16:04:17
stage2_large_id_06_to_self_recorded_fan_n10_bottleneck_only__fold0,stage2_large_id_06_to_self_recorded_fan_n10_bottleneck_only,0,large,id_06,self_recorded_fan,10,bottleneck_only,1531437543,10,3090,1470,1096,45.98157088610591,39.097938849001515,2.43,0.5,0.8275862068965517,26.382531700010823,0.7058823529411765,1.0,0.6944444444444444,0.8333333333333334,-0.19444444444444442,-0.005747126436781658,0.92650390625,0.8941176470588236,0.98396484375,0.9580838323353292,0.05746093750000003,0.06396618527650566,0.0,0.0,0.14361290633678436,0.10543227195739746,0.0,0.0,0.04787096877892812,0.03514409065246582,True,2.49,2026-09-23T16:19:58
stage2_large_id_06_to_self_recorded_fan_n10_bottleneck_only__fold1,stage2_large_id_06_to_self_recorded_fan_n10_bottleneck_only,1,large,id_06,self_recorded_fan,10,bottleneck_only,1105399513,10,3090,1470,1096,41.459771681805044,36.78514472805724,2.64,0.4722222222222222,0.8275862068965517,23.619564667488763,0.7058823529411765,1.0,0.7083333333333334,0.8275862068965517,-0.23611111111111116,0.0,0.9224414062499999,0.8898186889818689,0.98396484375,0.9580838323353292,0.06152343750000011,0.06826514335346034,0.0,0.0,0.1072041392326355,0.1023281067609787,0.0,0.0,0.035734713077545166,0.03410936892032623,False,2.69,2026-09-23T16:20:00
stage2_large_id_06_to_self_recorded_fan_n10_bottleneck_only__fold2,stage2_large_id_06_to_self_recorded_fan_n10_bottleneck_only,2,large,id_06,self_recorded_fan,10,bottleneck_only,1221669797,10,3090,1470,1096,44.40622960304727,39.08164067171058,2.28,0.48611111111111116,0.8275862068965517,24.933370756871494,0.7058823529411765,1.0,0.6805555555555556,0.8275862068965517,-0.19444444444444442,0.0,0.91712890625,0.8939828080229226,0.98396484375,0.9580838323353292,0.06683593750000005,0.06410102431240661,0.0,0.0,0.12707862257957458,0.1090962290763855,0.0,0.0,0.04235954085985819,0.0363654096921285,False,2.33,2026-09-23T16:20:03
stage2_large_id_06_to_self_recorded_fan_n10_bottleneck_only__fold3,stage2_large_id_06_to_self_recorded_fan_n10_bottleneck_only,3,large,id_06,self_recorded_fan,10,bottleneck_only,1644980774,10,3090,1470,1096,42.526347958311746,38.20212461510483,2.34,0.5,0.8275862068965517,23.877582222898415,0.7058823529411765,1.0,0.6111111111111112,0.8275862068965517,-0.11111111111111116,0.0,0.92494140625,0.8951841359773371,0.98396484375,0.9580838323353292,0.05902343750000005,0.06289969635799209,0.0,0.0,0.10806554555892944,0.10159974545240402,0.0,0.0,0.03602184851964315,0.03386658181746801,False,2.39,2026-09-23T16:20:05
stage2_large_id_06_to_self_recorded_fan_n10_bottleneck_only__fold4,stage2_large_id_06_to_self_recorded_fan_n10_bottleneck_only,4,large,id_06,self_recorded_fan,10,bottleneck_only,1564464092,10,3090,1470,1096,42.34736882423868,37.560164704614756,2.29,0.4583333333333333,0.8275862068965517,23.386779346898148,0.7058823529411765,1.0,0.6666666666666666,0.8275862068965517,-0.20833333333333331,0.0,0.90525390625,0.8904494382022472,0.98396484375,0.9580838323353292,0.07871093750000002,0.06763439413308203,0.0,0.0,0.1251862645149231,0.10669343173503876,0.0,0.0,0.0417287548383077,0.03556447724501292,False,2.34,2026-09-23T16:20:08
stage2_large_id_06_to_self_recorded_fan_n10_bottleneck_only__fold5,stage2_large_id_06_to_self_recorded_fan_n10_bottleneck_only,5,large,id_06,self_recorded_fan,10,bottleneck_only,1793375045,10,3090,1470,1096,42.43325821234255,37.09191933456732,2.3,0.5,0.8275862068965517,23.823072439644328,0.7058823529411765,1.0,0.6527777777777778,0.8275862068965517,-0.1527777777777778,0.0,0.9113281249999999,0.8873239436619719,0.98396484375,0.9580838323353292,0.0726367187500001,0.07075988867335736,0.0,0.0,0.13747750222682953,0.10848590731620789,0.0,0.0,0.04582583407560984,0.036161969105402626,False,2.35,2026-09-23T16:20:10
stage2_large_id_06_to_self_recorded_fan_n10_bottleneck_only__fold6,stage2_large_id_06_to_self_recorded_fan_n10_bottleneck_only,6,large,id_06,self_recorded_fan,10,bottleneck_only,955481547,10,3090,1470,1096,41.76432870358837,36.13223507939553,2.62,0.5,0.8275862068965517,22.87993821202744,0.7058823529411765,1.0,0.6388888888888888,0.8275862068965517,-0.13888888888888884,0.0,0.88775390625,0.8873435326842837,0.98396484375,0.9580838323353292,0.0962109375000001,0.07074029965104556,0.0,0.0,0.13100148737430573,0.11686421185731888,0.0,0.0,0.043667162458101906,0.03895473728577296,False,2.68,2026-09-23T16:20:13
stage2_large_id_06_to_self_recorded_fan_n10_bottleneck_only__fold7,stage2_large_id_06_to_self_recorded_fan_n10_bottleneck_only,7,large,id_06,self_recorded_fan,10,bottleneck_only,1444074129,10,3090,1470,1096,42.97361732015804,37.62335298499283,2.57,0.4583333333333333,0.8275862068965517,22.199949622540025,0.7058823529411765,1.0,0.6666666666666666,0.8275862068965517,-0.20833333333333331,0.0,0.90078125,0.8892005610098177,0.98396484375,0.9580838323353292,0.08318359375000006,0.06888327132551153,0.0,0.0,0.13014613091945648,0.1084165945649147,0.0,0.0,0.043382043639818825,0.036138864854971565,False,2.62,2026-09-23T16:20:15
stage2_large_id_06_to_self_recorded_fan_n10_bottleneck_only__fold8,stage2_large_id_06_to_self_recorded_fan_n10_bottleneck_only,8,large,id_06,self_recorded_fan,10,bottleneck_only,482769419,10,3090,1470,1096,41.920784775091676,38.39053298015984,2.29,0.5277777777777777,0.8275862068965517,24.088550894777367,0.7058823529411765,1.0,0.5833333333333333,0.8275862068965517,-0.05555555555555558,0.0,0.9714453125,0.9325337331334332,0.98396484375,0.9580838323353292,0.012519531250000049,0.025550099201895993,0.0,0.0,0.05762196704745293,0.09411413967609406,0.0,0.0,0.019207322349150974,0.03137137989203135,False,2.34,2026-09-23T16:20:18
stage2_large_id_06_to_self_recorded_fan_n10_bottleneck_only__fold9,stage2_large_id_06_to_self_recorded_fan_n10_bottleneck_only,9,large,id_06,self_recorded_fan,10,bottleneck_only,1373051370,10,3090,1470,1096,45.1576858053402,39.53711155482701,2.29,0.48611111111111116,0.8275862068965517,22.926679006286424,0.7058823529411765,1.0,0.6527777777777778,0.8333333333333334,-0.16666666666666663,-0.005747126436781658,0.910625,0.8951841359773371,0.98396484375,0.9580838323353292,0.07333984375000002,0.06289969635799209,0.0,0.0,0.1136719360947609,0.10520942509174347,0.0,0.0,0.037890645364920296,0.03506980836391449,False,2.34,2026-09-23T16:20:20
stage2_large_id_06_to_self_recorded_fan_n10_decoder_only__fold0,stage2_large_id_06_to_self_recorded_fan_n10_decoder_only,0,large,id_06,self_recorded_fan,10,decoder_only,208187642,10,3090,1470,25536,33.60669299534389,6.513598967571648,2.73,0.736111111111111,0.8571428571428571,5.849896325203148,0.75,1.0,0.6944444444444444,0.8333333333333334,0.04166666666666663,0.023809523809523725,0.45916015624999995,0.7984981226533167,0.98396484375,0.9580838323353292,0.5248046875000001,0.15958570968201258,0.0,0.0,0.0,0.08623671531677246,0.17062091827392578,0.1811939775943756,0.0,0.14601720372835794,True,2.8,2026-09-23T16:19:05
stage2_large_id_06_to_self_recorded_fan_n10_decoder_only__fold1,stage2_large_id_06_to_self_recorded_fan_n10_decoder_only,1,large,id_06,self_recorded_fan,10,decoder_only,1242621182,10,3090,1470,25536,30.383310746173468,7.092631563848379,2.42,0.7638888888888888,0.8571428571428571,7.0302527613492325,0.75,1.0,0.7083333333333334,0.8275862068965517,0.05555555555555547,0.029556650246305383,0.38380859375,0.7984981226533167,0.98396484375,0.9580838323353292,0.6001562500000001,0.15958570968201258,0.0,0.0,0.0,0.06533428281545639,0.14959174394607544,0.15658392012119293,0.0,0.12383664896090825,False,2.47,2026-09-23T16:19:08
stage2_large_id_06_to_self_recorded_fan_n10_decoder_only__fold2,stage2_large_id_06_to_self_recorded_fan_n10_decoder_only,2,large,id_06,self_recorded_fan,10,decoder_only,467992097,10,3090,1470,25536,33.221366103814574,6.883871185536287,2.34,0.8472222222222222,0.8571428571428571,5.446305664982595,0.75,1.0,0.6805555555555556,0.8275862068965517,0.16666666666666663,0.029556650246305383,0.46699218749999993,0.7984981226533167,0.98396484375,0.9580838323353292,0.5169726562500001,0.15958570968201258,0.0,0.0,0.0,0.08048813045024872,0.18407794833183289,0.1914486438035965,0.0,0.15200490752855936,False,2.39,2026-09-23T16:19:10
stage2_large_id_06_to_self_recorded_fan_n10_decoder_only__fold3,stage2_large_id_06_to_self_recorded_fan_n10_decoder_only,3,large,id_06,self_recorded_fan,10,decoder_only,1857482587,10,3090,1470,25536,31.50583469624422,8.594748477546537,2.3,0.8472222222222222,0.88,7.793091666283663,0.8461538461538461,0.9166666666666666,0.6111111111111112,0.8275862068965517,0.23611111111111105,0.05241379310344829,0.36107421874999995,0.7984981226533167,0.98396484375,0.9580838323353292,0.6228906250000001,0.15958570968201258,0.0,0.0,0.0,0.06478335708379745,0.1475721299648285,0.15594583749771118,0.0,0.12276710818211238,False,2.35,2026-09-23T16:19:12
stage2_large_id_06_to_self_recorded_fan_n10_decoder_only__fold4,stage2_large_id_06_to_self_recorded_fan_n10_decoder_only,4,large,id_06,self_recorded_fan,10,decoder_only,1370095593,10,3090,1470,25536,31.68987394838917,7.879755078529825,2.32,0.9166666666666667,0.9090909090909091,9.445919755839855,1.0,0.8333333333333334,0.6666666666666666,0.8275862068965517,0.2500000000000001,0.08150470219435735,0.44375000000000003,0.7984981226533167,0.98396484375,0.9580838323353292,0.5402148437500001,0.15958570968201258,0.0,0.0,0.0,0.07688724994659424,0.17227908968925476,0.17701052129268646,0.0,0.14205895364284515,False,2.36,2026-09-23T16:19:15
stage2_large_id_06_to_self_recorded_fan_n10_decoder_only__fold5,stage2_large_id_06_to_self_recorded_fan_n10_decoder_only,5,large,id_06,self_recorded_fan,10,decoder_only,1834464152,10,3090,1470,25536,31.698401548424545,7.821495620571837,2.59,0.8611111111111112,0.8888888888888888,7.134846091571278,0.8,1.0,0.6527777777777778,0.8275862068965517,0.20833333333333337,0.06130268199233713,0.42755859375,0.7984981226533167,0.98396484375,0.9580838323353292,0.55640625,0.15958570968201258,0.0,0.0,0.0,0.07920775562524796,0.1648605912923813,0.17465540766716003,0.0,0.13957458486159643,False,2.63,2026-09-23T16:19:17
stage2_large_id_06_to_self_recorded_fan_n10_decoder_only__fold6,stage2_large_id_06_to_self_recorded_fan_n10_decoder_only,6,large,id_06,self_recorded_fan,10,decoder_only,270073784,10,3090,1470,25536,31.245595503826532,6.646011800182109,2.67,0.8055555555555556,0.9230769230769231,6.723519043066178,0.8571428571428571,1.0,0.6388888888888888,0.8275862068965517,0.16666666666666674,0.09549071618037142,0.46005859375,0.7984981226533167,0.98396484375,0.9580838323353292,0.52390625,0.15958570968201258,0.0,0.0,0.0,0.08214062452316284,0.1833985149860382,0.18051356077194214,0.0,0.14868423342704773,False,2.72,2026-09-23T16:19:20
stage2_large_id_06_to_self_recorded_fan_n10_decoder_only__fold7,stage2_large_id_06_to_self_recorded_fan_n10_decoder_only,7,large,id_06,self_recorded_fan,10,decoder_only,1999106025,10,3090,1470,25536,32.04926331189214,8.317883024410326,2.33,0.9027777777777778,0.9090909090909091,9.582692936202656,1.0,0.8333333333333334,0.6666666666666666,0.8275862068965517,0.23611111111111116,0.08150470219435735,0.42259765625000006,0.7984981226533167,0.98396484375,0.9580838323353292,0.5613671874999999,0.15958570968201258,0.0,0.0,0.0,0.07774071395397186,0.16205620765686035,0.16766992211341858,0.0,0.13582228124141693,False,2.38,2026-09-23T16:19:23
stage2_large_id_06_to_self_recorded_fan_n10_decoder_only__fold8,stage2_large_id_06_to_self_recorded_fan_n10_decoder_only,8,large,id_06,self_recorded_fan,10,decoder_only,640674894,10,3090,1470,25536,30.602064405168807,7.4856472988517915,2.36,0.7222222222222222,0.88,9.087307926192697,0.8461538461538461,0.9166666666666666,0.5833333333333333,0.8275862068965517,0.13888888888888895,0.05241379310344829,0.29576171875,0.7984981226533167,0.98396484375,0.9580838323353292,0.688203125,0.15958570968201258,0.0,0.0,0.0,0.03953799232840538,0.10080231726169586,0.14235955476760864,0.0,0.09423328811923663,False,2.41,2026-09-23T16:19:25
stage2_large_id_06_to_self_recorded_fan_n10_decoder_only__fold9,stage2_large_id_06_to_self_recorded_fan_n10_decoder_only,9,large,id_06,self_recorded_fan,10,decoder_only,1286627251,10,3090,1470,25536,33.36322508052904,7.719347846751311,2.3,0.9027777777777779,0.8888888888888888,7.769751896482187,0.8,1.0,0.6527777777777778,0.8333333333333334,0.2500000000000001,0.05555555555555547,0.45830078124999996,0.7984981226533167,0.98396484375,0.9580838323353292,0.5256640625000001,0.15958570968201258,0.0,0.0,0.0,0.0729702040553093,0.1618417650461197,0.17621277272701263,0.0,0.13700824727614722,False,2.35,2026-09-23T16:19:27
stage2_large_id_06_to_self_recorded_fan_n10_encoder_only__fold0,stage2_large_id_06_to_self_recorded_fan_n10_encoder_only,0,large,id_06,self_recorded_fan,10,encoder_only,1379441412,10,3090,1470,25224,46.11761739302655,42.73868685352559,2.68,0.5694444444444444,0.8275862068965517,27.41943700105241,0.7058823529411765,1.0,0.6944444444444444,0.8333333333333334,-0.125,-0.005747126436781658,0.86775390625,0.8571428571428571,0.98396484375,0.9580838323353292,0.1162109375,0.10094097519247214,0.13812103867530823,0.05524599924683571,0.11203469336032867,0.0,0.0,0.0,0.10180057709415753,0.0,True,2.75,2026-09-23T16:19:30
stage2_large_id_06_to_self_recorded_fan_n10_encoder_only__fold1,stage2_large_id_06_to_self_recorded_fan_n10_encoder_only,1,large,id_06,self_recorded_fan,10,encoder_only,1426511454,10,3090,1470,25224,41.76393244217853,40.5130100639499,3.05,0.5277777777777778,0.8275862068965517,24.467669915998638,0.7058823529411765,1.0,0.7083333333333334,0.8275862068965517,-0.18055555555555558,0.0,0.90033203125,0.8870056497175142,0.98396484375,0.9580838323353292,0.08363281249999999,0.07107818261781507,0.12218426167964935,0.04205424711108208,0.07137008756399155,0.0,0.0,0.0,0.07853619878490765,0.0,False,3.1,2026-09-23T16:19:33
stage2_large_id_06_to_self_recorded_fan_n10_encoder_only__fold2,stage2_large_id_06_to_self_recorded_fan_n10_encoder_only,2,large,id_06,self_recorded_fan,10,encoder_only,1379902110,10,3090,1470,25224,44.47487056498625,42.101108006068635,2.66,0.5277777777777778,0.8275862068965517,26.136566001620494,0.7058823529411765,1.0,0.6805555555555556,0.8275862068965517,-0.1527777777777778,0.0,0.82736328125,0.8701657458563536,0.98396484375,0.9580838323353292,0.1566015625,0.08791808647897559,0.12850430607795715,0.0516769178211689,0.13146808743476868,0.0,0.0,0.0,0.1038831037779649,0.0,False,2.7,2026-09-23T16:19:36
stage2_large_id_06_to_self_recorded_fan_n10_encoder_only__fold3,stage2_large_id_06_to_self_recorded_fan_n10_encoder_only,3,large,id_06,self_recorded_fan,10,encoder_only,1789212041,10,3090,1470,25224,42.7665511929259,40.9172752536073,2.66,0.5138888888888888,0.8275862068965517,24.595391825950646,0.7058823529411765,1.0,0.6111111111111112,0.8275862068965517,-0.09722222222222232,0.0,0.80099609375,0.8513513513513513,0.98396484375,0.9580838323353292,0.18296875,0.10673248098397792,0.14642347395420074,0.07101558148860931,0.12613458931446075,0.0,0.0,0.0,0.1145245482524236,0.0,False,2.71,2026-09-23T16:19:39
stage2_large_id_06_to_self_recorded_fan_n10_encoder_only__fold4,stage2_large_id_06_to_self_recorded_fan_n10_encoder_only,4,large,id_06,self_recorded_fan,10,encoder_only,633581230,10,3090,1470,25224,42.51756683661013,40.34491036862743,2.58,0.5,0.8275862068965517,24.1445901000384,0.7058823529411765,1.0,0.6666666666666666,0.8275862068965517,-0.16666666666666663,0.0,0.838671875,0.8669410150891632,0.98396484375,0.9580838323353292,0.14529296875000008,0.09114281724616602,0.13835906982421875,0.06115017086267471,0.12911657989025116,0.0,0.0,0.0,0.10954194019238155,0.0,False,2.63,2026-09-23T16:19:41
stage2_large_id_06_to_self_recorded_fan_n10_encoder_only__fold5,stage2_large_id_06_to_self_recorded_fan_n10_encoder_only,5,large,id_06,self_recorded_fan,10,encoder_only,345171035,10,3090,1470,25224,42.41346787433235,39.88258322890924,2.74,0.5277777777777778,0.8275862068965517,24.59348086014535,0.7058823529411765,1.0,0.6527777777777778,0.8275862068965517,-0.125,0.0,0.8297851562499999,0.8602739726027397,0.98396484375,0.9580838323353292,0.1541796875000001,0.09780985973258949,0.15788936614990234,0.06699620187282562,0.16966217756271362,0.0,0.0,0.0,0.1315159151951472,0.0,False,2.79,2026-09-23T16:19:44
stage2_large_id_06_to_self_recorded_fan_n10_encoder_only__fold6,stage2_large_id_06_to_self_recorded_fan_n10_encoder_only,6,large,id_06,self_recorded_fan,10,encoder_only,688410484,10,3090,1470,25224,41.45076860700335,38.85620903482243,3.03,0.5277777777777778,0.8275862068965517,23.69907550750041,0.7058823529411765,1.0,0.6388888888888888,0.8275862068965517,-0.11111111111111105,0.0,0.8180078125,0.8283132530120482,0.98396484375,0.9580838323353292,0.16595703125000005,0.12977057932328107,0.15520596504211426,0.048809852451086044,0.11040849983692169,0.0,0.0,0.0,0.10480810577670734,0.0,False,3.08,2026-09-23T16:19:47
stage2_large_id_06_to_self_recorded_fan_n10_encoder_only__fold7,stage2_large_id_06_to_self_recorded_fan_n10_encoder_only,7,large,id_06,self_recorded_fan,10,encoder_only,1861795936,10,3090,1470,25224,43.05460116328025,40.56249805372588,2.59,0.4861111111111111,0.8275862068965517,22.943378380587188,0.7058823529411765,1.0,0.6666666666666666,0.8275862068965517,-0.18055555555555552,0.0,0.8455859375,0.8346709470304976,0.98396484375,0.9580838323353292,0.13837890625000004,0.12341288530483163,0.17648129165172577,0.0631326213479042,0.14959844946861267,0.0,0.0,0.0,0.12973745415608087,0.0,False,2.64,2026-09-23T16:19:50
stage2_large_id_06_to_self_recorded_fan_n10_encoder_only__fold8,stage2_large_id_06_to_self_recorded_fan_n10_encoder_only,8,large,id_06,self_recorded_fan,10,encoder_only,1077085692,10,3090,1470,25224,42.26388775572485,41.66590780141402,2.76,0.5416666666666667,0.8275862068965517,24.376550976898294,0.7058823529411765,1.0,0.5833333333333333,0.8275862068965517,-0.04166666666666652,0.0,0.9282031249999999,0.9010043041606887,0.98396484375,0.9580838323353292,0.05576171875000013,0.05707952817464057,0.1009693294763565,0.0558609776198864,0.07018008828163147,0.0,0.0,0.0,0.07567013179262479,0.0,False,2.81,2026-09-23T16:19:53
stage2_large_id_06_to_self_recorded_fan_n10_encoder_only__fold9,stage2_large_id_06_to_self_recorded_fan_n10_encoder_only,9,large,id_06,self_recorded_fan,10,encoder_only,231314586,10,3090,1470,25224,45.52996203364158,42.83117831483179,2.59,0.5,0.8275862068965517,23.80497274429667,0.7058823529411765,1.0,0.6527777777777778,0.8333333333333334,-0.1527777777777778,-0.005747126436781658,0.7930664062499999,0.8528198074277854,0.98396484375,0.9580838323353292,0.19089843750000013,0.10526402490754383,0.14273786544799805,0.05049658939242363,0.13049966096878052,0.0,0.0,0.0,0.10791137193640073,0.0,False,2.64,2026-09-23T16:19:55
stage2_large_id_06_to_self_recorded_fan_n10_full__fold0,stage2_large_id_06_to_self_recorded_fan_n10_full,0,large,id_06,self_recorded_fan,10,full,425740037,10,3090,1470,50760,32.90877357794314,5.8189058498460415,3.05,0.8055555555555556,0.8888888888888888,8.540445737765742,0.8,1.0,0.6944444444444444,0.8333333333333334,0.11111111111111116,0.05555555555555547,0.34681640625,0.7984981226533167,0.98396484375,0.9580838323353292,0.6371484375,0.15958570968201258,0.12519139051437378,0.04192925989627838,0.0668700560927391,0.06880548596382141,0.1096327155828476,0.17399552464485168,0.07799690216779709,0.1174779087305069,True,3.12,2026-09-23T16:18:34
stage2_large_id_06_to_self_recorded_fan_n10_full__fold1,stage2_large_id_06_to_self_recorded_fan_n10_full,1,large,id_06,self_recorded_fan,10,full,1583408687,10,3090,1470,50760,30.029196564032105,6.028571936548973,3.31,0.8333333333333334,0.8888888888888888,6.536955026270025,0.8,1.0,0.7083333333333334,0.8275862068965517,0.125,0.06130268199233713,0.33794921875,0.7984981226533167,0.98396484375,0.9580838323353292,0.646015625,0.15958570968201258,0.14953161776065826,0.038127925246953964,0.05708494037389755,0.0414518266916275,0.10619907081127167,0.15407294034957886,0.08158149446050326,0.10057461261749268,False,3.35,2026-09-23T16:18:37
stage2_large_id_06_to_self_recorded_fan_n10_full__fold2,stage2_large_id_06_to_self_recorded_fan_n10_full,2,large,id_06,self_recorded_fan,10,full,249313151,10,3090,1470,50760,32.69874199069276,6.160855079183773,3.46,0.9166666666666666,0.88,8.486511065257698,0.8461538461538461,0.9166666666666666,0.6805555555555556,0.8275862068965517,0.23611111111111105,0.05241379310344829,0.39017578125,0.7984981226533167,0.98396484375,0.9580838323353292,0.5937890625,0.15958570968201258,0.14211510121822357,0.046154409646987915,0.07594877481460571,0.034777380526065826,0.10004172474145889,0.16793856024742126,0.0880727618932724,0.10091922183831532,False,3.51,2026-09-23T16:18:40
stage2_large_id_06_to_self_recorded_fan_n10_full__fold3,stage2_large_id_06_to_self_recorded_fan_n10_full,3,large,id_06,self_recorded_fan,10,full,1341941690,10,3090,1470,50760,31.27135584305744,7.4262794961734695,2.97,0.9722222222222223,0.9565217391304348,8.106073184392299,1.0,0.9166666666666666,0.6111111111111112,0.8275862068965517,0.36111111111111116,0.1289355322338831,0.33246093750000005,0.7984981226533167,0.98396484375,0.9580838323353292,0.65150390625,0.15958570968201258,0.16355934739112854,0.05177877098321915,0.0643366128206253,0.04749462753534317,0.10579101741313934,0.15929703414440155,0.09322491039832433,0.10419422636429469,False,3.02,2026-09-23T16:18:44
stage2_large_id_06_to_self_recorded_fan_n10_full__fold4,stage2_large_id_06_to_self_recorded_fan_n10_full,4,large,id_06,self_recorded_fan,10,full,905970747,10,3090,1470,50760,31.29317096788056,7.139003432526881,3.08,0.9861111111111112,0.96,8.004674162635867,0.9230769230769231,1.0,0.6666666666666666,0.8275862068965517,0.31944444444444453,0.13241379310344825,0.385234375,0.7984981226533167,0.98396484375,0.9580838323353292,0.59873046875,0.15958570968201258,0.1476929783821106,0.044897813349962234,0.05361294746398926,0.03780820965766907,0.10439746081829071,0.16113165020942688,0.08206791306535403,0.10111244022846222,False,3.13,2026-09-23T16:18:47
stage2_large_id_06_to_self_recorded_fan_n10_full__fold5,stage2_large_id_06_to_self_recorded_fan_n10_full,5,large,id_06,self_recorded_fan,10,full,238936683,10,3090,1470,50760,31.11531787015954,7.0026606151035855,3.12,0.9027777777777778,0.8888888888888888,6.424185329220391,0.8,1.0,0.6527777777777778,0.8275862068965517,0.25,0.06130268199233713,0.35205078125,0.7984981226533167,0.98396484375,0.9580838323353292,0.6319140625,0.15958570968201258,0.1366153061389923,0.035987161099910736,0.051759086549282074,0.04045644775032997,0.10777149349451065,0.16033625602722168,0.0747871845960617,0.10285473242402077,False,3.18,2026-09-23T16:18:50
stage2_large_id_06_to_self_recorded_fan_n10_full__fold6,stage2_large_id_06_to_self_recorded_fan_n10_full,6,large,id_06,self_recorded_fan,10,full,1828693862,10,3090,1470,50760,30.65175270547672,5.701290510138687,3.42,0.8472222222222222,0.96,8.17502082950681,0.9230769230769231,1.0,0.6388888888888888,0.8275862068965517,0.20833333333333337,0.13241379310344825,0.39072265624999997,0.7984981226533167,0.98396484375,0.9580838323353292,0.5932421875,0.15958570968201258,0.17242535948753357,0.03938264399766922,0.0608532540500164,0.04612244293093681,0.12393981218338013,0.16803282499313354,0.09088708584507306,0.11269836003581683,False,3.47,2026-09-23T16:18:53
stage2_large_id_06_to_self_recorded_fan_n10_full__fold7,stage2_large_id_06_to_self_recorded_fan_n10_full,7,large,id_06,self_recorded_fan,10,full,1724581897,10,3090,1470,50760,31.50050789969308,7.410170642697081,2.99,0.9722222222222223,0.96,7.6344651996586,0.9230769230769231,1.0,0.6666666666666666,0.8275862068965517,0.3055555555555557,0.13241379310344825,0.36701171875,0.7984981226533167,0.98396484375,0.9580838323353292,0.616953125,0.15958570968201258,0.16073986887931824,0.044702474027872086,0.061025477945804596,0.08483682572841644,0.10789494961500168,0.15651574730873108,0.0888226069509983,0.11641584088404973,False,3.04,2026-09-23T16:18:56
stage2_large_id_06_to_self_recorded_fan_n10_full__fold8,stage2_large_id_06_to_self_recorded_fan_n10_full,8,large,id_06,self_recorded_fan,10,full,1086348466,10,3090,1470,50760,30.367893802876374,6.659750763250857,2.96,0.7083333333333334,0.8571428571428571,6.630656934378502,0.75,1.0,0.5833333333333333,0.8275862068965517,0.1250000000000001,0.029556650246305383,0.29167968750000006,0.7984981226533167,0.98396484375,0.9580838323353292,0.69228515625,0.15958570968201258,0.15495841205120087,0.028636202216148376,0.04460327699780464,0.0324181504547596,0.10543995350599289,0.14259113371372223,0.0760659637550513,0.0934830792248249,False,3.01,2026-09-23T16:18:59
stage2_large_id_06_to_self_recorded_fan_n10_full__fold9,stage2_large_id_06_to_self_recorded_fan_n10_full,9,large,id_06,self_recorded_fan,10,full,515085416,10,3090,1470,50760,32.882345666690746,6.838101474606261,3.04,0.9722222222222223,0.9565217391304348,8.822504939435806,1.0,0.9166666666666666,0.6527777777777778,0.8333333333333334,0.31944444444444453,0.12318840579710144,0.389921875,0.7984981226533167,0.98396484375,0.9580838323353292,0.5940429687500001,0.15958570968201258,0.1514592170715332,0.045692529529333115,0.058042701333761215,0.043084267526865005,0.09629760682582855,0.1610606610774994,0.08506481597820918,0.10014751181006432,False,3.09,2026-09-23T16:19:02
stage2_large_id_06_to_self_recorded_fan_n20_bottleneck_only__fold0,stage2_large_id_06_to_self_recorded_fan_n20_bottleneck_only,0,large,id_06,self_recorded_fan,20,bottleneck_only,1096984689,20,6180,2910,1096,41.689960637043434,36.673745774731195,5.09,0.5,0.8275862068965517,25.99977097619313,0.7058823529411765,1.0,0.6944444444444444,0.8333333333333334,-0.19444444444444442,-0.005747126436781658,0.8318749999999999,0.8762169680111266,0.98396484375,0.9580838323353292,0.15208984375000012,0.08186686432420265,0.0,0.0,0.19817979633808136,0.15769650042057037,0.0,0.0,0.06605993211269379,0.052565500140190125,True,5.14,2026-09-23T16:23:12
stage2_large_id_06_to_self_recorded_fan_n20_bottleneck_only__fold1,stage2_large_id_06_to_self_recorded_fan_n20_bottleneck_only,1,large,id_06,self_recorded_fan,20,bottleneck_only,5091933,20,6180,2910,1096,41.49646188794952,37.081213410367674,4.77,0.4722222222222222,0.8275862068965517,23.28848798066667,0.7058823529411765,1.0,0.7083333333333334,0.8275862068965517,-0.23611111111111116,0.0,0.8711914062499999,0.8832630098452883,0.98396484375,0.9580838323353292,0.11277343750000013,0.07482082249004096,0.0,0.0,0.18996664881706238,0.15397341549396515,0.0,0.0,0.06332221627235413,0.051324471831321716,False,4.82,2026-09-23T16:23:16
stage2_large_id_06_to_self_recorded_fan_n20_bottleneck_only__fold2,stage2_large_id_06_to_self_recorded_fan_n20_bottleneck_only,2,large,id_06,self_recorded_fan,20,bottleneck_only,507005291,20,6180,2910,1096,42.95219224752839,38.07360615681127,4.56,0.4722222222222222,0.8275862068965517,24.375414906967805,0.7058823529411765,1.0,0.6805555555555556,0.8275862068965517,-0.20833333333333337,0.0,0.8006445312500001,0.8772413793103448,0.98396484375,0.9580838323353292,0.18332031249999992,0.08084245302498438,0.0,0.0,0.21415148675441742,0.1714702844619751,0.0,0.0,0.07138382891813914,0.057156761487325035,False,4.62,2026-09-23T16:23:21
stage2_large_id_06_to_self_recorded_fan_n20_bottleneck_only__fold3,stage2_large_id_06_to_self_recorded_fan_n20_bottleneck_only,3,large,id_06,self_recorded_fan,20,bottleneck_only,2147010528,20,6180,2910,1096,40.950921363437295,36.32537381673597,5.0,0.4861111111111111,0.8275862068965517,23.273492343989005,0.7058823529411765,1.0,0.6111111111111112,0.8275862068965517,-0.12500000000000006,0.0,0.83359375,0.8715083798882681,0.98396484375,0.9580838323353292,0.15037109375000002,0.08657545244706111,0.0,0.0,0.20685911178588867,0.166473850607872,0.0,0.0,0.06895303726196289,0.055491283535957336,False,5.05,2026-09-23T16:23:26
stage2_large_id_06_to_self_recorded_fan_n20_bottleneck_only__fold4,stage2_large_id_06_to_self_recorded_fan_n20_bottleneck_only,4,large,id_06,self_recorded_fan,20,bottleneck_only,1644551031,20,6180,2910,1096,43.480906103075164,38.55901269814403,4.51,0.4583333333333333,0.8275862068965517,22.943675661549985,0.7058823529411765,1.0,0.6666666666666666,0.8275862068965517,-0.20833333333333331,0.0,0.79720703125,0.871866295264624,0.98396484375,0.9580838323353292,0.1867578125,0.08621753707070523,0.0,0.0,0.20855022966861725,0.1707206517457962,0.0,0.0,0.06951674322287242,0.056906883915265404,False,4.56,2026-09-23T16:23:31
stage2_large_id_06_to_self_recorded_fan_n20_bottleneck_only__fold5,stage2_large_id_06_to_self_recorded_fan_n20_bottleneck_only,5,large,id_06,self_recorded_fan,20,bottleneck_only,2105888221,20,6180,2910,1096,40.86607769838314,36.02395909102922,5.0,0.4861111111111111,0.8275862068965517,23.411755132829487,0.7058823529411765,1.0,0.6527777777777778,0.8275862068965517,-0.16666666666666669,0.0,0.8286328125,0.8739495798319328,0.98396484375,0.9580838323353292,0.15533203125000006,0.08413425250339646,0.0,0.0,0.21366652846336365,0.16436158120632172,0.0,0.0,0.07122217615445454,0.054787193735440574,False,5.06,2026-09-23T16:23:36
stage2_large_id_06_to_self_recorded_fan_n20_bottleneck_only__fold6,stage2_large_id_06_to_self_recorded_fan_n20_bottleneck_only,6,large,id_06,self_recorded_fan,20,bottleneck_only,1864822625,20,6180,2910,1096,42.413610399383856,37.32918930053711,4.82,0.4861111111111111,0.8275862068965517,22.50773582952308,0.7058823529411765,1.0,0.6388888888888888,0.8275862068965517,-0.15277777777777773,0.0,0.8045117187499999,0.8683473389355743,0.98396484375,0.9580838323353292,0.1794531250000001,0.08973649339975498,0.0,0.0,0.20868302881717682,0.17097146809101105,0.0,0.0,0.0695610096057256,0.05699048936367035,False,4.88,2026-09-23T16:23:41
stage2_large_id_06_to_self_recorded_fan_n20_bottleneck_only__fold7,stage2_large_id_06_to_self_recorded_fan_n20_bottleneck_only,7,large,id_06,self_recorded_fan,20,bottleneck_only,1140166210,20,6180,2910,1096,43.33123555134252,38.577980080830685,4.57,0.4583333333333333,0.8275862068965517,21.9202231002857,0.7058823529411765,1.0,0.6666666666666666,0.8275862068965517,-0.20833333333333331,0.0,0.84677734375,0.883008356545961,0.98396484375,0.9580838323353292,0.13718750000000002,0.07507547578936824,0.0,0.0,0.2056383639574051,0.1596013456583023,0.0,0.0,0.06854612131913503,0.05320044855276743,False,4.62,2026-09-23T16:23:45
stage2_large_id_06_to_self_recorded_fan_n20_bottleneck_only__fold8,stage2_large_id_06_to_self_recorded_fan_n20_bottleneck_only,8,large,id_06,self_recorded_fan,20,bottleneck_only,327429094,20,6180,2910,1096,41.893317940308876,37.62223705802996,4.65,0.4444444444444444,0.8275862068965517,22.612842979554607,0.7058823529411765,1.0,0.5833333333333333,0.8275862068965517,-0.13888888888888884,0.0,0.843671875,0.8765957446808511,0.98396484375,0.9580838323353292,0.14029296875000008,0.08148808765447813,0.0,0.0,0.19909444451332092,0.1645427793264389,0.0,0.0,0.06636481483777364,0.054847593108812966,False,4.7,2026-09-23T16:23:50
stage2_large_id_06_to_self_recorded_fan_n20_bottleneck_only__fold9,stage2_large_id_06_to_self_recorded_fan_n20_bottleneck_only,9,large,id_06,self_recorded_fan,20,bottleneck_only,243342797,20,6180,2910,1096,44.55985948228344,39.62160708240627,4.85,0.47222222222222227,0.8275862068965517,22.630674127621944,0.7058823529411765,1.0,0.6527777777777778,0.8333333333333334,-0.18055555555555552,-0.005747126436781658,0.85158203125,0.8873038516405135,0.98396484375,0.9580838323353292,0.13238281250000006,0.07077998069481573,0.0,0.0,0.19821538031101227,0.15713681280612946,0.0,0.0,0.06607179343700409,0.05237893760204315,False,4.9,2026-09-23T16:23:55
stage2_large_id_06_to_self_recorded_fan_n20_decoder_only__fold0,stage2_large_id_06_to_self_recorded_fan_n20_decoder_only,0,large,id_06,self_recorded_fan,20,decoder_only,687891147,20,6180,2910,25536,25.140625324445903,7.078120747792352,4.67,0.9305555555555556,0.9166666666666666,9.565039268474633,0.9166666666666666,0.9166666666666666,0.6944444444444444,0.8333333333333334,0.23611111111111116,0.08333333333333326,0.46353515624999997,0.7984981226533167,0.98396484375,0.9580838323353292,0.5204296875000001,0.15958570968201258,0.0,0.0,0.0,0.09623929858207703,0.1972302794456482,0.21562719345092773,0.0,0.16969892382621765,True,4.73,2026-09-23T16:21:28
stage2_large_id_06_to_self_recorded_fan_n20_decoder_only__fold1,stage2_large_id_06_to_self_recorded_fan_n20_decoder_only,1,large,id_06,self_recorded_fan,20,decoder_only,808791292,20,6180,2910,25536,24.896099739467974,7.247755832278852,4.73,0.9305555555555556,0.9090909090909091,9.79383486590092,1.0,0.8333333333333334,0.7083333333333334,0.8275862068965517,0.2222222222222222,0.08150470219435735,0.4568164062499999,0.7984981226533167,0.98396484375,0.9580838323353292,0.5271484375000002,0.15958570968201258,0.0,0.0,0.0,0.09098578989505768,0.2002495527267456,0.21408787369728088,0.0,0.1684410721063614,False,4.78,2026-09-23T16:21:33
stage2_large_id_06_to_self_recorded_fan_n20_decoder_only__fold2,stage2_large_id_06_to_self_recorded_fan_n20_decoder_only,2,large,id_06,self_recorded_fan,20,decoder_only,1776102077,20,6180,2910,25536,26.530979667742226,7.174351529976756,5.05,0.9444444444444444,0.9565217391304348,9.298570155393024,1.0,0.9166666666666666,0.6805555555555556,0.8275862068965517,0.26388888888888884,0.1289355322338831,0.4928125,0.7984981226533167,0.98396484375,0.9580838323353292,0.49115234375000005,0.15958570968201258,0.0,0.0,0.0,0.09814798831939697,0.21124500036239624,0.22311919927597046,0.0,0.1775040626525879,False,5.1,2026-09-23T16:21:38
stage2_large_id_06_to_self_recorded_fan_n20_decoder_only__fold3,stage2_large_id_06_to_self_recorded_fan_n20_decoder_only,3,large,id_06,self_recorded_fan,20,decoder_only,1009809141,20,6180,2910,25536,25.009032701708605,7.496170953377006,4.64,0.9305555555555556,0.9230769230769231,7.624538819949014,0.8571428571428571,1.0,0.6111111111111112,0.8275862068965517,0.3194444444444444,0.09549071618037142,0.45275390625000006,0.7984981226533167,0.98396484375,0.9580838323353292,0.5312109375,0.15958570968201258,0.0,0.0,0.0,0.09290705621242523,0.19995541870594025,0.21680471301078796,0.0,0.16988906264305115,False,4.69,2026-09-23T16:21:42
stage2_large_id_06_to_self_recorded_fan_n20_decoder_only__fold4,stage2_large_id_06_to_self_recorded_fan_n20_decoder_only,4,large,id_06,self_recorded_fan,20,decoder_only,887940167,20,6180,2910,25536,26.561757687440853,7.310976112011781,5.01,1.0,1.0,8.459836302506554,1.0,1.0,0.6666666666666666,0.8275862068965517,0.33333333333333337,0.1724137931034483,0.48650390624999995,0.7984981226533167,0.98396484375,0.9580838323353292,0.4974609375000001,0.15958570968201258,0.0,0.0,0.0,0.09688553214073181,0.21203677356243134,0.21860134601593018,0.0,0.17584121723969778,False,5.07,2026-09-23T16:21:48
stage2_large_id_06_to_self_recorded_fan_n20_decoder_only__fold5,stage2_large_id_06_to_self_recorded_fan_n20_decoder_only,5,large,id_06,self_recorded_fan,20,decoder_only,1597371466,20,6180,2910,25536,24.89382622905613,7.075582327301969,5.04,0.888888888888889,0.9230769230769231,8.0488336229846,0.8571428571428571,1.0,0.6527777777777778,0.8275862068965517,0.23611111111111116,0.09549071618037142,0.45625000000000004,0.7984981226533167,0.98396484375,0.9580838323353292,0.52771484375,0.15958570968201258,0.0,0.0,0.0,0.09439409524202347,0.19496510922908783,0.2195580005645752,0.0,0.16963906834522882,False,5.09,2026-09-23T16:21:53
stage2_large_id_06_to_self_recorded_fan_n20_decoder_only__fold6,stage2_large_id_06_to_self_recorded_fan_n20_decoder_only,6,large,id_06,self_recorded_fan,20,decoder_only,1082720417,20,6180,2910,25536,25.80593132726925,7.2220184286845095,4.91,1.0,1.0,8.964954842885966,1.0,1.0,0.6388888888888888,0.8275862068965517,0.36111111111111116,0.1724137931034483,0.48515624999999996,0.7984981226533167,0.98396484375,0.9580838323353292,0.4988085937500001,0.15958570968201258,0.0,0.0,0.0,0.09813381731510162,0.2105039805173874,0.226527139544487,0.0,0.178388312458992,False,4.96,2026-09-23T16:21:58
stage2_large_id_06_to_self_recorded_fan_n20_decoder_only__fold7,stage2_large_id_06_to_self_recorded_fan_n20_decoder_only,7,large,id_06,self_recorded_fan,20,decoder_only,427918876,20,6180,2910,25536,26.19583343230572,7.624856968515927,5.27,0.9861111111111112,0.96,8.31474479480524,0.9230769230769231,1.0,0.6666666666666666,0.8275862068965517,0.31944444444444453,0.13241379310344825,0.4812109375000001,0.7984981226533167,0.98396484375,0.9580838323353292,0.5027539062499999,0.15958570968201258,0.0,0.0,0.0,0.09552773088216782,0.2061632126569748,0.22088579833507538,0.0,0.174192247291406,False,5.32,2026-09-23T16:22:03
stage2_large_id_06_to_self_recorded_fan_n20_decoder_only__fold8,stage2_large_id_06_to_self_recorded_fan_n20_decoder_only,8,large,id_06,self_recorded_fan,20,decoder_only,164394095,20,6180,2910,25536,25.590537356347152,7.370196194992852,4.61,0.9583333333333334,0.96,8.43301731577137,0.9230769230769231,1.0,0.5833333333333333,0.8275862068965517,0.3750000000000001,0.13241379310344825,0.47556640624999996,0.7984981226533167,0.98396484375,0.9580838323353292,0.5083984375000001,0.15958570968201258,0.0,0.0,0.0,0.09901074320077896,0.21401122212409973,0.2197674959897995,0.0,0.17759648710489273,False,4.67,2026-09-23T16:22:08
stage2_large_id_06_to_self_recorded_fan_n20_decoder_only__fold9,stage2_large_id_06_to_self_recorded_fan_n20_decoder_only,9,large,id_06,self_recorded_fan,20,decoder_only,320520418,20,6180,2910,25536,26.719364913468507,7.23296509575598,4.64,1.0,1.0,8.91051501643127,1.0,1.0,0.6527777777777778,0.8333333333333334,0.3472222222222222,0.16666666666666663,0.48591796875000004,0.7984981226533167,0.98396484375,0.9580838323353292,0.498046875,0.15958570968201258,0.0,0.0,0.0,0.09644532203674316,0.2079278528690338,0.22290000319480896,0.0,0.17575772603352866,False,4.69,2026-09-23T16:22:12
stage2_large_id_06_to_self_recorded_fan_n20_encoder_only__fold0,stage2_large_id_06_to_self_recorded_fan_n20_encoder_only,0,large,id_06,self_recorded_fan,20,encoder_only,2065556057,20,6180,2910,25224,42.312475145477606,39.804285147755415,5.68,0.5555555555555556,0.8275862068965517,27.148765638036636,0.7058823529411765,1.0,0.6944444444444444,0.8333333333333334,-0.13888888888888884,-0.005747126436781658,0.86845703125,0.8506401137980085,0.98396484375,0.9580838323353292,0.11550781250000008,0.10744371853732071,0.23426251113414764,0.06587537378072739,0.2485135793685913,0.0,0.0,0.0,0.1828838214278221,0.0,True,5.73,2026-09-23T16:22:18
stage2_large_id_06_to_self_recorded_fan_n20_encoder_only__fold1,stage2_large_id_06_to_self_recorded_fan_n20_encoder_only,1,large,id_06,self_recorded_fan,20,encoder_only,1141481975,20,6180,2910,25224,42.34748136382742,40.20050387038398,5.06,0.5416666666666666,0.8275862068965517,24.286485301638113,0.7058823529411765,1.0,0.7083333333333334,0.8275862068965517,-0.16666666666666674,0.0,0.85947265625,0.8701657458563536,0.98396484375,0.9580838323353292,0.12449218750000002,0.08791808647897559,0.1947541981935501,0.08537285029888153,0.15417182445526123,0.0,0.0,0.0,0.1447662909825643,0.0,False,5.11,2026-09-23T16:22:23
stage2_large_id_06_to_self_recorded_fan_n20_encoder_only__fold2,stage2_large_id_06_to_self_recorded_fan_n20_encoder_only,2,large,id_06,self_recorded_fan,20,encoder_only,2034790384,20,6180,2910,25224,43.66909062493708,41.49240426918895,5.34,0.5555555555555556,0.8275862068965517,25.42706571659224,0.7058823529411765,1.0,0.6805555555555556,0.8275862068965517,-0.125,0.0,0.8450585937499999,0.8722222222222222,0.98396484375,0.9580838323353292,0.13890625000000012,0.085861610113107,0.1756543070077896,0.06834763288497925,0.16015738248825073,0.0,0.0,0.0,0.13471977412700653,0.0,False,5.4,2026-09-23T16:22:29
stage2_large_id_06_to_self_recorded_fan_n20_encoder_only__fold3,stage2_large_id_06_to_self_recorded_fan_n20_encoder_only,3,large,id_06,self_recorded_fan,20,encoder_only,1224558177,20,6180,2910,25224,41.548558107356435,39.30099774390152,5.68,0.5416666666666667,0.8275862068965517,24.381059196003047,0.7058823529411765,1.0,0.6111111111111112,0.8275862068965517,-0.06944444444444442,0.0,0.8809765624999999,0.8542857142857143,0.98396484375,0.9580838323353292,0.10298828125000015,0.10379811804961492,0.2181921899318695,0.08125803619623184,0.21063919365406036,0.0,0.0,0.0,0.1700298065940539,0.0,False,5.74,2026-09-23T16:22:34
stage2_large_id_06_to_self_recorded_fan_n20_encoder_only__fold4,stage2_large_id_06_to_self_recorded_fan_n20_encoder_only,4,large,id_06,self_recorded_fan,20,encoder_only,838226319,20,6180,2910,25224,44.38721580112103,42.20748677204565,5.04,0.5416666666666666,0.8275862068965517,23.920707387831605,0.7058823529411765,1.0,0.6666666666666666,0.8275862068965517,-0.125,0.0,0.821875,0.869684499314129,0.98396484375,0.9580838323353292,0.16208984375000002,0.08839933302120029,0.1896703839302063,0.10969624668359756,0.12740252912044525,0.0,0.0,0.0,0.14225638657808304,0.0,False,5.09,2026-09-23T16:22:39
stage2_large_id_06_to_self_recorded_fan_n20_encoder_only__fold5,stage2_large_id_06_to_self_recorded_fan_n20_encoder_only,5,large,id_06,self_recorded_fan,20,encoder_only,135947272,20,6180,2910,25224,41.32566011566477,38.921245417644066,5.7,0.5138888888888888,0.8275862068965517,24.49699725919557,0.7058823529411765,1.0,0.6527777777777778,0.8275862068965517,-0.13888888888888895,0.0,0.8516015625,0.843441466854725,0.98396484375,0.9580838323353292,0.13236328125000008,0.11464236548060425,0.23202146589756012,0.0952979326248169,0.23230774700641632,0.0,0.0,0.0,0.18654238184293112,0.0,False,5.74,2026-09-23T16:22:45
stage2_large_id_06_to_self_recorded_fan_n20_encoder_only__fold6,stage2_large_id_06_to_self_recorded_fan_n20_encoder_only,6,large,id_06,self_recorded_fan,20,encoder_only,1161434238,20,6180,2910,25224,43.10682367541126,40.82485607973079,5.08,0.5138888888888888,0.8275862068965517,23.53396909522393,0.7058823529411765,1.0,0.6388888888888888,0.8275862068965517,-0.125,0.0,0.84244140625,0.8673050615595075,0.98396484375,0.9580838323353292,0.14152343750000007,0.09077877077582175,0.1922285407781601,0.09467927366495132,0.16236242651939392,0.0,0.0,0.0,0.14975674698750177,0.0,False,5.14,2026-09-23T16:22:50
stage2_large_id_06_to_self_recorded_fan_n20_encoder_only__fold7,stage2_large_id_06_to_self_recorded_fan_n20_encoder_only,7,large,id_06,self_recorded_fan,20,encoder_only,1697388475,20,6180,2910,25224,44.24182990162643,42.03084576007017,5.42,0.4861111111111111,0.8275862068965517,22.898861986919513,0.7058823529411765,1.0,0.6666666666666666,0.8275862068965517,-0.18055555555555552,0.0,0.8642382812499999,0.8786610878661087,0.98396484375,0.9580838323353292,0.11972656250000013,0.07942274446922049,0.17841549217700958,0.09659411758184433,0.1963336169719696,0.0,0.0,0.0,0.1571144089102745,0.0,False,5.48,2026-09-23T16:22:56
stage2_large_id_06_to_self_recorded_fan_n20_encoder_only__fold8,stage2_large_id_06_to_self_recorded_fan_n20_encoder_only,8,large,id_06,self_recorded_fan,20,encoder_only,164528381,20,6180,2910,25224,42.67160592619906,40.869581517485,5.44,0.48611111111111116,0.8275862068965517,23.579912247395438,0.7058823529411765,1.0,0.5833333333333333,0.8275862068965517,-0.0972222222222221,0.0,0.818046875,0.8618331053351573,0.98396484375,0.9580838323353292,0.1659179687500001,0.0962507270001719,0.18833687901496887,0.07379043102264404,0.13594624400138855,0.0,0.0,0.0,0.13269118467966715,0.0,False,5.5,2026-09-23T16:23:01
stage2_large_id_06_to_self_recorded_fan_n20_encoder_only__fold9,stage2_large_id_06_to_self_recorded_fan_n20_encoder_only,9,large,id_06,self_recorded_fan,20,encoder_only,710166339,20,6180,2910,25224,45.60359117173657,43.33820181777797,5.08,0.5,0.8275862068965517,23.647009247715033,0.7058823529411765,1.0,0.6527777777777778,0.8333333333333334,-0.1527777777777778,-0.005747126436781658,0.83724609375,0.8764044943820225,0.98396484375,0.9580838323353292,0.14671875,0.08167933795330673,0.18561573326587677,0.06775525957345963,0.16465133428573608,0.0,0.0,0.0,0.13934077570835748,0.0,False,5.14,2026-09-23T16:23:06
stage2_large_id_06_to_self_recorded_fan_n20_full__fold0,stage2_large_id_06_to_self_recorded_fan_n20_full,0,large,id_06,self_recorded_fan,20,full,148693413,20,6180,2910,50760,24.645267958493577,5.6533897144278304,6.31,1.0,1.0,8.483345340393917,1.0,1.0,0.6944444444444444,0.8333333333333334,0.3055555555555556,0.16666666666666663,0.2588671875,0.7984981226533167,0.98396484375,0.9580838323353292,0.72509765625,0.15958570968201258,0.21491572260856628,0.06471695005893707,0.07490147650241852,0.06385570019483566,0.17641620337963104,0.26278701424598694,0.1181780497233073,0.16768630594015121,True,6.37,2026-09-23T16:20:26
stage2_large_id_06_to_self_recorded_fan_n20_full__fold1,stage2_large_id_06_to_self_recorded_fan_n20_full,1,large,id_06,self_recorded_fan,20,full,1518136822,20,6180,2910,50760,24.48486359586421,5.78839072001349,6.23,1.0,1.0,8.123937209290437,1.0,1.0,0.7083333333333334,0.8275862068965517,0.29166666666666663,0.1724137931034483,0.29625,0.7984981226533167,0.98396484375,0.9580838323353292,0.68771484375,0.15958570968201258,0.2364482432603836,0.07004635035991669,0.07190487533807755,0.06111322343349457,0.18696072697639465,0.2185457944869995,0.1261331563194593,0.15553991496562958,False,6.28,2026-09-23T16:20:33
stage2_large_id_06_to_self_recorded_fan_n20_full__fold2,stage2_large_id_06_to_self_recorded_fan_n20_full,2,large,id_06,self_recorded_fan,20,full,1976611146,20,6180,2910,50760,26.012188144565858,6.0919273120840804,6.0,0.9861111111111112,0.96,6.899098220158327,0.9230769230769231,1.0,0.6805555555555556,0.8275862068965517,0.3055555555555556,0.13241379310344825,0.32638671875,0.7984981226533167,0.98396484375,0.9580838323353292,0.657578125,0.15958570968201258,0.2400038242340088,0.07975160330533981,0.06801986694335938,0.049732111394405365,0.17108458280563354,0.21649442613124847,0.129258431494236,0.14577037344376245,False,6.05,2026-09-23T16:20:39
stage2_large_id_06_to_self_recorded_fan_n20_full__fold3,stage2_large_id_06_to_self_recorded_fan_n20_full,3,large,id_06,self_recorded_fan,20,full,1390653352,20,6180,2910,50760,24.645588314410336,5.993238134482472,6.36,1.0,1.0,7.295686689501934,1.0,1.0,0.6111111111111112,0.8275862068965517,0.38888888888888884,0.1724137931034483,0.28947265625,0.7984981226533167,0.98396484375,0.9580838323353292,0.6944921875000001,0.15958570968201258,0.23399893939495087,0.07336592674255371,0.08233270049095154,0.05755655840039253,0.17480957508087158,0.2466275542974472,0.12989918887615204,0.15966456259290376,False,6.43,2026-09-23T16:20:45
stage2_large_id_06_to_self_recorded_fan_n20_full__fold4,stage2_large_id_06_to_self_recorded_fan_n20_full,4,large,id_06,self_recorded_fan,20,full,1779396579,20,6180,2910,50760,26.04342425238226,5.833954447323514,5.88,1.0,1.0,8.108901408828135,1.0,1.0,0.6666666666666666,0.8275862068965517,0.33333333333333337,0.1724137931034483,0.3473046875,0.7984981226533167,0.98396484375,0.9580838323353292,0.63666015625,0.15958570968201258,0.26247498393058777,0.07107694447040558,0.0831451267004013,0.054132286459207535,0.1733493208885193,0.2118872106075287,0.13889901836713156,0.14645627265175185,False,5.92,2026-09-23T16:20:51
stage2_large_id_06_to_self_recorded_fan_n20_full__fold5,stage2_large_id_06_to_self_recorded_fan_n20_full,5,large,id_06,self_recorded_fan,20,full,2113530689,20,6180,2910,50760,24.36623564454698,6.350908505547907,6.52,0.9444444444444445,0.9230769230769231,6.776487586626401,0.8571428571428571,1.0,0.6527777777777778,0.8275862068965517,0.29166666666666674,0.09549071618037142,0.2840625,0.7984981226533167,0.98396484375,0.9580838323353292,0.69990234375,0.15958570968201258,0.20117229223251343,0.06006200239062309,0.06012379750609398,0.05200587585568428,0.146502286195755,0.1897314041852951,0.10711936404307683,0.12941318874557814,False,6.57,2026-09-23T16:20:58
stage2_large_id_06_to_self_recorded_fan_n20_full__fold6,stage2_large_id_06_to_self_recorded_fan_n20_full,6,large,id_06,self_recorded_fan,20,full,1307406530,20,6180,2910,50760,25.31223093603075,5.773076598177251,5.92,1.0,1.0,7.0109551348008825,1.0,1.0,0.6388888888888888,0.8275862068965517,0.36111111111111116,0.1724137931034483,0.32857421875000004,0.7984981226533167,0.98396484375,0.9580838323353292,0.655390625,0.15958570968201258,0.25367653369903564,0.06566977500915527,0.08643088489770889,0.06400464475154877,0.1807887703180313,0.2231329381465912,0.13525906453529993,0.1559754510720571,False,5.97,2026-09-23T16:21:04
stage2_large_id_06_to_self_recorded_fan_n20_full__fold7,stage2_large_id_06_to_self_recorded_fan_n20_full,7,large,id_06,self_recorded_fan,20,full,2034219267,20,6180,2910,50760,25.789229334015207,6.036701143402414,6.69,0.9861111111111112,0.96,6.642057606162221,0.9230769230769231,1.0,0.6666666666666666,0.8275862068965517,0.31944444444444453,0.13241379310344825,0.32392578125,0.7984981226533167,0.98396484375,0.9580838323353292,0.6600390625000001,0.15958570968201258,0.26416417956352234,0.07746127992868423,0.10046898573637009,0.0656508356332779,0.16165153682231903,0.21789541840553284,0.14736481507619223,0.1483992636203766,False,6.74,2026-09-23T16:21:10
stage2_large_id_06_to_self_recorded_fan_n20_full__fold8,stage2_large_id_06_to_self_recorded_fan_n20_full,8,large,id_06,self_recorded_fan,20,full,1244445932,20,6180,2910,50760,25.22368891214587,5.915233007411367,5.98,1.0,1.0,8.131780937693307,1.0,1.0,0.5833333333333333,0.8275862068965517,0.41666666666666674,0.1724137931034483,0.33499999999999996,0.7984981226533167,0.98396484375,0.9580838323353292,0.6489648437500001,0.15958570968201258,0.26183998584747314,0.07058098167181015,0.08472476154565811,0.05498846247792244,0.19794711470603943,0.23487266898155212,0.13904857635498047,0.162602748721838,False,6.03,2026-09-23T16:21:16
stage2_large_id_06_to_self_recorded_fan_n20_full__fold9,stage2_large_id_06_to_self_recorded_fan_n20_full,9,large,id_06,self_recorded_fan,20,full,1458765808,20,6180,2910,50760,26.334677086663,5.367956235236728,6.8,1.0,1.0,7.739800130644256,1.0,1.0,0.6527777777777778,0.8333333333333334,0.3472222222222222,0.16666666666666663,0.37,0.7984981226533167,0.98396484375,0.9580838323353292,0.61396484375,0.15958570968201258,0.2613662779331207,0.07539869844913483,0.19198337197303772,0.0620073638856411,0.1851932257413864,0.22270475327968597,0.17624944945176443,0.15663511430223784,False,6.85,2026-09-23T16:21:23
stage2_large_id_06_to_self_recorded_fan_n40_bottleneck_only__fold0,stage2_large_id_06_to_self_recorded_fan_n40_bottleneck_only,0,large,id_06,self_recorded_fan,40,bottleneck_only,35295537,40,12360,5820,1096,40.457256199158344,35.93784833691784,9.63,0.4722222222222222,0.8275862068965517,25.92285648827414,0.7058823529411765,1.0,0.6944444444444444,0.8333333333333334,-0.2222222222222222,-0.005747126436781658,0.716328125,0.817174515235457,0.98396484375,0.9580838323353292,0.26763671875000006,0.1409093170998722,0.0,0.0,0.29781317710876465,0.2490995228290558,0.0,0.0,0.09927105903625488,0.08303317427635193,True,9.69,2026-09-23T16:29:36
stage2_large_id_06_to_self_recorded_fan_n40_bottleneck_only__fold1,stage2_large_id_06_to_self_recorded_fan_n40_bottleneck_only,1,large,id_06,self_recorded_fan,40,bottleneck_only,677507402,40,12360,5820,1096,40.868392000493316,36.5726932840249,9.72,0.4583333333333333,0.8275862068965517,23.191994707175443,0.7058823529411765,1.0,0.7083333333333334,0.8275862068965517,-0.25000000000000006,0.0,0.7219531250000001,0.8222222222222222,0.98396484375,0.9580838323353292,0.26201171874999996,0.13586161011310705,0.0,0.0,0.3058835566043854,0.2511369287967682,0.0,0.0,0.10196118553479512,0.08371230959892273,False,9.77,2026-09-23T16:29:46
stage2_large_id_06_to_self_recorded_fan_n40_bottleneck_only__fold2,stage2_large_id_06_to_self_recorded_fan_n40_bottleneck_only,2,large,id_06,self_recorded_fan,40,bottleneck_only,1158876575,40,12360,5820,1096,40.90661819693968,36.52774726238447,9.24,0.4583333333333333,0.8275862068965517,24.195168874796156,0.7058823529411765,1.0,0.6805555555555556,0.8275862068965517,-0.22222222222222227,0.0,0.7222265625000001,0.8194444444444444,0.98396484375,0.9580838323353292,0.26173828125,0.1386393878908848,0.0,0.0,0.3191213011741638,0.25129881501197815,0.0,0.0,0.10637376705805461,0.08376627167065938,False,9.3,2026-09-23T16:29:55
stage2_large_id_06_to_self_recorded_fan_n40_bottleneck_only__fold3,stage2_large_id_06_to_self_recorded_fan_n40_bottleneck_only,3,large,id_06,self_recorded_fan,40,bottleneck_only,509786411,40,12360,5820,1096,40.53838879300147,36.264906244179635,9.83,0.45833333333333337,0.8275862068965517,23.230005264282227,0.7058823529411765,1.0,0.6111111111111112,0.8275862068965517,-0.1527777777777778,0.0,0.7306640625,0.8238557558945908,0.98396484375,0.9580838323353292,0.25330078125,0.13422807644073842,0.0,0.0,0.30665141344070435,0.24897606670856476,0.0,0.0,0.10221713781356812,0.08299202223618825,False,9.89,2026-09-23T16:30:05
stage2_large_id_06_to_self_recorded_fan_n40_bottleneck_only__fold4,stage2_large_id_06_to_self_recorded_fan_n40_bottleneck_only,4,large,id_06,self_recorded_fan,40,bottleneck_only,1593292153,40,12360,5820,1096,41.44242524609123,37.15818348127542,9.64,0.41666666666666663,0.8275862068965517,22.812113456355714,0.7058823529411765,1.0,0.6666666666666666,0.8275862068965517,-0.25,0.0,0.7275390625,0.8155339805825242,0.98396484375,0.9580838323353292,0.25642578125000004,0.142549851752805,0.0,0.0,0.32562437653541565,0.2500160336494446,0.0,0.0,0.10854145884513855,0.0833386778831482,False,9.7,2026-09-23T16:30:15
stage2_large_id_06_to_self_recorded_fan_n40_bottleneck_only__fold5,stage2_large_id_06_to_self_recorded_fan_n40_bottleneck_only,5,large,id_06,self_recorded_fan,40,bottleneck_only,755602422,40,12360,5820,1096,41.06121657066738,36.51476545432179,10.3,0.4444444444444444,0.8275862068965517,23.415483314242564,0.7058823529411765,1.0,0.6527777777777778,0.8275862068965517,-0.20833333333333337,0.0,0.7129882812500001,0.8166666666666667,0.98396484375,0.9580838323353292,0.2709765624999999,0.14141716566866258,0.0,0.0,0.31242334842681885,0.2523425817489624,0.0,0.0,0.10414111614227295,0.0841141939163208,False,10.37,2026-09-23T16:30:25
stage2_large_id_06_to_self_recorded_fan_n40_bottleneck_only__fold6,stage2_large_id_06_to_self_recorded_fan_n40_bottleneck_only,6,large,id_06,self_recorded_fan,40,bottleneck_only,1166580544,40,12360,5820,1096,41.70712315667536,37.27583287425877,9.15,0.4861111111111111,0.8275862068965517,22.459067582312525,0.7058823529411765,1.0,0.6388888888888888,0.8275862068965517,-0.15277777777777773,0.0,0.7169921874999999,0.8142493638676844,0.98396484375,0.9580838323353292,0.2669726562500001,0.1438344684676448,0.0,0.0,0.305990993976593,0.24781043827533722,0.0,0.0,0.10199699799219768,0.08260347942511241,False,9.2,2026-09-23T16:30:34
stage2_large_id_06_to_self_recorded_fan_n40_bottleneck_only__fold7,stage2_large_id_06_to_self_recorded_fan_n40_bottleneck_only,7,large,id_06,self_recorded_fan,40,bottleneck_only,1877398774,40,12360,5820,1096,41.22515735429587,37.06769044620474,9.56,0.4305555555555556,0.8275862068965517,21.81535786255278,0.7058823529411765,1.0,0.6666666666666666,0.8275862068965517,-0.23611111111111105,0.0,0.73189453125,0.8243430152143845,0.98396484375,0.9580838323353292,0.2520703125,0.13374081712094477,0.0,0.0,0.30103451013565063,0.23622815310955048,0.0,0.0,0.10034483671188354,0.07874271770318349,False,9.61,2026-09-23T16:30:44
stage2_large_id_06_to_self_recorded_fan_n40_bottleneck_only__fold8,stage2_large_id_06_to_self_recorded_fan_n40_bottleneck_only,8,large,id_06,self_recorded_fan,40,bottleneck_only,448997224,40,12360,5820,1096,41.171756252800066,36.944640405399284,9.75,0.45833333333333337,0.8275862068965517,22.411397736435184,0.7058823529411765,1.0,0.5833333333333333,0.8275862068965517,-0.12499999999999989,0.0,0.7373828125,0.8243430152143845,0.98396484375,0.9580838323353292,0.24658203125,0.13374081712094477,0.0,0.0,0.307769775390625,0.24648821353912354,0.0,0.0,0.10258992513020833,0.08216273784637451,False,9.8,2026-09-23T16:30:54
stage2_large_id_06_to_self_recorded_fan_n40_bottleneck_only__fold9,stage2_large_id_06_to_self_recorded_fan_n40_bottleneck_only,9,large,id_06,self_recorded_fan,40,bottleneck_only,318369011,40,12360,5820,1096,41.923645924047094,37.388375744377214,9.19,0.48611111111111116,0.8275862068965517,22.48685652229778,0.7058823529411765,1.0,0.6527777777777778,0.8333333333333334,-0.16666666666666663,-0.005747126436781658,0.721328125,0.8152866242038217,0.98396484375,0.9580838323353292,0.26263671875000005,0.14279720813150754,0.0,0.0,0.3232223689556122,0.25116243958473206,0.0,0.0,0.10774078965187073,0.08372081319491069,False,9.25,2026-09-23T16:31:03
stage2_large_id_06_to_self_recorded_fan_n40_decoder_only__fold0,stage2_large_id_06_to_self_recorded_fan_n40_decoder_only,0,large,id_06,self_recorded_fan,40,decoder_only,1051076271,40,12360,5820,25536,19.153557467706424,6.639346336581044,9.76,0.9722222222222223,0.9565217391304348,10.141151897536318,1.0,0.9166666666666666,0.6944444444444444,0.8333333333333334,0.2777777777777779,0.12318840579710144,0.47666015625,0.7984981226533167,0.98396484375,0.9580838323353292,0.5073046875,0.15958570968201258,0.0,0.0,0.0,0.1161762997508049,0.26805850863456726,0.30500921607017517,0.0,0.22974800815184912,True,9.83,2026-09-23T16:26:09
stage2_large_id_06_to_self_recorded_fan_n40_decoder_only__fold1,stage2_large_id_06_to_self_recorded_fan_n40_decoder_only,1,large,id_06,self_recorded_fan,40,decoder_only,140123140,40,12360,5820,25536,19.530617055204726,6.794284247860466,9.86,0.9861111111111112,0.96,8.766815357366955,0.9230769230769231,1.0,0.7083333333333334,0.8275862068965517,0.2777777777777778,0.13241379310344825,0.47386718749999995,0.7984981226533167,0.98396484375,0.9580838323353292,0.5100976562500001,0.15958570968201258,0.0,0.0,0.0,0.11510559916496277,0.27211037278175354,0.30351522564888,0.0,0.23024373253186545,False,9.91,2026-09-23T16:26:19
stage2_large_id_06_to_self_recorded_fan_n40_decoder_only__fold2,stage2_large_id_06_to_self_recorded_fan_n40_decoder_only,2,large,id_06,self_recorded_fan,40,decoder_only,417741533,40,12360,5820,25536,19.76972183738787,6.808046540034186,9.9,1.0,1.0,7.883233561797363,1.0,1.0,0.6805555555555556,0.8275862068965517,0.3194444444444444,0.1724137931034483,0.4822265625,0.7984981226533167,0.98396484375,0.9580838323353292,0.50173828125,0.15958570968201258,0.0,0.0,0.0,0.11652933061122894,0.27148792147636414,0.31241410970687866,0.0,0.23347712059815726,False,9.95,2026-09-23T16:26:29
stage2_large_id_06_to_self_recorded_fan_n40_decoder_only__fold3,stage2_large_id_06_to_self_recorded_fan_n40_decoder_only,3,large,id_06,self_recorded_fan,40,decoder_only,214239397,40,12360,5820,25536,19.46018200313922,6.895399010058531,9.96,1.0,1.0,7.688575419239459,1.0,1.0,0.6111111111111112,0.8275862068965517,0.38888888888888884,0.1724137931034483,0.47646484375000003,0.7984981226533167,0.98396484375,0.9580838323353292,0.5075000000000001,0.15958570968201258,0.0,0.0,0.0,0.1162828728556633,0.27037906646728516,0.3110506534576416,0.0,0.23257086426019669,False,10.01,2026-09-23T16:26:39
stage2_large_id_06_to_self_recorded_fan_n40_decoder_only__fold4,stage2_large_id_06_to_self_recorded_fan_n40_decoder_only,4,large,id_06,self_recorded_fan,40,decoder_only,469635782,40,12360,5820,25536,19.82568514715765,6.878558947867954,9.78,1.0,1.0,7.934290225831816,1.0,1.0,0.6666666666666666,0.8275862068965517,0.33333333333333337,0.1724137931034483,0.48611328125,0.7984981226533167,0.98396484375,0.9580838323353292,0.49785156250000007,0.15958570968201258,0.0,0.0,0.0,0.12290044873952866,0.29171258211135864,0.31748950481414795,0.0,0.24403417855501175,False,9.84,2026-09-23T16:26:49
stage2_large_id_06_to_self_recorded_fan_n40_decoder_only__fold5,stage2_large_id_06_to_self_recorded_fan_n40_decoder_only,5,large,id_06,self_recorded_fan,40,decoder_only,1401126038,40,12360,5820,25536,19.74542114906704,6.8113626131077405,9.12,1.0,1.0,8.835219734682223,1.0,1.0,0.6527777777777778,0.8275862068965517,0.3472222222222222,0.1724137931034483,0.48060546874999993,0.7984981226533167,0.98396484375,0.9580838323353292,0.503359375,0.15958570968201258,0.0,0.0,0.0,0.11627183109521866,0.26641643047332764,0.3053857684135437,0.0,0.22935800999403,False,9.19,2026-09-23T16:26:58
stage2_large_id_06_to_self_recorded_fan_n40_decoder_only__fold6,stage2_large_id_06_to_self_recorded_fan_n40_decoder_only,6,large,id_06,self_recorded_fan,40,decoder_only,799100884,40,12360,5820,25536,20.00599191606659,6.864602814015654,9.67,1.0,1.0,8.116133029800796,1.0,1.0,0.6388888888888888,0.8275862068965517,0.36111111111111116,0.1724137931034483,0.48712890625,0.7984981226533167,0.98396484375,0.9580838323353292,0.49683593750000005,0.15958570968201258,0.0,0.0,0.0,0.11418227106332779,0.27687156200408936,0.31257107853889465,0.0,0.23454163720210394,False,9.72,2026-09-23T16:27:08
stage2_large_id_06_to_self_recorded_fan_n40_decoder_only__fold7,stage2_large_id_06_to_self_recorded_fan_n40_decoder_only,7,large,id_06,self_recorded_fan,40,decoder_only,1135662322,40,12360,5820,25536,19.25156279691716,6.843473198487587,9.88,1.0,1.0,7.75467851156697,1.0,1.0,0.6666666666666666,0.8275862068965517,0.33333333333333337,0.1724137931034483,0.48171875000000003,0.7984981226533167,0.98396484375,0.9580838323353292,0.50224609375,0.15958570968201258,0.0,0.0,0.0,0.11451392620801926,0.275900274515152,0.31476566195487976,0.0,0.235059954226017,False,9.94,2026-09-23T16:27:18
stage2_large_id_06_to_self_recorded_fan_n40_decoder_only__fold8,stage2_large_id_06_to_self_recorded_fan_n40_decoder_only,8,large,id_06,self_recorded_fan,40,decoder_only,651754101,40,12360,5820,25536,19.646543537218545,6.830265204931043,9.73,1.0,1.0,7.31959403410429,1.0,1.0,0.5833333333333333,0.8275862068965517,0.41666666666666674,0.1724137931034483,0.48330078125,0.7984981226533167,0.98396484375,0.9580838323353292,0.5006640625000001,0.15958570968201258,0.0,0.0,0.0,0.12095537036657333,0.28866317868232727,0.319214791059494,0.0,0.24294444670279822,False,9.82,2026-09-23T16:27:28
stage2_large_id_06_to_self_recorded_fan_n40_decoder_only__fold9,stage2_large_id_06_to_self_recorded_fan_n40_decoder_only,9,large,id_06,self_recorded_fan,40,decoder_only,437111955,40,12360,5820,25536,20.01930178809412,6.63233378744617,9.76,1.0,1.0,7.961661685577434,1.0,1.0,0.6527777777777778,0.8333333333333334,0.3472222222222222,0.16666666666666663,0.48990234374999997,0.7984981226533167,0.98396484375,0.9580838323353292,0.49406250000000007,0.15958570968201258,0.0,0.0,0.0,0.12161429226398468,0.28518447279930115,0.3259269893169403,0.0,0.24424191812674204,False,9.82,2026-09-23T16:27:38
stage2_large_id_06_to_self_recorded_fan_n40_encoder_only__fold0,stage2_large_id_06_to_self_recorded_fan_n40_encoder_only,0,large,id_06,self_recorded_fan,40,encoder_only,813097546,40,12360,5820,25224,41.484950193424815,39.270634228421244,10.98,0.5555555555555556,0.8275862068965517,27.124214042737645,0.7058823529411765,1.0,0.6944444444444444,0.8333333333333334,-0.13888888888888884,-0.005747126436781658,0.8851171874999999,0.8669527896995708,0.98396484375,0.9580838323353292,0.09884765625000014,0.09113104263575844,0.2586893141269684,0.08596744388341904,0.3201676607131958,0.0,0.0,0.0,0.22160813957452774,0.0,True,11.04,2026-09-23T16:27:49
stage2_large_id_06_to_self_recorded_fan_n40_encoder_only__fold1,stage2_large_id_06_to_self_recorded_fan_n40_encoder_only,1,large,id_06,self_recorded_fan,40,encoder_only,2131340462,40,12360,5820,25224,42.05044012954555,40.01259593373722,10.89,0.5138888888888888,0.8275862068965517,24.258351032787928,0.7058823529411765,1.0,0.7083333333333334,0.8275862068965517,-0.19444444444444453,0.0,0.8753906250000001,0.8795518207282913,0.98396484375,0.9580838323353292,0.10857421874999995,0.07853201160703793,0.2286684215068817,0.09201843291521072,0.2576877474784851,0.0,0.0,0.0,0.1927915339668592,0.0,False,10.93,2026-09-23T16:28:00
stage2_large_id_06_to_self_recorded_fan_n40_encoder_only__fold2,stage2_large_id_06_to_self_recorded_fan_n40_encoder_only,2,large,id_06,self_recorded_fan,40,encoder_only,1835083339,40,12360,5820,25224,42.004674301933996,40.00914087983751,10.6,0.5138888888888888,0.8275862068965517,25.197066501506324,0.7058823529411765,1.0,0.6805555555555556,0.8275862068965517,-0.16666666666666674,0.0,0.8436328124999999,0.8758716875871687,0.98396484375,0.9580838323353292,0.14033203125000016,0.08221214474816052,0.24524952471256256,0.13184580206871033,0.21076102554798126,0.0,0.0,0.0,0.19595211744308472,0.0,False,10.65,2026-09-23T16:28:10
stage2_large_id_06_to_self_recorded_fan_n40_encoder_only__fold3,stage2_large_id_06_to_self_recorded_fan_n40_encoder_only,3,large,id_06,self_recorded_fan,40,encoder_only,486277036,40,12360,5820,25224,41.54096172765358,39.524192810058594,10.39,0.5416666666666667,0.8275862068965517,24.280910707986084,0.7058823529411765,1.0,0.6111111111111112,0.8275862068965517,-0.06944444444444442,0.0,0.8966015625,0.8701854493580599,0.98396484375,0.9580838323353292,0.08736328125000004,0.08789838297726937,0.26873862743377686,0.10136964172124863,0.30403631925582886,0.0,0.0,0.0,0.2247148628036181,0.0,False,10.44,2026-09-23T16:28:21
stage2_large_id_06_to_self_recorded_fan_n40_encoder_only__fold4,stage2_large_id_06_to_self_recorded_fan_n40_encoder_only,4,large,id_06,self_recorded_fan,40,encoder_only,1934529966,40,12360,5820,25224,42.71170277939629,40.729522213493425,11.11,0.5,0.8275862068965517,23.783796328942753,0.7058823529411765,1.0,0.6666666666666666,0.8275862068965517,-0.16666666666666663,0.0,0.8853515624999999,0.8948863636363636,0.98396484375,0.9580838323353292,0.09861328125000013,0.06319746869896559,0.22355587780475616,0.165258526802063,0.27115729451179504,0.0,0.0,0.0,0.2199905663728714,0.0,False,11.16,2026-09-23T16:28:32
stage2_large_id_06_to_self_recorded_fan_n40_encoder_only__fold5,stage2_large_id_06_to_self_recorded_fan_n40_encoder_only,5,large,id_06,self_recorded_fan,40,encoder_only,1279732591,40,12360,5820,25224,42.136555819167306,39.97827970367117,10.9,0.4861111111111111,0.8275862068965517,24.449236126007772,0.7058823529411765,1.0,0.6527777777777778,0.8275862068965517,-0.16666666666666669,0.0,0.8911132812500001,0.8701854493580599,0.98396484375,0.9580838323353292,0.09285156249999993,0.08789838297726937,0.27013108134269714,0.1388072967529297,0.3475207984447479,0.0,0.0,0.0,0.25215305884679157,0.0,False,10.95,2026-09-23T16:28:43
stage2_large_id_06_to_self_recorded_fan_n40_encoder_only__fold6,stage2_large_id_06_to_self_recorded_fan_n40_encoder_only,6,large,id_06,self_recorded_fan,40,encoder_only,1236608065,40,12360,5820,25224,42.893336895814876,40.749933537748674,10.85,0.5138888888888888,0.8275862068965517,23.505272689374905,0.7058823529411765,1.0,0.6388888888888888,0.8275862068965517,-0.125,0.0,0.8984960937500001,0.8714285714285714,0.98396484375,0.9580838323353292,0.08546874999999998,0.08665526090675779,0.26038748025894165,0.10899390280246735,0.29247671365737915,0.0,0.0,0.0,0.22061936557292938,0.0,False,10.9,2026-09-23T16:28:54
stage2_large_id_06_to_self_recorded_fan_n40_encoder_only__fold7,stage2_large_id_06_to_self_recorded_fan_n40_encoder_only,7,large,id_06,self_recorded_fan,40,encoder_only,78563058,40,12360,5820,25224,42.52522030073343,40.4163089437583,10.94,0.4861111111111111,0.8275862068965517,22.79509145002149,0.7058823529411765,1.0,0.6666666666666666,0.8275862068965517,-0.18055555555555552,0.0,0.8963671875,0.8731988472622478,0.98396484375,0.9580838323353292,0.08759765625000004,0.0848849850730814,0.2618057429790497,0.11803697794675827,0.3623550236225128,0.0,0.0,0.0,0.2473992481827736,0.0,False,11.01,2026-09-23T16:29:05
stage2_large_id_06_to_self_recorded_fan_n40_encoder_only__fold8,stage2_large_id_06_to_self_recorded_fan_n40_encoder_only,8,large,id_06,self_recorded_fan,40,encoder_only,1190408545,40,12360,5820,25224,42.387691989387434,40.334221043537575,10.61,0.5,0.8275862068965517,23.485471824226256,0.7058823529411765,1.0,0.5833333333333333,0.8275862068965517,-0.08333333333333326,0.0,0.9033203125,0.8787446504992867,0.98396484375,0.9580838323353292,0.08064453125000004,0.0793391818360425,0.24523448944091797,0.10658060014247894,0.35380709171295166,0.0,0.0,0.0,0.23520739376544952,0.0,False,10.68,2026-09-23T16:29:16
stage2_large_id_06_to_self_recorded_fan_n40_encoder_only__fold9,stage2_large_id_06_to_self_recorded_fan_n40_encoder_only,9,large,id_06,self_recorded_fan,40,encoder_only,2075119673,40,12360,5820,25224,43.16991629059782,41.08743311695217,10.75,0.5,0.8275862068965517,23.468275212161362,0.7058823529411765,1.0,0.6527777777777778,0.8333333333333334,-0.1527777777777778,-0.005747126436781658,0.85623046875,0.8798882681564246,0.98396484375,0.9580838323353292,0.12773437500000007,0.07819556417890461,0.26163485646247864,0.15404152870178223,0.29903337359428406,0.0,0.0,0.0,0.2382365862528483,0.0,False,10.81,2026-09-23T16:29:26
stage2_large_id_06_to_self_recorded_fan_n40_full__fold0,stage2_large_id_06_to_self_recorded_fan_n40_full,0,large,id_06,self_recorded_fan,40,full,362351711,40,12360,5820,50760,18.676550673455306,5.240948738511076,12.46,1.0,1.0,8.611945524158575,1.0,1.0,0.6944444444444444,0.8333333333333334,0.3055555555555556,0.16666666666666663,0.33052734375000004,0.7984981226533167,0.98396484375,0.9580838323353292,0.6534375,0.15958570968201258,0.3243880271911621,0.10081958025693893,0.14698418974876404,0.08887739479541779,0.243092879652977,0.27547699213027954,0.1907305990656217,0.20248242219289145,True,12.52,2026-09-23T16:24:07
stage2_large_id_06_to_self_recorded_fan_n40_full__fold1,stage2_large_id_06_to_self_recorded_fan_n40_full,1,large,id_06,self_recorded_fan,40,full,1357842067,40,12360,5820,50760,18.884277058630875,5.488917923465218,12.59,1.0,1.0,7.4820374984128515,1.0,1.0,0.7083333333333334,0.8275862068965517,0.29166666666666663,0.1724137931034483,0.2452734375,0.7984981226533167,0.98396484375,0.9580838323353292,0.7386914062500001,0.15958570968201258,0.34006792306900024,0.09779852628707886,0.16575001180171967,0.07304508239030838,0.24260106682777405,0.268996924161911,0.20120548705259958,0.1948810244599978,False,12.64,2026-09-23T16:24:20
stage2_large_id_06_to_self_recorded_fan_n40_full__fold2,stage2_large_id_06_to_self_recorded_fan_n40_full,2,large,id_06,self_recorded_fan,40,full,356232651,40,12360,5820,50760,19.074251489540966,5.495704668084371,12.45,1.0,1.0,6.230199510525646,1.0,1.0,0.6805555555555556,0.8275862068965517,0.3194444444444444,0.1724137931034483,0.26486328124999997,0.7984981226533167,0.98396484375,0.9580838323353292,0.7191015625000001,0.15958570968201258,0.34109219908714294,0.09764236211776733,0.1387968212366104,0.07672353088855743,0.23688003420829773,0.295624315738678,0.19251046081384024,0.20307596027851105,False,12.5,2026-09-23T16:24:33
stage2_large_id_06_to_self_recorded_fan_n40_full__fold3,stage2_large_id_06_to_self_recorded_fan_n40_full,3,large,id_06,self_recorded_fan,40,full,1790814570,40,12360,5820,50760,18.93824773473838,5.445240037957418,12.33,1.0,1.0,6.649165161498049,1.0,1.0,0.6111111111111112,0.8275862068965517,0.38888888888888884,0.1724137931034483,0.23337890625000002,0.7984981226533167,0.98396484375,0.9580838323353292,0.7505859375,0.15958570968201258,0.32624009251594543,0.12097849696874619,0.09522214531898499,0.07644631713628769,0.21247653663158417,0.3138110935688019,0.1808135782678922,0.20091131577889124,False,12.4,2026-09-23T16:24:45
stage2_large_id_06_to_self_recorded_fan_n40_full__fold4,stage2_large_id_06_to_self_recorded_fan_n40_full,4,large,id_06,self_recorded_fan,40,full,810385811,40,12360,5820,50760,19.127958656586323,5.448777648591504,12.32,1.0,1.0,6.5734225341003665,1.0,1.0,0.6666666666666666,0.8275862068965517,0.33333333333333337,0.1724137931034483,0.30326171874999996,0.7984981226533167,0.98396484375,0.9580838323353292,0.6807031250000001,0.15958570968201258,0.34319359064102173,0.09802509844303131,0.2281694859266281,0.07020822912454605,0.223525270819664,0.29040640592575073,0.22312939167022705,0.1947133019566536,False,12.38,2026-09-23T16:24:57
stage2_large_id_06_to_self_recorded_fan_n40_full__fold5,stage2_large_id_06_to_self_recorded_fan_n40_full,5,large,id_06,self_recorded_fan,40,full,1273965444,40,12360,5820,50760,19.02005020121938,5.4548887690317995,12.24,1.0,1.0,7.38302072550994,1.0,1.0,0.6527777777777778,0.8275862068965517,0.3472222222222222,0.1724137931034483,0.24384765625000002,0.7984981226533167,0.98396484375,0.9580838323353292,0.7401171875,0.15958570968201258,0.3246679902076721,0.0969117060303688,0.11313565075397491,0.08387191593647003,0.22719085216522217,0.2888864278793335,0.17823844899733862,0.19998306532700857,False,12.3,2026-09-23T16:25:10
stage2_large_id_06_to_self_recorded_fan_n40_full__fold6,stage2_large_id_06_to_self_recorded_fan_n40_full,6,large,id_06,self_recorded_fan,40,full,1023667709,40,12360,5820,50760,19.30059730883726,5.568327323677614,12.38,1.0,1.0,6.24780953808346,1.0,1.0,0.6388888888888888,0.8275862068965517,0.36111111111111116,0.1724137931034483,0.26056640625000005,0.7984981226533167,0.98396484375,0.9580838323353292,0.7233984375,0.15958570968201258,0.338278204202652,0.09881407767534256,0.14554575085639954,0.07625889033079147,0.22986547648906708,0.26290661096572876,0.19421267757813135,0.18967699259519577,False,12.44,2026-09-23T16:25:22
stage2_large_id_06_to_self_recorded_fan_n40_full__fold7,stage2_large_id_06_to_self_recorded_fan_n40_full,7,large,id_06,self_recorded_fan,40,full,943803158,40,12360,5820,50760,18.77509907594661,5.4649194786229085,12.4,1.0,1.0,6.352860889336386,1.0,1.0,0.6666666666666666,0.8275862068965517,0.33333333333333337,0.1724137931034483,0.26943359375000003,0.7984981226533167,0.98396484375,0.9580838323353292,0.7145312500000001,0.15958570968201258,0.34219297766685486,0.1004345566034317,0.09644109010696411,0.08844869583845139,0.24323932826519012,0.26482605934143066,0.17968954145908356,0.19883802781502405,False,12.46,2026-09-23T16:25:35
stage2_large_id_06_to_self_recorded_fan_n40_full__fold8,stage2_large_id_06_to_self_recorded_fan_n40_full,8,large,id_06,self_recorded_fan,40,full,1920602153,40,12360,5820,50760,18.999884526754162,5.337824293018616,12.54,1.0,1.0,5.626676628610954,1.0,1.0,0.5833333333333333,0.8275862068965517,0.41666666666666674,0.1724137931034483,0.27099609375,0.7984981226533167,0.98396484375,0.9580838323353292,0.71296875,0.15958570968201258,0.33060789108276367,0.09629226475954056,0.10207780450582504,0.0717150866985321,0.22792953252792358,0.3402114510536194,0.17632598678270975,0.21328535676002502,False,12.6,2026-09-23T16:25:47
stage2_large_id_06_to_self_recorded_fan_n40_full__fold9,stage2_large_id_06_to_self_recorded_fan_n40_full,9,large,id_06,self_recorded_fan,40,full,1153618187,40,12360,5820,50760,19.374665161998003,5.361000734506194,12.42,1.0,1.0,6.3760694557929245,1.0,1.0,0.6527777777777778,0.8333333333333334,0.3472222222222222,0.16666666666666663,0.25820312500000003,0.7984981226533167,0.98396484375,0.9580838323353292,0.7257617187500001,0.15958570968201258,0.34057459235191345,0.09491606801748276,0.14509911835193634,0.07910483330488205,0.2283092439174652,0.2694120705127716,0.19352992624044418,0.19227538257837296,False,12.48,2026-09-23T16:26:00
stage2_large_id_06_to_self_recorded_fan_n5_bottleneck_only__fold0,stage2_large_id_06_to_self_recorded_fan_n5_bottleneck_only,0,large,id_06,self_recorded_fan,5,bottleneck_only,1935285630,5,1545,750,1096,43.44496078491211,35.90539962768555,1.25,0.4583333333333333,0.8275862068965517,26.62238277818007,0.7058823529411765,1.0,0.6944444444444444,0.8333333333333334,-0.2361111111111111,-0.005747126436781658,0.9368359374999999,0.8948863636363636,0.98396484375,0.9580838323353292,0.0471289062500001,0.06319746869896559,0.0,0.0,0.0801970362663269,0.07528773695230484,0.0,0.0,0.026732345422108967,0.025095912317434948,True,1.31,2026-09-23T16:18:19
stage2_large_id_06_to_self_recorded_fan_n5_bottleneck_only__fold1,stage2_large_id_06_to_self_recorded_fan_n5_bottleneck_only,1,large,id_06,self_recorded_fan,5,bottleneck_only,480323542,5,1545,750,1096,38.78523330688476,34.63866668701172,1.24,0.5138888888888888,0.8275862068965517,24.43292482616832,0.7058823529411765,1.0,0.7083333333333334,0.8275862068965517,-0.19444444444444453,0.0,0.95830078125,0.9325337331334332,0.98396484375,0.9580838323353292,0.025664062500000084,0.025550099201895993,0.0,0.0,0.08703796565532684,0.07499256730079651,0.0,0.0,0.02901265521844228,0.024997522433598835,False,1.28,2026-09-23T16:18:20
stage2_large_id_06_to_self_recorded_fan_n5_bottleneck_only__fold2,stage2_large_id_06_to_self_recorded_fan_n5_bottleneck_only,2,large,id_06,self_recorded_fan,5,bottleneck_only,599285482,5,1545,750,1096,47.65975799560547,41.498355865478516,1.22,0.5138888888888888,0.8275862068965517,25.509005037326258,0.7058823529411765,1.0,0.6805555555555556,0.8275862068965517,-0.16666666666666674,0.0,0.9612499999999999,0.9235382308845578,0.98396484375,0.9580838323353292,0.022714843750000102,0.03454560145077146,0.0,0.0,0.07951884716749191,0.07483187317848206,0.0,0.0,0.02650628238916397,0.024943957726160686,False,1.27,2026-09-23T16:18:21
stage2_large_id_06_to_self_recorded_fan_n5_bottleneck_only__fold3,stage2_large_id_06_to_self_recorded_fan_n5_bottleneck_only,3,large,id_06,self_recorded_fan,5,bottleneck_only,1756572028,5,1545,750,1096,45.41892562866211,40.86586212158203,1.35,0.5138888888888888,0.8275862068965517,24.8874494311879,0.7058823529411765,1.0,0.6111111111111112,0.8275862068965517,-0.09722222222222232,0.0,0.9551953124999999,0.9197080291970803,0.98396484375,0.9580838323353292,0.028769531250000147,0.038375803138248954,0.0,0.0,0.06830771267414093,0.07499313354492188,0.0,0.0,0.022769237558046978,0.024997711181640625,False,1.41,2026-09-23T16:18:23
stage2_large_id_06_to_self_recorded_fan_n5_bottleneck_only__fold4,stage2_large_id_06_to_self_recorded_fan_n5_bottleneck_only,4,large,id_06,self_recorded_fan,5,bottleneck_only,2120658108,5,1545,750,1096,39.05603012084961,34.72341796875,1.42,0.5138888888888888,0.8275862068965517,23.787787144238123,0.7058823529411765,1.0,0.6666666666666666,0.8275862068965517,-0.1527777777777778,0.0,0.9687890625,0.9381598793363499,0.98396484375,0.9580838323353292,0.015175781250000075,0.01992395299897931,0.0,0.0,0.07981017976999283,0.06965327262878418,0.0,0.0,0.026603393256664276,0.02321775754292806,False,1.47,2026-09-23T16:18:24
stage2_large_id_06_to_self_recorded_fan_n5_bottleneck_only__fold5,stage2_large_id_06_to_self_recorded_fan_n5_bottleneck_only,5,large,id_06,self_recorded_fan,5,bottleneck_only,1893891619,5,1545,750,1096,38.99119873046875,33.66723365783692,1.37,0.4722222222222222,0.8275862068965517,23.9968669916048,0.7058823529411765,1.0,0.6527777777777778,0.8275862068965517,-0.18055555555555558,0.0,0.94560546875,0.9064327485380117,0.98396484375,0.9580838323353292,0.038359375000000084,0.05165108379731753,0.0,0.0,0.08462446928024292,0.06903443485498428,0.0,0.0,0.02820815642674764,0.023011478284994762,False,1.42,2026-09-23T16:18:26
stage2_large_id_06_to_self_recorded_fan_n5_bottleneck_only__fold6,stage2_large_id_06_to_self_recorded_fan_n5_bottleneck_only,6,large,id_06,self_recorded_fan,5,bottleneck_only,1594887688,5,1545,750,1096,45.13525604248047,39.517029724121095,1.22,0.5,0.8275862068965517,23.740686342554184,0.7058823529411765,1.0,0.6388888888888888,0.8275862068965517,-0.13888888888888884,0.0,0.9574609375,0.9263157894736842,0.98396484375,0.9580838323353292,0.026503906249999987,0.03176804286164503,0.0,0.0,0.0790741890668869,0.0787372812628746,0.0,0.0,0.026358063022295635,0.026245760420958202,False,1.26,2026-09-23T16:18:27
stage2_large_id_06_to_self_recorded_fan_n5_bottleneck_only__fold7,stage2_large_id_06_to_self_recorded_fan_n5_bottleneck_only,7,large,id_06,self_recorded_fan,5,bottleneck_only,1507661549,5,1545,750,1096,41.31159240722656,34.52849082946777,1.18,0.41666666666666663,0.8275862068965517,22.28267963495841,0.7058823529411765,1.0,0.6666666666666666,0.8275862068965517,-0.25,0.0,0.9274414062499999,0.8888888888888888,0.98396484375,0.9580838323353292,0.05652343750000011,0.0691949434464404,0.0,0.0,0.07966916263103485,0.07505775988101959,0.0,0.0,0.026556387543678284,0.0250192532936732,False,1.23,2026-09-23T16:18:28
stage2_large_id_06_to_self_recorded_fan_n5_bottleneck_only__fold8,stage2_large_id_06_to_self_recorded_fan_n5_bottleneck_only,8,large,id_06,self_recorded_fan,5,bottleneck_only,1122392144,5,1545,750,1096,43.44361602783203,39.23295333862305,1.19,0.5277777777777777,0.8275862068965517,24.956989288330078,0.7058823529411765,1.0,0.5833333333333333,0.8275862068965517,-0.05555555555555558,0.0,0.9678515625,0.9351432880844646,0.98396484375,0.9580838323353292,0.01611328125,0.02294054425086467,0.0,0.0,0.04158346727490425,0.07149353623390198,0.0,0.0,0.013861155758301416,0.02383117874463399,False,1.24,2026-09-23T16:18:29
stage2_large_id_06_to_self_recorded_fan_n5_bottleneck_only__fold9,stage2_large_id_06_to_self_recorded_fan_n5_bottleneck_only,9,large,id_06,self_recorded_fan,5,bottleneck_only,1425388479,5,1545,750,1096,47.74128448486328,40.3079867553711,1.18,0.4444444444444445,0.8275862068965517,22.998374297009317,0.7058823529411765,1.0,0.6527777777777778,0.8333333333333334,-0.20833333333333331,-0.005747126436781658,0.9583593750000001,0.918429003021148,0.98396484375,0.9580838323353292,0.025605468749999916,0.039654829314181184,0.0,0.0,0.06943715363740921,0.0746038407087326,0.0,0.0,0.023145717879136402,0.02486794690291087,False,1.23,2026-09-23T16:18:30
stage2_large_id_06_to_self_recorded_fan_n5_decoder_only__fold0,stage2_large_id_06_to_self_recorded_fan_n5_decoder_only,0,large,id_06,self_recorded_fan,5,decoder_only,1932797052,5,1545,750,25536,36.52385299682617,7.793598899841308,1.2,0.6527777777777778,0.8571428571428571,8.145038134187672,0.75,1.0,0.6944444444444444,0.8333333333333334,-0.04166666666666663,0.023809523809523725,0.28625,0.7984981226533167,0.98396484375,0.9580838323353292,0.69771484375,0.15958570968201258,0.0,0.0,0.0,0.046920862048864365,0.10650844871997833,0.12812502682209015,0.0,0.09385144586364429,True,1.25,2026-09-23T16:17:51
stage2_large_id_06_to_self_recorded_fan_n5_decoder_only__fold1,stage2_large_id_06_to_self_recorded_fan_n5_decoder_only,1,large,id_06,self_recorded_fan,5,decoder_only,641877661,5,1545,750,25536,33.12426986694336,7.356864852905273,1.22,0.625,0.8275862068965517,7.408064157060049,0.7058823529411765,1.0,0.7083333333333334,0.8275862068965517,-0.08333333333333337,0.0,0.32447265625,0.7984981226533167,0.98396484375,0.9580838323353292,0.6594921875,0.15958570968201258,0.0,0.0,0.0,0.04817615821957588,0.1152515783905983,0.11239012330770493,0.0,0.09193928663929303,False,1.27,2026-09-23T16:17:52
stage2_large_id_06_to_self_recorded_fan_n5_decoder_only__fold2,stage2_large_id_06_to_self_recorded_fan_n5_decoder_only,2,large,id_06,self_recorded_fan,5,decoder_only,1516569006,5,1545,750,25536,40.43112579345703,7.569892406463623,1.19,0.7083333333333335,0.8571428571428571,7.865677819552815,0.75,1.0,0.6805555555555556,0.8275862068965517,0.0277777777777779,0.029556650246305383,0.33113281250000004,0.7984981226533167,0.98396484375,0.9580838323353292,0.65283203125,0.15958570968201258,0.0,0.0,0.0,0.053477562963962555,0.12233095616102219,0.14278151094913483,0.0,0.10619667669137318,False,1.24,2026-09-23T16:17:53
stage2_large_id_06_to_self_recorded_fan_n5_decoder_only__fold3,stage2_large_id_06_to_self_recorded_fan_n5_decoder_only,3,large,id_06,self_recorded_fan,5,decoder_only,1466503723,5,1545,750,25536,38.75228988647461,9.754932899475097,1.29,0.7083333333333334,0.8275862068965517,7.818986469873718,0.7058823529411765,1.0,0.6111111111111112,0.8275862068965517,0.09722222222222221,0.0,0.2476953125,0.7984981226533167,0.98396484375,0.9580838323353292,0.73626953125,0.15958570968201258,0.0,0.0,0.0,0.04475082457065582,0.10324156284332275,0.1146286353468895,0.0,0.08754034092028935,False,1.34,2026-09-23T16:17:54
stage2_large_id_06_to_self_recorded_fan_n5_decoder_only__fold4,stage2_large_id_06_to_self_recorded_fan_n5_decoder_only,4,large,id_06,self_recorded_fan,5,decoder_only,643552802,5,1545,750,25536,33.32623268127441,8.039319801330567,1.37,0.7222222222222222,0.8571428571428571,7.1733445421247275,0.75,1.0,0.6666666666666666,0.8275862068965517,0.05555555555555558,0.029556650246305383,0.2991015625,0.7984981226533167,0.98396484375,0.9580838323353292,0.6848632812500001,0.15958570968201258,0.0,0.0,0.0,0.04672451689839363,0.11368346959352493,0.11192324757575989,0.0,0.09077707802255948,False,1.42,2026-09-23T16:17:56
stage2_large_id_06_to_self_recorded_fan_n5_decoder_only__fold5,stage2_large_id_06_to_self_recorded_fan_n5_decoder_only,5,large,id_06,self_recorded_fan,5,decoder_only,1590614265,5,1545,750,25536,33.1438663482666,8.436100940704346,1.5,0.7083333333333334,0.8333333333333334,9.980042258016775,0.8333333333333334,0.8333333333333334,0.6527777777777778,0.8275862068965517,0.05555555555555558,0.005747126436781658,0.27763671874999996,0.7984981226533167,0.98396484375,0.9580838323353292,0.7063281250000001,0.15958570968201258,0.0,0.0,0.0,0.041246362030506134,0.08629054576158524,0.11132699996232986,0.0,0.07962130258480708,False,1.57,2026-09-23T16:17:57
stage2_large_id_06_to_self_recorded_fan_n5_decoder_only__fold6,stage2_large_id_06_to_self_recorded_fan_n5_decoder_only,6,large,id_06,self_recorded_fan,5,decoder_only,591210175,5,1545,750,25536,38.72134429931641,8.327561874389648,1.21,0.75,0.88,9.04840006450581,0.8461538461538461,0.9166666666666666,0.6388888888888888,0.8275862068965517,0.11111111111111116,0.05241379310344829,0.2986328125,0.7984981226533167,0.98396484375,0.9580838323353292,0.68533203125,0.15958570968201258,0.0,0.0,0.0,0.05380377173423767,0.1211494728922844,0.13353504240512848,0.0,0.10282942901055019,False,1.27,2026-09-23T16:17:59
stage2_large_id_06_to_self_recorded_fan_n5_decoder_only__fold7,stage2_large_id_06_to_self_recorded_fan_n5_decoder_only,7,large,id_06,self_recorded_fan,5,decoder_only,865582123,5,1545,750,25536,35.10528907775879,7.335365161895752,1.21,0.5833333333333334,0.8461538461538461,9.559903283809083,0.7857142857142857,0.9166666666666666,0.6666666666666666,0.8275862068965517,-0.08333333333333326,0.018567639257294433,0.301875,0.7984981226533167,0.98396484375,0.9580838323353292,0.68208984375,0.15958570968201258,0.0,0.0,0.0,0.04386594519019127,0.10067211091518402,0.11340221017599106,0.0,0.08598008876045544,False,1.26,2026-09-23T16:18:00
stage2_large_id_06_to_self_recorded_fan_n5_decoder_only__fold8,stage2_large_id_06_to_self_recorded_fan_n5_decoder_only,8,large,id_06,self_recorded_fan,5,decoder_only,156476381,5,1545,750,25536,36.377195816040036,7.9421295547485355,1.24,0.7916666666666667,0.9230769230769231,8.81751199096109,0.8571428571428571,1.0,0.5833333333333333,0.8275862068965517,0.20833333333333348,0.09549071618037142,0.2555078125,0.7984981226533167,0.98396484375,0.9580838323353292,0.72845703125,0.15958570968201258,0.0,0.0,0.0,0.02473394013941288,0.06911669671535492,0.1076747328042984,0.0,0.06717512321968873,False,1.29,2026-09-23T16:18:01
stage2_large_id_06_to_self_recorded_fan_n5_decoder_only__fold9,stage2_large_id_06_to_self_recorded_fan_n5_decoder_only,9,large,id_06,self_recorded_fan,5,decoder_only,642793058,5,1545,750,25536,40.23350982666015,7.423184795379639,1.2,0.6944444444444444,0.8571428571428571,7.411287639681351,0.75,1.0,0.6527777777777778,0.8333333333333334,0.04166666666666663,0.023809523809523725,0.33722656250000005,0.7984981226533167,0.98396484375,0.9580838323353292,0.64673828125,0.15958570968201258,0.0,0.0,0.0,0.04239325597882271,0.10730137676000595,0.13068391382694244,0.0,0.0934595155219237,False,1.25,2026-09-23T16:18:03
stage2_large_id_06_to_self_recorded_fan_n5_encoder_only__fold0,stage2_large_id_06_to_self_recorded_fan_n5_encoder_only,0,large,id_06,self_recorded_fan,5,encoder_only,1550800424,5,1545,750,25224,42.4400163269043,38.65124740600586,1.35,0.5555555555555556,0.8275862068965517,27.519981797844846,0.7058823529411765,1.0,0.6944444444444444,0.8333333333333334,-0.13888888888888884,-0.005747126436781658,0.90203125,0.8789986091794159,0.98396484375,0.9580838323353292,0.08193359375000009,0.07908522315591338,0.11517448723316193,0.03986329957842827,0.09661964327096939,0.0,0.0,0.0,0.08388581002751987,0.0,True,1.41,2026-09-23T16:18:04
stage2_large_id_06_to_self_recorded_fan_n5_encoder_only__fold1,stage2_large_id_06_to_self_recorded_fan_n5_encoder_only,1,large,id_06,self_recorded_fan,5,encoder_only,778025047,5,1545,750,25224,38.070306549072264,35.888651275634764,1.32,0.5416666666666667,0.8275862068965517,24.588874940347516,0.7058823529411765,1.0,0.7083333333333334,0.8275862068965517,-0.16666666666666663,0.0,0.85451171875,0.8653846153846154,0.98396484375,0.9580838323353292,0.12945312500000006,0.09269921695071381,0.099513478577137,0.03399321064352989,0.06793376803398132,0.0,0.0,0.0,0.06714681908488274,0.0,False,1.36,2026-09-23T16:18:05
stage2_large_id_06_to_self_recorded_fan_n5_encoder_only__fold2,stage2_large_id_06_to_self_recorded_fan_n5_encoder_only,2,large,id_06,self_recorded_fan,5,encoder_only,466006573,5,1545,750,25224,47.41779342651367,45.362154998779296,1.35,0.5277777777777777,0.8275862068965517,26.54430298666352,0.7058823529411765,1.0,0.6805555555555556,0.8275862068965517,-0.1527777777777779,0.0,0.79095703125,0.8653846153846154,0.98396484375,0.9580838323353292,0.1930078125,0.09269921695071381,0.12270325422286987,0.04013993591070175,0.07965929806232452,0.0,0.0,0.0,0.08083416273196538,0.0,False,1.4,2026-09-23T16:18:07
stage2_large_id_06_to_self_recorded_fan_n5_encoder_only__fold3,stage2_large_id_06_to_self_recorded_fan_n5_encoder_only,3,large,id_06,self_recorded_fan,5,encoder_only,1948885144,5,1545,750,25224,45.574880828857424,44.27388412475586,1.45,0.5555555555555556,0.8275862068965517,24.73245681219502,0.7058823529411765,1.0,0.6111111111111112,0.8275862068965517,-0.05555555555555558,0.0,0.84986328125,0.8775790921595599,0.98396484375,0.9580838323353292,0.13410156250000005,0.08050474017576936,0.10724647343158722,0.037066198885440826,0.06253183633089066,0.0,0.0,0.0,0.06894816954930623,0.0,False,1.5,2026-09-23T16:18:08
stage2_large_id_06_to_self_recorded_fan_n5_encoder_only__fold4,stage2_large_id_06_to_self_recorded_fan_n5_encoder_only,4,large,id_06,self_recorded_fan,5,encoder_only,81420435,5,1545,750,25224,38.113326721191406,36.58920120239258,1.55,0.5555555555555556,0.8275862068965517,24.141041400748936,0.7058823529411765,1.0,0.6666666666666666,0.8275862068965517,-0.11111111111111105,0.0,0.85544921875,0.8552097428958051,0.98396484375,0.9580838323353292,0.12851562500000002,0.10287408943952414,0.08296038210391998,0.02802785485982895,0.04860880598425865,0.0,0.0,0.0,0.053199014316002526,0.0,False,1.62,2026-09-23T16:18:10
stage2_large_id_06_to_self_recorded_fan_n5_encoder_only__fold5,stage2_large_id_06_to_self_recorded_fan_n5_encoder_only,5,large,id_06,self_recorded_fan,5,encoder_only,1476818113,5,1545,750,25224,37.654226837158205,35.69475112915039,1.61,0.5277777777777778,0.8275862068965517,24.802218841503354,0.7058823529411765,1.0,0.6527777777777778,0.8275862068965517,-0.125,0.0,0.9115624999999999,0.8863636363636364,0.98396484375,0.9580838323353292,0.0724023437500001,0.07172019597169288,0.11872879415750504,0.04493941366672516,0.053022198379039764,0.0,0.0,0.0,0.07223013540108998,0.0,False,1.66,2026-09-23T16:18:12
stage2_large_id_06_to_self_recorded_fan_n5_encoder_only__fold6,stage2_large_id_06_to_self_recorded_fan_n5_encoder_only,6,large,id_06,self_recorded_fan,5,encoder_only,991622284,5,1545,750,25224,44.87377944946289,42.17929412841797,1.38,0.5138888888888888,0.8275862068965517,24.512680887018593,0.7058823529411765,1.0,0.6388888888888888,0.8275862068965517,-0.125,0.0,0.81728515625,0.8713692946058091,0.98396484375,0.9580838323353292,0.16667968750000006,0.08671453772952009,0.12585923075675964,0.04261501133441925,0.07565823197364807,0.0,0.0,0.0,0.08137749135494232,0.0,False,1.42,2026-09-23T16:18:13
stage2_large_id_06_to_self_recorded_fan_n5_encoder_only__fold7,stage2_large_id_06_to_self_recorded_fan_n5_encoder_only,7,large,id_06,self_recorded_fan,5,encoder_only,1827933408,5,1545,750,25224,40.243900299072266,36.69771484375,1.34,0.4861111111111111,0.8275862068965517,23.129382439030028,0.7058823529411765,1.0,0.6666666666666666,0.8275862068965517,-0.18055555555555552,0.0,0.912578125,0.8827160493827161,0.98396484375,0.9580838323353292,0.07138671875000002,0.07536778295261315,0.10558834671974182,0.046867817640304565,0.10770957171916962,0.0,0.0,0.0,0.08672191202640533,0.0,False,1.39,2026-09-23T16:18:14
stage2_large_id_06_to_self_recorded_fan_n5_encoder_only__fold8,stage2_large_id_06_to_self_recorded_fan_n5_encoder_only,8,large,id_06,self_recorded_fan,5,encoder_only,245355132,5,1545,750,25224,43.52298934936523,42.95756118774414,1.4,0.5555555555555556,0.8275862068965517,25.545849580980814,0.7058823529411765,1.0,0.5833333333333333,0.8275862068965517,-0.02777777777777768,0.0,0.9683007812500001,0.9395770392749244,0.98396484375,0.9580838323353292,0.015664062499999964,0.018506793060404814,0.08774317055940628,0.024014748632907867,0.04085797443985939,0.0,0.0,0.0,0.050871964544057846,0.0,False,1.45,2026-09-23T16:18:16
stage2_large_id_06_to_self_recorded_fan_n5_encoder_only__fold9,stage2_large_id_06_to_self_recorded_fan_n5_encoder_only,9,large,id_06,self_recorded_fan,5,encoder_only,525640934,5,1545,750,25224,47.37775650024414,43.355745239257814,1.45,0.5,0.8275862068965517,24.059689635983563,0.7058823529411765,1.0,0.6527777777777778,0.8333333333333334,-0.1527777777777778,-0.005747126436781658,0.8606640624999999,0.8739495798319328,0.98396484375,0.9580838323353292,0.1233007812500001,0.08413425250339646,0.09448907524347305,0.035129889845848083,0.08035317063331604,0.0,0.0,0.0,0.06999071190754573,0.0,False,1.5,2026-09-23T16:18:17
stage2_large_id_06_to_self_recorded_fan_n5_full__fold0,stage2_large_id_06_to_self_recorded_fan_n5_full,0,large,id_06,self_recorded_fan,5,full,1779653242,5,1545,750,50760,35.516892166137694,5.047708015441895,1.53,0.7361111111111112,0.8571428571428571,5.620903365727288,0.75,1.0,0.6944444444444444,0.8333333333333334,0.04166666666666674,0.023809523809523725,0.37255859375,0.7984981226533167,0.98396484375,0.9580838323353292,0.61140625,0.15958570968201258,0.0940517783164978,0.03743681684136391,0.048891808837652206,0.06362113356590271,0.08068446069955826,0.15029655396938324,0.060126801331837974,0.0982007160782814,True,1.58,2026-09-23T16:17:34
stage2_large_id_06_to_self_recorded_fan_n5_full__fold1,stage2_large_id_06_to_self_recorded_fan_n5_full,1,large,id_06,self_recorded_fan,5,full,1397119229,5,1545,750,50760,32.33665992736817,5.798481388092041,1.53,0.6805555555555556,0.8888888888888888,7.640182690907258,0.8,1.0,0.7083333333333334,0.8275862068965517,-0.02777777777777779,0.06130268199233713,0.32158203125,0.7984981226533167,0.98396484375,0.9580838323353292,0.6623828125,0.15958570968201258,0.08300452679395676,0.028232039883732796,0.050031714141368866,0.030623026192188263,0.07618185132741928,0.11731445789337158,0.053756093606352806,0.07470644513765971,False,1.57,2026-09-23T16:17:36
stage2_large_id_06_to_self_recorded_fan_n5_full__fold2,stage2_large_id_06_to_self_recorded_fan_n5_full,2,large,id_06,self_recorded_fan,5,full,1449923217,5,1545,750,50760,39.66026870727539,5.24116060256958,1.53,0.7916666666666666,0.8888888888888888,6.831475037446931,0.8,1.0,0.6805555555555556,0.8275862068965517,0.11111111111111105,0.06130268199233713,0.38300781250000004,0.7984981226533167,0.98396484375,0.9580838323353292,0.60095703125,0.15958570968201258,0.08715922385454178,0.028920205309987068,0.05771674960851669,0.03164491057395935,0.07996302843093872,0.150918647646904,0.05793205959101518,0.08750886221726735,False,1.58,2026-09-23T16:17:38
stage2_large_id_06_to_self_recorded_fan_n5_full__fold3,stage2_large_id_06_to_self_recorded_fan_n5_full,3,large,id_06,self_recorded_fan,5,full,461249864,5,1545,750,50760,38.24107276916504,8.070159072875976,1.53,0.875,0.8571428571428571,7.113006736654866,0.75,1.0,0.6111111111111112,0.8275862068965517,0.26388888888888884,0.029556650246305383,0.3628125,0.7984981226533167,0.98396484375,0.9580838323353292,0.6211523437500001,0.15958570968201258,0.09803920984268188,0.031590599566698074,0.04835084080696106,0.034237898886203766,0.07382313162088394,0.12801659107208252,0.059326883405447006,0.07869254052639008,False,1.58,2026-09-23T16:17:39
stage2_large_id_06_to_self_recorded_fan_n5_full__fold4,stage2_large_id_06_to_self_recorded_fan_n5_full,4,large,id_06,self_recorded_fan,5,full,1976489547,5,1545,750,50760,32.517526092529295,6.8536734199523925,1.64,0.7500000000000001,0.9230769230769231,8.50041249450615,0.8571428571428571,1.0,0.6666666666666666,0.8275862068965517,0.08333333333333348,0.09549071618037142,0.37576171875,0.7984981226533167,0.98396484375,0.9580838323353292,0.6082031250000001,0.15958570968201258,0.09492822736501694,0.033186204731464386,0.04369109496474266,0.02958907000720501,0.07052415609359741,0.12369230389595032,0.057268509020408,0.07460184333225091,False,1.69,2026-09-23T16:17:41
stage2_large_id_06_to_self_recorded_fan_n5_full__fold5,stage2_large_id_06_to_self_recorded_fan_n5_full,5,large,id_06,self_recorded_fan,5,full,766738080,5,1545,750,50760,31.75942024230957,6.899498996734619,1.76,0.8055555555555556,0.9230769230769231,7.6761311025641845,0.8571428571428571,1.0,0.6527777777777778,0.8275862068965517,0.1527777777777778,0.09549071618037142,0.39441406250000005,0.7984981226533167,0.98396484375,0.9580838323353292,0.58955078125,0.15958570968201258,0.11115105450153351,0.03757302835583687,0.04786498099565506,0.06859081983566284,0.0801541805267334,0.1279613971710205,0.06552968795100848,0.09223546584447224,False,1.82,2026-09-23T16:17:43
stage2_large_id_06_to_self_recorded_fan_n5_full__fold6,stage2_large_id_06_to_self_recorded_fan_n5_full,6,large,id_06,self_recorded_fan,5,full,2117794778,5,1545,750,50760,37.895057907104494,5.9809200477600095,1.85,0.8333333333333334,0.9230769230769231,7.981421872312259,0.8571428571428571,1.0,0.6388888888888888,0.8275862068965517,0.19444444444444453,0.09549071618037142,0.383984375,0.7984981226533167,0.98396484375,0.9580838323353292,0.5999804687500001,0.15958570968201258,0.11764315515756607,0.030544092878699303,0.04968973994255066,0.03346680849790573,0.0852314829826355,0.15130944550037384,0.06595899599293868,0.09000257899363835,False,1.9,2026-09-23T16:17:45
stage2_large_id_06_to_self_recorded_fan_n5_full__fold7,stage2_large_id_06_to_self_recorded_fan_n5_full,7,large,id_06,self_recorded_fan,5,full,699254736,5,1545,750,50760,33.55152656555176,5.478942260742188,1.56,0.6944444444444444,0.8888888888888888,6.878730188457874,0.8,1.0,0.6666666666666666,0.8275862068965517,0.02777777777777779,0.06130268199233713,0.45699218750000004,0.7984981226533167,0.98396484375,0.9580838323353292,0.52697265625,0.15958570968201258,0.11547217518091202,0.039380695670843124,0.05006697028875351,0.06256691366434097,0.07907237857580185,0.13149605691432953,0.06830661371350288,0.09104511638482411,False,1.61,2026-09-23T16:17:46
stage2_large_id_06_to_self_recorded_fan_n5_full__fold8,stage2_large_id_06_to_self_recorded_fan_n5_full,8,large,id_06,self_recorded_fan,5,full,1597475987,5,1545,750,50760,36.12609344482422,7.243164577484131,1.54,0.7361111111111112,0.8571428571428571,6.877091404355897,0.75,1.0,0.5833333333333333,0.8275862068965517,0.1527777777777779,0.029556650246305383,0.2920703125,0.7984981226533167,0.98396484375,0.9580838323353292,0.69189453125,0.15958570968201258,0.097011037170887,0.02085229940712452,0.02774854563176632,0.021836314350366592,0.048313599079847336,0.11356029659509659,0.04853729406992594,0.06123673667510351,False,1.59,2026-09-23T16:17:48
stage2_large_id_06_to_self_recorded_fan_n5_full__fold9,stage2_large_id_06_to_self_recorded_fan_n5_full,9,large,id_06,self_recorded_fan,5,full,689795472,5,1545,750,50760,39.211961364746095,5.294982032775879,1.56,0.8472222222222222,0.8888888888888888,6.412458808774026,0.8,1.0,0.6527777777777778,0.8333333333333334,0.19444444444444442,0.05555555555555547,0.35525390625,0.7984981226533167,0.98396484375,0.9580838323353292,0.6287109375000001,0.15958570968201258,0.0786653459072113,0.028618600219488144,0.052731335163116455,0.061344508081674576,0.06820712983608246,0.14376488327980042,0.0533384270966053,0.09110550706585248,False,1.61,2026-09-23T16:17:49
stage2_large_merged_to_self_recorded_fan_n10_bottleneck_only__fold0,stage2_large_merged_to_self_recorded_fan_n10_bottleneck_only,0,large,merged,self_recorded_fan,10,bottleneck_only,160513433,10,3090,1470,1096,34.72163134205098,28.7857929930395,2.31,0.6805555555555556,0.8,20.38255807875654,0.7692307692307693,0.8333333333333334,0.7083333333333333,0.8181818181818182,-0.02777777777777768,-0.018181818181818188,0.66158203125,0.8181818181818182,0.7229687499999999,0.8415446071904128,0.0613867187499999,0.023362789008594564,0.0,0.0,0.1429877132177353,0.12188905477523804,0.0,0.0,0.04766257107257843,0.040629684925079346,True,2.37,2026-09-23T16:33:29
stage2_large_merged_to_self_recorded_fan_n10_bottleneck_only__fold1,stage2_large_merged_to_self_recorded_fan_n10_bottleneck_only,1,large,merged,self_recorded_fan,10,bottleneck_only,2007332985,10,3090,1470,1096,27.090590652154418,22.730107871853576,2.34,0.6805555555555556,0.8,20.20657780157226,0.7692307692307693,0.8333333333333334,0.7222222222222223,0.8181818181818182,-0.04166666666666674,-0.018181818181818188,0.5571484375,0.8,0.7229687499999999,0.8415446071904128,0.16582031249999996,0.04154460719041275,0.0,0.0,0.16882187128067017,0.1260070502758026,0.0,0.0,0.056273957093556724,0.042002350091934204,False,2.39,2026-09-23T16:33:31
stage2_large_merged_to_self_recorded_fan_n10_bottleneck_only__fold2,stage2_large_merged_to_self_recorded_fan_n10_bottleneck_only,2,large,merged,self_recorded_fan,10,bottleneck_only,1028818650,10,3090,1470,1096,30.591603298576512,25.570105533210597,2.66,0.6944444444444444,0.8148148148148148,18.835833311463247,0.7333333333333333,0.9166666666666666,0.7222222222222223,0.8333333333333334,-0.0277777777777779,-0.0185185185185186,0.6944140624999999,0.8235294117647058,0.7229687499999999,0.8415446071904128,0.02855468750000001,0.018015195425706954,0.0,0.0,0.12033743411302567,0.13426370918750763,0.0,0.0,0.040112478037675224,0.04475456972916921,False,2.71,2026-09-23T16:33:34
stage2_large_merged_to_self_recorded_fan_n10_bottleneck_only__fold3,stage2_large_merged_to_self_recorded_fan_n10_bottleneck_only,3,large,merged,self_recorded_fan,10,bottleneck_only,2079967762,10,3090,1470,1096,27.04401191400022,22.79583168029785,2.44,0.6805555555555557,0.8275862068965517,14.854918989163,0.7058823529411765,1.0,0.6944444444444444,0.8148148148148148,-0.013888888888888729,0.012771392081736943,0.6027539062499999,0.8,0.7229687499999999,0.8415446071904128,0.12021484375000002,0.04154460719041275,0.0,0.0,0.18601787090301514,0.12031253427267075,0.0,0.0,0.062005956967671715,0.04010417809089025,False,2.49,2026-09-23T16:33:36
stage2_large_merged_to_self_recorded_fan_n10_bottleneck_only__fold4,stage2_large_merged_to_self_recorded_fan_n10_bottleneck_only,4,large,merged,self_recorded_fan,10,bottleneck_only,626462835,10,3090,1470,1096,28.654556352265026,24.09251898162219,2.43,0.7083333333333334,0.8275862068965517,14.886801330788622,0.7058823529411765,1.0,0.6666666666666667,0.8,0.04166666666666663,0.027586206896551668,0.63896484375,0.8010012515644556,0.7229687499999999,0.8415446071904128,0.08400390624999998,0.040543355625957234,0.0,0.0,0.1605187952518463,0.12605653703212738,0.0,0.0,0.05350626508394877,0.04201884567737579,False,2.47,2026-09-23T16:33:39
stage2_large_merged_to_self_recorded_fan_n10_bottleneck_only__fold5,stage2_large_merged_to_self_recorded_fan_n10_bottleneck_only,5,large,merged,self_recorded_fan,10,bottleneck_only,480676411,10,3090,1470,1096,30.13136828675562,25.13986400682099,2.37,0.6944444444444444,0.8571428571428571,17.831288543833228,0.75,1.0,0.6666666666666667,0.7857142857142857,0.02777777777777768,0.0714285714285714,0.601484375,0.8010012515644556,0.7229687499999999,0.8415446071904128,0.12148437499999998,0.040543355625957234,0.0,0.0,0.16503459215164185,0.12843212485313416,0.0,0.0,0.05501153071721395,0.04281070828437805,False,2.42,2026-09-23T16:33:41
stage2_large_merged_to_self_recorded_fan_n10_bottleneck_only__fold6,stage2_large_merged_to_self_recorded_fan_n10_bottleneck_only,6,large,merged,self_recorded_fan,10,bottleneck_only,345525531,10,3090,1470,1096,31.662139191919444,25.689496721540177,2.31,0.7083333333333334,0.8571428571428571,18.623698346441238,0.75,1.0,0.6527777777777779,0.8,0.05555555555555547,0.05714285714285705,0.63267578125,0.8072445019404916,0.7229687499999999,0.8415446071904128,0.09029296874999992,0.03430010524992122,0.0,0.0,0.13541127741336823,0.13665491342544556,0.0,0.0,0.04513709247112274,0.04555163780848185,False,2.36,2026-09-23T16:33:43
stage2_large_merged_to_self_recorded_fan_n10_bottleneck_only__fold7,stage2_large_merged_to_self_recorded_fan_n10_bottleneck_only,7,large,merged,self_recorded_fan,10,bottleneck_only,182290473,10,3090,1470,1096,31.153436855394013,25.863828931535995,2.61,0.7083333333333333,0.8461538461538461,19.301997841621546,0.7857142857142857,0.9166666666666666,0.7083333333333334,0.8333333333333334,-1.1102230246251565e-16,0.012820512820512775,0.65578125,0.8184281842818428,0.7229687499999999,0.8415446071904128,0.06718749999999996,0.023116422908569967,0.0,0.0,0.1437748521566391,0.12731336057186127,0.0,0.0,0.0479249507188797,0.04243778685728709,False,2.66,2026-09-23T16:33:46
stage2_large_merged_to_self_recorded_fan_n10_bottleneck_only__fold8,stage2_large_merged_to_self_recorded_fan_n10_bottleneck_only,8,large,merged,self_recorded_fan,10,bottleneck_only,658325320,10,3090,1470,1096,23.19644036584971,19.882370462222976,2.49,0.6388888888888888,0.8148148148148148,17.720829916277026,0.7333333333333333,0.9166666666666666,0.6527777777777779,0.8,-0.013888888888889062,0.014814814814814725,0.6486132812500001,0.8,0.7229687499999999,0.8415446071904128,0.07435546874999988,0.04154460719041275,0.0,0.0,0.11470311880111694,0.10861800611019135,0.0,0.0,0.03823437293370565,0.036206002036730446,False,2.54,2026-09-23T16:33:49
stage2_large_merged_to_self_recorded_fan_n10_bottleneck_only__fold9,stage2_large_merged_to_self_recorded_fan_n10_bottleneck_only,9,large,merged,self_recorded_fan,10,bottleneck_only,966975611,10,3090,1470,1096,31.428586414882115,26.12646939803143,2.34,0.6805555555555556,0.8275862068965517,16.086913664364122,0.7058823529411765,1.0,0.6805555555555556,0.8,0.0,0.027586206896551668,0.6528515625000001,0.8263795423956931,0.7229687499999999,0.8415446071904128,0.07011718749999984,0.015165064794719685,0.0,0.0,0.15267321467399597,0.12667706608772278,0.0,0.0,0.05089107155799866,0.04222568869590759,False,2.39,2026-09-23T16:33:51
stage2_large_merged_to_self_recorded_fan_n10_decoder_only__fold0,stage2_large_merged_to_self_recorded_fan_n10_decoder_only,0,large,merged,self_recorded_fan,10,decoder_only,11199682,10,3090,1470,25536,25.049414732018295,6.53833988734654,2.29,0.7916666666666667,0.8571428571428571,7.144178255886347,0.75,1.0,0.7083333333333333,0.8181818181818182,0.08333333333333348,0.03896103896103886,0.46103515625,0.8010012515644556,0.7229687499999999,0.8415446071904128,0.2619335937499999,0.040543355625957234,0.0,0.0,0.0,0.06966080516576767,0.18320530652999878,0.18921546638011932,0.0,0.14736052602529526,True,2.35,2026-09-23T16:32:36
stage2_large_merged_to_self_recorded_fan_n10_decoder_only__fold1,stage2_large_merged_to_self_recorded_fan_n10_decoder_only,1,large,merged,self_recorded_fan,10,decoder_only,732070935,10,3090,1470,25536,19.095108946975397,6.862856407554782,2.51,0.9305555555555556,0.9230769230769231,8.179271798190834,0.8571428571428571,1.0,0.7222222222222223,0.8181818181818182,0.20833333333333326,0.1048951048951049,0.55296875,0.8030112923462986,0.7229687499999999,0.8415446071904128,0.16999999999999993,0.03853331484411415,0.0,0.0,0.0,0.07380587607622147,0.1737205982208252,0.20222125947475433,0.0,0.149915911257267,False,2.55,2026-09-23T16:32:38
stage2_large_merged_to_self_recorded_fan_n10_decoder_only__fold2,stage2_large_merged_to_self_recorded_fan_n10_decoder_only,2,large,merged,self_recorded_fan,10,decoder_only,2029040363,10,3090,1470,25536,22.917922701154435,6.6912892400001995,2.82,0.888888888888889,0.8888888888888888,7.0655660608789645,0.8,1.0,0.7222222222222223,0.8333333333333334,0.16666666666666663,0.05555555555555547,0.51166015625,0.8010012515644556,0.7229687499999999,0.8415446071904128,0.21130859374999988,0.040543355625957234,0.0,0.0,0.0,0.07268796116113663,0.16272732615470886,0.22461964190006256,0.0,0.15334497640530267,False,2.87,2026-09-23T16:32:41
stage2_large_merged_to_self_recorded_fan_n10_decoder_only__fold3,stage2_large_merged_to_self_recorded_fan_n10_decoder_only,3,large,merged,self_recorded_fan,10,decoder_only,580378443,10,3090,1470,25536,19.66187889721929,7.87201722787351,2.36,0.888888888888889,0.8888888888888888,7.756027438514848,0.8,1.0,0.6944444444444444,0.8148148148148148,0.19444444444444453,0.07407407407407407,0.618515625,0.8040201005025126,0.7229687499999999,0.8415446071904128,0.10445312499999992,0.037524506687900194,0.0,0.0,0.0,0.0801372081041336,0.1597311943769455,0.20427913963794708,0.0,0.14804918070634207,False,2.4,2026-09-23T16:32:43
stage2_large_merged_to_self_recorded_fan_n10_decoder_only__fold4,stage2_large_merged_to_self_recorded_fan_n10_decoder_only,4,large,merged,self_recorded_fan,10,decoder_only,216773599,10,3090,1470,25536,21.153170546706843,7.5422637122018,2.44,0.9583333333333334,0.9230769230769231,7.5058428805163695,0.8571428571428571,1.0,0.6666666666666667,0.8,0.29166666666666663,0.12307692307692308,0.5575585937499999,0.8020050125313283,0.7229687499999999,0.8415446071904128,0.16541015625,0.03953959465908452,0.0,0.0,0.0,0.0811372622847557,0.16194409132003784,0.22441135346889496,0.0,0.15583090235789618,False,2.49,2026-09-23T16:32:46
stage2_large_merged_to_self_recorded_fan_n10_decoder_only__fold5,stage2_large_merged_to_self_recorded_fan_n10_decoder_only,5,large,merged,self_recorded_fan,10,decoder_only,2143195934,10,3090,1470,25536,22.180552346365793,7.4019942380944075,2.34,0.9166666666666667,0.9230769230769231,7.9922215518647235,0.8571428571428571,1.0,0.6666666666666667,0.7857142857142857,0.25,0.13736263736263743,0.5393359375,0.8010012515644556,0.7229687499999999,0.8415446071904128,0.18363281249999996,0.040543355625957234,0.0,0.0,0.0,0.0815628245472908,0.1693224012851715,0.2257009595632553,0.0,0.15886206179857254,False,2.39,2026-09-23T16:32:48
stage2_large_merged_to_self_recorded_fan_n10_decoder_only__fold6,stage2_large_merged_to_self_recorded_fan_n10_decoder_only,6,large,merged,self_recorded_fan,10,decoder_only,178420123,10,3090,1470,25536,23.65194947378976,5.8877264820799535,2.4,0.8611111111111112,0.9230769230769231,6.466566757979247,0.8571428571428571,1.0,0.6527777777777779,0.8,0.20833333333333326,0.12307692307692308,0.5494921875000001,0.8,0.7229687499999999,0.8415446071904128,0.17347656249999988,0.04154460719041275,0.0,0.0,0.0,0.09258130192756653,0.17473635077476501,0.2170267105102539,0.0,0.16144812107086182,False,2.46,2026-09-23T16:32:51
stage2_large_merged_to_self_recorded_fan_n10_decoder_only__fold7,stage2_large_merged_to_self_recorded_fan_n10_decoder_only,7,large,merged,self_recorded_fan,10,decoder_only,146049845,10,3090,1470,25536,22.8844044743752,7.687537222492452,2.71,0.9583333333333334,0.9230769230769231,7.863658850038499,0.8571428571428571,1.0,0.7083333333333334,0.8333333333333334,0.25,0.08974358974358976,0.5333593750000001,0.8010012515644556,0.7229687499999999,0.8415446071904128,0.18960937499999986,0.040543355625957234,0.0,0.0,0.0,0.074617400765419,0.15938027203083038,0.2145819216966629,0.0,0.14952653149763742,False,2.76,2026-09-23T16:32:53
stage2_large_merged_to_self_recorded_fan_n10_decoder_only__fold8,stage2_large_merged_to_self_recorded_fan_n10_decoder_only,8,large,merged,self_recorded_fan,10,decoder_only,1922349700,10,3090,1470,25536,16.26894826305156,6.416718200761444,2.42,0.7777777777777779,0.9230769230769231,7.0800214881429175,0.8571428571428571,1.0,0.6527777777777779,0.8,0.125,0.12307692307692308,0.5693359375,0.7984981226533167,0.7229687499999999,0.8415446071904128,0.15363281249999994,0.04304648453709614,0.0,0.0,0.0,0.07646352797746658,0.13965123891830444,0.18348166346549988,0.0,0.13319881012042364,False,2.47,2026-09-23T16:32:56
stage2_large_merged_to_self_recorded_fan_n10_decoder_only__fold9,stage2_large_merged_to_self_recorded_fan_n10_decoder_only,9,large,merged,self_recorded_fan,10,decoder_only,996328735,10,3090,1470,25536,22.845548162654953,7.520890080198949,2.33,0.861111111111111,0.8571428571428571,7.029546133857278,0.75,1.0,0.6805555555555556,0.8,0.18055555555555547,0.05714285714285705,0.5056835937499999,0.8020050125313283,0.7229687499999999,0.8415446071904128,0.21728515625,0.03953959465908452,0.0,0.0,0.0,0.06572045385837555,0.1717527210712433,0.19614504277706146,0.0,0.14453940590222678,False,2.39,2026-09-23T16:32:58
stage2_large_merged_to_self_recorded_fan_n10_encoder_only__fold0,stage2_large_merged_to_self_recorded_fan_n10_encoder_only,0,large,merged,self_recorded_fan,10,encoder_only,828491878,10,3090,1470,25224,34.922868923265106,34.236170749275054,2.62,0.7222222222222223,0.8181818181818182,29.43665232126806,0.9,0.75,0.7083333333333333,0.8181818181818182,0.013888888888889062,0.0,0.67388671875,0.8064952638700947,0.7229687499999999,0.8415446071904128,0.04908203124999999,0.03504934332031806,0.113412044942379,0.030868634581565857,0.054966848343610764,0.0,0.0,0.0,0.06641584262251854,0.0,True,2.67,2026-09-23T16:33:01
stage2_large_merged_to_self_recorded_fan_n10_encoder_only__fold1,stage2_large_merged_to_self_recorded_fan_n10_encoder_only,1,large,merged,self_recorded_fan,10,encoder_only,1378720007,10,3090,1470,25224,27.341637903330277,26.646316722947724,2.69,0.7361111111111112,0.8333333333333334,26.969295792657647,0.8333333333333334,0.8333333333333334,0.7222222222222223,0.8181818181818182,0.01388888888888884,0.015151515151515138,0.6799999999999999,0.8104395604395604,0.7229687499999999,0.8415446071904128,0.04296875,0.03110504675085235,0.1244668960571289,0.07715187966823578,0.060353316366672516,0.0,0.0,0.0,0.08732403069734573,0.0,False,2.73,2026-09-23T16:33:04
stage2_large_merged_to_self_recorded_fan_n10_encoder_only__fold2,stage2_large_merged_to_self_recorded_fan_n10_encoder_only,2,large,merged,self_recorded_fan,10,encoder_only,78816376,10,3090,1470,25224,30.61834654516103,29.853056343234314,3.09,0.75,0.8333333333333334,29.116369852306725,0.8333333333333334,0.8333333333333334,0.7222222222222223,0.8333333333333334,0.02777777777777768,0.0,0.69615234375,0.8137755102040817,0.7229687499999999,0.8415446071904128,0.026816406249999925,0.02776909698633112,0.1115611121058464,0.0296464953571558,0.06349057704210281,0.0,0.0,0.0,0.06823272816836834,0.0,False,3.15,2026-09-23T16:33:07
stage2_large_merged_to_self_recorded_fan_n10_encoder_only__fold3,stage2_large_merged_to_self_recorded_fan_n10_encoder_only,3,large,merged,self_recorded_fan,10,encoder_only,1879089059,10,3090,1470,25224,27.054991391240335,26.500222575907806,2.75,0.7083333333333334,0.8148148148148148,20.443512808877234,0.7333333333333333,0.9166666666666666,0.6944444444444444,0.8148148148148148,0.01388888888888895,0.0,0.68052734375,0.8088033012379643,0.7229687499999999,0.8415446071904128,0.042441406249999925,0.03274130595244851,0.1150815337896347,0.03762089088559151,0.06416980177164078,0.0,0.0,0.0,0.07229074214895566,0.0,False,2.79,2026-09-23T16:33:10
stage2_large_merged_to_self_recorded_fan_n10_encoder_only__fold4,stage2_large_merged_to_self_recorded_fan_n10_encoder_only,4,large,merged,self_recorded_fan,10,encoder_only,847710417,10,3090,1470,25224,28.75507845197405,27.98703329903739,2.59,0.7083333333333334,0.8148148148148148,20.405473577553018,0.7333333333333333,0.9166666666666666,0.6666666666666667,0.8,0.04166666666666663,0.014814814814814725,0.6749804687500001,0.8054054054054054,0.7229687499999999,0.8415446071904128,0.047988281249999876,0.0361392017850074,0.11458169668912888,0.04134434089064598,0.06123068928718567,0.0,0.0,0.0,0.07238557562232018,0.0,False,2.64,2026-09-23T16:33:12
stage2_large_merged_to_self_recorded_fan_n10_encoder_only__fold5,stage2_large_merged_to_self_recorded_fan_n10_encoder_only,5,large,merged,self_recorded_fan,10,encoder_only,1047310764,10,3090,1470,25224,30.31794123746911,29.585413134827906,2.61,0.7222222222222222,0.8148148148148148,20.30342443453279,0.7333333333333333,0.9166666666666666,0.6666666666666667,0.7857142857142857,0.05555555555555547,0.02910052910052907,0.6719921875000001,0.8041504539559015,0.7229687499999999,0.8415446071904128,0.05097656249999982,0.03739415323451134,0.1217474639415741,0.04184793680906296,0.06490076333284378,0.0,0.0,0.0,0.07616538802782695,0.0,False,2.66,2026-09-23T16:33:15
stage2_large_merged_to_self_recorded_fan_n10_encoder_only__fold6,stage2_large_merged_to_self_recorded_fan_n10_encoder_only,6,large,merged,self_recorded_fan,10,encoder_only,257020642,10,3090,1470,25224,31.51680191195741,30.558629989624023,2.68,0.6944444444444444,0.8148148148148148,20.856662119410505,0.7333333333333333,0.9166666666666666,0.6527777777777779,0.8,0.04166666666666652,0.014814814814814725,0.66720703125,0.80946123521682,0.7229687499999999,0.8415446071904128,0.05576171874999991,0.03208337197359279,0.11420151591300964,0.0698472186923027,0.05267114192247391,0.0,0.0,0.0,0.07890662550926208,0.0,False,2.73,2026-09-23T16:33:18
stage2_large_merged_to_self_recorded_fan_n10_encoder_only__fold7,stage2_large_merged_to_self_recorded_fan_n10_encoder_only,7,large,merged,self_recorded_fan,10,encoder_only,1921529885,10,3090,1470,25224,31.077829866993184,30.351563550988022,3.03,0.7222222222222223,0.8333333333333334,27.320401373143447,0.8333333333333334,0.8333333333333334,0.7083333333333334,0.8333333333333334,0.01388888888888895,0.0,0.6736523437499999,0.8081081081081081,0.7229687499999999,0.8415446071904128,0.04931640625,0.03343649908230473,0.11181198060512543,0.0322740375995636,0.060530129820108414,0.0,0.0,0.0,0.06820538267493248,0.0,False,3.08,2026-09-23T16:33:21
stage2_large_merged_to_self_recorded_fan_n10_encoder_only__fold8,stage2_large_merged_to_self_recorded_fan_n10_encoder_only,8,large,merged,self_recorded_fan,10,encoder_only,317343720,10,3090,1470,25224,23.372801488759567,22.98290626370177,2.62,0.6805555555555556,0.8148148148148148,20.320320506108413,0.7333333333333333,0.9166666666666666,0.6527777777777779,0.8,0.02777777777777768,0.014814814814814725,0.71068359375,0.8264248704663213,0.7229687499999999,0.8415446071904128,0.012285156249999929,0.015119736724091504,0.08746490627527237,0.024915821850299835,0.04344967380166054,0.0,0.0,0.0,0.05194346730907758,0.0,False,2.67,2026-09-23T16:33:24
stage2_large_merged_to_self_recorded_fan_n10_encoder_only__fold9,stage2_large_merged_to_self_recorded_fan_n10_encoder_only,9,large,merged,self_recorded_fan,10,encoder_only,1537442044,10,3090,1470,25224,31.383600312836315,30.57213678165358,2.63,0.7083333333333335,0.8,24.576689038761913,0.7692307692307693,0.8333333333333334,0.6805555555555556,0.8,0.0277777777777779,0.0,0.682109375,0.815114709851552,0.7229687499999999,0.8415446071904128,0.04085937499999992,0.02642989733886081,0.11946729570627213,0.03866402804851532,0.07255573570728302,0.0,0.0,0.0,0.07689568648735683,0.0,False,2.68,2026-09-23T16:33:26
stage2_large_merged_to_self_recorded_fan_n10_full__fold0,stage2_large_merged_to_self_recorded_fan_n10_full,0,large,merged,self_recorded_fan,10,full,703430013,10,3090,1470,50760,24.452594056421397,5.710221348976602,3.0,0.7638888888888888,0.8888888888888888,8.402189925433145,0.8,1.0,0.7083333333333333,0.8181818181818182,0.05555555555555558,0.07070707070707061,0.50162109375,0.8010012515644556,0.7229687499999999,0.8415446071904128,0.22134765624999997,0.040543355625957234,0.1565614491701126,0.04732036218047142,0.06566064059734344,0.035906508564949036,0.1138041689991951,0.1669681817293167,0.08984748398264249,0.10555961976448695,True,3.05,2026-09-23T16:32:04
stage2_large_merged_to_self_recorded_fan_n10_full__fold1,stage2_large_merged_to_self_recorded_fan_n10_full,1,large,merged,self_recorded_fan,10,full,1818622248,10,3090,1470,50760,18.873029377995707,5.561237967744166,2.94,0.888888888888889,0.96,7.311806575687494,0.9230769230769231,1.0,0.7222222222222223,0.8181818181818182,0.16666666666666663,0.14181818181818173,0.48248046875000006,0.8010012515644556,0.7229687499999999,0.8415446071904128,0.24048828124999988,0.040543355625957234,0.16757817566394806,0.05657958984375,0.05593729019165039,0.04231097549200058,0.12380626797676086,0.21098898351192474,0.09336501856644948,0.12570207566022873,False,2.98,2026-09-23T16:32:07
stage2_large_merged_to_self_recorded_fan_n10_full__fold2,stage2_large_merged_to_self_recorded_fan_n10_full,2,large,merged,self_recorded_fan,10,full,49217598,10,3090,1470,50760,22.36845469961361,5.893261948410346,3.15,0.9305555555555556,0.9166666666666666,8.301841786354855,0.9166666666666666,0.9166666666666666,0.7222222222222223,0.8333333333333334,0.20833333333333326,0.08333333333333326,0.443828125,0.8015170670037927,0.7229687499999999,0.8415446071904128,0.2791406249999999,0.040027540186620136,0.15968459844589233,0.04027676582336426,0.05512890964746475,0.04313524067401886,0.10755176097154617,0.21400165557861328,0.08503009130557378,0.12156288574139278,False,3.2,2026-09-23T16:32:11
stage2_large_merged_to_self_recorded_fan_n10_full__fold3,stage2_large_merged_to_self_recorded_fan_n10_full,3,large,merged,self_recorded_fan,10,full,946397396,10,3090,1470,50760,19.244196502529846,6.4581833664251835,3.5,1.0,1.0,6.9753930477534185,1.0,1.0,0.6944444444444444,0.8148148148148148,0.3055555555555556,0.18518518518518523,0.44011718749999995,0.8015170670037927,0.7229687499999999,0.8415446071904128,0.2828515625,0.040027540186620136,0.17796970903873444,0.045716896653175354,0.0681118592619896,0.04007198289036751,0.136748805642128,0.22718729078769684,0.09726615498463313,0.13466935977339745,False,3.55,2026-09-23T16:32:14
stage2_large_merged_to_self_recorded_fan_n10_full__fold4,stage2_large_merged_to_self_recorded_fan_n10_full,4,large,merged,self_recorded_fan,10,full,880439774,10,3090,1470,50760,20.723008155822754,6.459328505457664,3.07,1.0,1.0,7.730239325039663,1.0,1.0,0.6666666666666667,0.8,0.33333333333333326,0.19999999999999996,0.44734375000000004,0.8015170670037927,0.7229687499999999,0.8415446071904128,0.2756249999999999,0.040027540186620136,0.17250467836856842,0.04093587026000023,0.06109150871634483,0.04304419457912445,0.11224372684955597,0.22429737448692322,0.09151068578163783,0.1265284319718679,False,3.12,2026-09-23T16:32:17
stage2_large_merged_to_self_recorded_fan_n10_full__fold5,stage2_large_merged_to_self_recorded_fan_n10_full,5,large,merged,self_recorded_fan,10,full,21893208,10,3090,1470,50760,21.60600440356196,6.418290955679757,2.99,0.9583333333333334,0.9230769230769231,6.725008766071525,0.8571428571428571,1.0,0.6666666666666667,0.7857142857142857,0.29166666666666663,0.13736263736263743,0.46257812499999995,0.8015170670037927,0.7229687499999999,0.8415446071904128,0.260390625,0.040027540186620136,0.1743764728307724,0.03547784313559532,0.052443262189626694,0.041243162006139755,0.1176767572760582,0.21258750557899475,0.08743252605199814,0.12383580828706424,False,3.04,2026-09-23T16:32:20
stage2_large_merged_to_self_recorded_fan_n10_full__fold6,stage2_large_merged_to_self_recorded_fan_n10_full,6,large,merged,self_recorded_fan,10,full,2064787853,10,3090,1470,50760,22.87377875191825,5.718004109908123,3.01,0.8472222222222222,0.96,8.168053515656231,0.9230769230769231,1.0,0.6527777777777779,0.8,0.1944444444444443,0.15999999999999992,0.52931640625,0.8,0.7229687499999999,0.8415446071904128,0.19365234374999996,0.04154460719041275,0.14399535953998566,0.04796416312456131,0.08486653864383698,0.04104941338300705,0.10122375935316086,0.18666225671768188,0.09227535376946132,0.10964514315128326,False,3.06,2026-09-23T16:32:23
stage2_large_merged_to_self_recorded_fan_n10_full__fold7,stage2_large_merged_to_self_recorded_fan_n10_full,7,large,merged,self_recorded_fan,10,full,1277973626,10,3090,1470,50760,22.33538647087253,6.757815798934625,3.56,0.9861111111111112,0.96,6.909532445375429,0.9230769230769231,1.0,0.7083333333333334,0.8333333333333334,0.2777777777777778,0.1266666666666666,0.4598828125,0.801007556675063,0.7229687499999999,0.8415446071904128,0.2630859374999999,0.04053705051534984,0.18208090960979462,0.05011751502752304,0.0588454008102417,0.041959017515182495,0.12284502387046814,0.20116907358169556,0.09701460848251979,0.12199103832244873,False,3.61,2026-09-23T16:32:27
stage2_large_merged_to_self_recorded_fan_n10_full__fold8,stage2_large_merged_to_self_recorded_fan_n10_full,8,large,merged,self_recorded_fan,10,full,739819234,10,3090,1470,50760,16.00593208780094,5.669463566371372,3.02,0.7916666666666667,0.9230769230769231,6.3072341263714575,0.8571428571428571,1.0,0.6527777777777779,0.8,0.13888888888888884,0.12307692307692308,0.55783203125,0.7994987468671679,0.7229687499999999,0.8415446071904128,0.1651367187499999,0.042045860323244866,0.17586205899715424,0.07118280977010727,0.07296593487262726,0.05027112737298012,0.13064917922019958,0.199448361992836,0.10667026787996292,0.12678955619533858,False,3.07,2026-09-23T16:32:30
stage2_large_merged_to_self_recorded_fan_n10_full__fold9,stage2_large_merged_to_self_recorded_fan_n10_full,9,large,merged,self_recorded_fan,10,full,132294141,10,3090,1470,50760,22.342882234223033,6.319784952669727,3.06,0.9722222222222223,0.96,7.4579019517661385,0.9230769230769231,1.0,0.6805555555555556,0.8,0.29166666666666674,0.15999999999999992,0.4484765625,0.8015170670037927,0.7229687499999999,0.8415446071904128,0.27449218749999993,0.040027540186620136,0.17534494400024414,0.060281991958618164,0.06132147088646889,0.03906433656811714,0.12124493718147278,0.19755393266677856,0.09898280228177707,0.11928773547212283,False,3.11,2026-09-23T16:32:33
stage2_large_merged_to_self_recorded_fan_n20_bottleneck_only__fold0,stage2_large_merged_to_self_recorded_fan_n20_bottleneck_only,0,large,merged,self_recorded_fan,20,bottleneck_only,1374494535,20,6180,2910,1096,29.238850229794217,24.23374588956538,5.0,0.736111111111111,0.8275862068965517,15.303159253882745,0.7058823529411765,1.0,0.7083333333333333,0.8181818181818182,0.02777777777777779,0.00940438871473348,0.57669921875,0.8025157232704403,0.7229687499999999,0.8415446071904128,0.14626953124999997,0.0390288839199725,0.0,0.0,0.2665994167327881,0.1746550053358078,0.0,0.0,0.0888664722442627,0.058218335111935936,True,5.06,2026-09-23T16:36:45
stage2_large_merged_to_self_recorded_fan_n20_bottleneck_only__fold1,stage2_large_merged_to_self_recorded_fan_n20_bottleneck_only,1,large,merged,self_recorded_fan,20,bottleneck_only,719942764,20,6180,2910,1096,27.00843561310129,22.657477034735926,4.71,0.6944444444444444,0.8148148148148148,18.87700383519852,0.7333333333333333,0.9166666666666666,0.7222222222222223,0.8181818181818182,-0.0277777777777779,-0.0033670033670034627,0.5712890625,0.8025157232704403,0.7229687499999999,0.8415446071904128,0.15167968749999994,0.0390288839199725,0.0,0.0,0.2654401659965515,0.17357821762561798,0.0,0.0,0.08848005533218384,0.057859405875205994,False,4.77,2026-09-23T16:36:50
stage2_large_merged_to_self_recorded_fan_n20_bottleneck_only__fold2,stage2_large_merged_to_self_recorded_fan_n20_bottleneck_only,2,large,merged,self_recorded_fan,20,bottleneck_only,1225652281,20,6180,2910,1096,29.298535966381586,24.40158492019496,4.91,0.7222222222222222,0.8461538461538461,20.25953802124539,0.7857142857142857,0.9166666666666666,0.7222222222222223,0.8333333333333334,-1.1102230246251565e-16,0.012820512820512775,0.6686328125,0.803088803088803,0.7229687499999999,0.8415446071904128,0.05433593749999999,0.03845580410160976,0.0,0.0,0.2359761744737625,0.18045128881931305,0.0,0.0,0.07865872482458751,0.06015042960643768,False,4.96,2026-09-23T16:36:55
stage2_large_merged_to_self_recorded_fan_n20_bottleneck_only__fold3,stage2_large_merged_to_self_recorded_fan_n20_bottleneck_only,3,large,merged,self_recorded_fan,20,bottleneck_only,936903152,20,6180,2910,1096,27.98208283886467,23.134441749336794,4.85,0.6944444444444444,0.8461538461538461,19.31811020021186,0.7857142857142857,0.9166666666666666,0.6944444444444444,0.8148148148148148,0.0,0.031339031339031376,0.5691406250000001,0.8025157232704403,0.7229687499999999,0.8415446071904128,0.15382812499999987,0.0390288839199725,0.0,0.0,0.27131587266921997,0.18228626251220703,0.0,0.0,0.09043862422307332,0.06076208750406901,False,4.9,2026-09-23T16:37:00
stage2_large_merged_to_self_recorded_fan_n20_bottleneck_only__fold4,stage2_large_merged_to_self_recorded_fan_n20_bottleneck_only,4,large,merged,self_recorded_fan,20,bottleneck_only,672269878,20,6180,2910,1096,29.493646818337982,24.588928851884663,4.53,0.736111111111111,0.8461538461538461,19.28640973267015,0.7857142857142857,0.9166666666666666,0.6666666666666667,0.8,0.06944444444444431,0.0461538461538461,0.61484375,0.8025157232704403,0.7229687499999999,0.8415446071904128,0.10812499999999992,0.0390288839199725,0.0,0.0,0.28659698367118835,0.17824867367744446,0.0,0.0,0.09553232789039612,0.059416224559148155,False,4.58,2026-09-23T16:37:04
stage2_large_merged_to_self_recorded_fan_n20_bottleneck_only__fold5,stage2_large_merged_to_self_recorded_fan_n20_bottleneck_only,5,large,merged,self_recorded_fan,20,bottleneck_only,1287592669,20,6180,2910,1096,28.234405635558453,23.331879016050358,4.85,0.7083333333333334,0.8571428571428571,17.663639324067166,0.75,1.0,0.6666666666666667,0.7857142857142857,0.04166666666666663,0.0714285714285714,0.56783203125,0.8025157232704403,0.7229687499999999,0.8415446071904128,0.1551367187499999,0.0390288839199725,0.0,0.0,0.25488442182540894,0.18114881217479706,0.0,0.0,0.08496147394180298,0.06038293739159902,False,4.92,2026-09-23T16:37:09
stage2_large_merged_to_self_recorded_fan_n20_bottleneck_only__fold6,stage2_large_merged_to_self_recorded_fan_n20_bottleneck_only,6,large,merged,self_recorded_fan,20,bottleneck_only,2005343400,20,6180,2910,1096,29.80450903509081,24.527289223425168,4.77,0.7222222222222222,0.8461538461538461,19.55117342913098,0.7857142857142857,0.9166666666666666,0.6527777777777779,0.8,0.06944444444444431,0.0461538461538461,0.62986328125,0.8020434227330779,0.7229687499999999,0.8415446071904128,0.09310546874999992,0.03950118445733486,0.0,0.0,0.23210300505161285,0.17692174017429352,0.0,0.0,0.07736766835053761,0.058973913391431175,False,4.82,2026-09-23T16:37:14
stage2_large_merged_to_self_recorded_fan_n20_bottleneck_only__fold7,stage2_large_merged_to_self_recorded_fan_n20_bottleneck_only,7,large,merged,self_recorded_fan,20,bottleneck_only,986597550,20,6180,2910,1096,29.53369315629153,24.614842287043935,4.73,0.7222222222222222,0.8461538461538461,19.279372256350936,0.7857142857142857,0.9166666666666666,0.7083333333333334,0.8333333333333334,0.01388888888888884,0.012820512820512775,0.60625,0.8025157232704403,0.7229687499999999,0.8415446071904128,0.11671874999999998,0.0390288839199725,0.0,0.0,0.2879001200199127,0.16936425864696503,0.0,0.0,0.09596670667330424,0.05645475288232168,False,4.79,2026-09-23T16:37:19
stage2_large_merged_to_self_recorded_fan_n20_bottleneck_only__fold8,stage2_large_merged_to_self_recorded_fan_n20_bottleneck_only,8,large,merged,self_recorded_fan,20,bottleneck_only,419524273,20,6180,2910,1096,27.40289768730242,22.751281482657205,5.07,0.6944444444444445,0.8275862068965517,15.476485385092332,0.7058823529411765,1.0,0.6527777777777779,0.8,0.04166666666666663,0.027586206896551668,0.60525390625,0.8015075376884422,0.7229687499999999,0.8415446071904128,0.11771484374999996,0.04003706950197061,0.0,0.0,0.2965357303619385,0.179396390914917,0.0,0.0,0.09884524345397949,0.059798796971639,False,5.12,2026-09-23T16:37:24
stage2_large_merged_to_self_recorded_fan_n20_bottleneck_only__fold9,stage2_large_merged_to_self_recorded_fan_n20_bottleneck_only,9,large,merged,self_recorded_fan,20,bottleneck_only,1549595787,20,6180,2910,1096,29.79730147922162,24.79044088383311,4.48,0.6944444444444445,0.8275862068965517,14.896398738749976,0.7058823529411765,1.0,0.6805555555555556,0.8,0.01388888888888895,0.027586206896551668,0.5987304687499999,0.8025157232704403,0.7229687499999999,0.8415446071904128,0.12423828125000003,0.0390288839199725,0.0,0.0,0.3026723861694336,0.16814419627189636,0.0,0.0,0.1008907953898112,0.056048065423965454,False,4.53,2026-09-23T16:37:28
stage2_large_merged_to_self_recorded_fan_n20_decoder_only__fold0,stage2_large_merged_to_self_recorded_fan_n20_decoder_only,0,large,merged,self_recorded_fan,20,decoder_only,521120126,20,6180,2910,25536,17.74142511112174,6.499618839971798,4.69,0.9722222222222223,0.9565217391304348,9.789146769705638,1.0,0.9166666666666666,0.7083333333333333,0.8181818181818182,0.26388888888888906,0.13833992094861658,0.53384765625,0.8,0.7229687499999999,0.8415446071904128,0.18912109374999997,0.04154460719041275,0.0,0.0,0.0,0.10494915395975113,0.2677977979183197,0.2792355716228485,0.0,0.21732750783363977,True,4.75,2026-09-23T16:35:00
stage2_large_merged_to_self_recorded_fan_n20_decoder_only__fold1,stage2_large_merged_to_self_recorded_fan_n20_decoder_only,1,large,merged,self_recorded_fan,20,decoder_only,28269312,20,6180,2910,25536,16.357261244783697,6.478498984857933,4.68,1.0,1.0,8.653144470696311,1.0,1.0,0.7222222222222223,0.8181818181818182,0.2777777777777777,0.18181818181818177,0.5880078125,0.8010012515644556,0.7229687499999999,0.8415446071904128,0.13496093749999993,0.040543355625957234,0.0,0.0,0.0,0.10092639178037643,0.24409638345241547,0.3377741277217865,0.0,0.22759896765152612,False,4.74,2026-09-23T16:35:05
stage2_large_merged_to_self_recorded_fan_n20_decoder_only__fold2,stage2_large_merged_to_self_recorded_fan_n20_decoder_only,2,large,merged,self_recorded_fan,20,decoder_only,393889251,20,6180,2910,25536,18.749368687265928,6.77830081625083,5.31,0.9583333333333334,0.9230769230769231,6.668215628649107,0.8571428571428571,1.0,0.7222222222222223,0.8333333333333334,0.23611111111111105,0.08974358974358976,0.5037109375,0.8010012515644556,0.7229687499999999,0.8415446071904128,0.21925781249999998,0.040543355625957234,0.0,0.0,0.0,0.09261752665042877,0.1886168122291565,0.2768518030643463,0.0,0.18602871398131052,False,5.35,2026-09-23T16:35:10
stage2_large_merged_to_self_recorded_fan_n20_decoder_only__fold3,stage2_large_merged_to_self_recorded_fan_n20_decoder_only,3,large,merged,self_recorded_fan,20,decoder_only,1270670016,20,6180,2910,25536,17.304752507160618,6.787006850095139,4.85,0.9861111111111112,0.96,7.6216017919239665,0.9230769230769231,1.0,0.6944444444444444,0.8148148148148148,0.29166666666666674,0.1451851851851852,0.5182031250000001,0.8,0.7229687499999999,0.8415446071904128,0.20476562499999984,0.04154460719041275,0.0,0.0,0.0,0.09596838802099228,0.21441374719142914,0.3024323582649231,0.0,0.2042714978257815,False,4.9,2026-09-23T16:35:15
stage2_large_merged_to_self_recorded_fan_n20_decoder_only__fold4,stage2_large_merged_to_self_recorded_fan_n20_decoder_only,4,large,merged,self_recorded_fan,20,decoder_only,1897613085,20,6180,2910,25536,18.465306567162582,6.603864537071936,4.96,0.9444444444444445,0.9230769230769231,6.676356640876346,0.8571428571428571,1.0,0.6666666666666667,0.8,0.2777777777777778,0.12307692307692308,0.5115625,0.8010012515644556,0.7229687499999999,0.8415446071904128,0.2114062499999999,0.040543355625957234,0.0,0.0,0.0,0.09313598275184631,0.2085656076669693,0.28833213448524475,0.0,0.19667790830135345,False,5.03,2026-09-23T16:35:20
stage2_large_merged_to_self_recorded_fan_n20_decoder_only__fold5,stage2_large_merged_to_self_recorded_fan_n20_decoder_only,5,large,merged,self_recorded_fan,20,decoder_only,405610935,20,6180,2910,25536,17.371707965418235,6.778418953885737,5.11,0.9444444444444444,0.96,7.9274052989987185,0.9230769230769231,1.0,0.6666666666666667,0.7857142857142857,0.2777777777777777,0.17428571428571427,0.5160156250000001,0.8,0.7229687499999999,0.8415446071904128,0.20695312499999985,0.04154460719041275,0.0,0.0,0.0,0.10354936122894287,0.2163441777229309,0.28950777649879456,0.0,0.20313377181688944,False,5.16,2026-09-23T16:35:25
stage2_large_merged_to_self_recorded_fan_n20_decoder_only__fold6,stage2_large_merged_to_self_recorded_fan_n20_decoder_only,6,large,merged,self_recorded_fan,20,decoder_only,1188761892,20,6180,2910,25536,18.598832346729395,6.409027841902271,4.7,1.0,1.0,7.7621051701689,1.0,1.0,0.6527777777777779,0.8,0.3472222222222221,0.19999999999999996,0.5116406250000001,0.8,0.7229687499999999,0.8415446071904128,0.21132812499999987,0.04154460719041275,0.0,0.0,0.0,0.09842601418495178,0.2083853781223297,0.2933012545108795,0.0,0.200037548939387,False,4.75,2026-09-23T16:35:30
stage2_large_merged_to_self_recorded_fan_n20_decoder_only__fold7,stage2_large_merged_to_self_recorded_fan_n20_decoder_only,7,large,merged,self_recorded_fan,20,decoder_only,107815835,20,6180,2910,25536,18.065008281432476,6.862418125585182,5.12,0.9861111111111112,0.96,7.489993330324718,0.9230769230769231,1.0,0.7083333333333334,0.8333333333333334,0.2777777777777778,0.1266666666666666,0.5194921875,0.8,0.7229687499999999,0.8415446071904128,0.2034765624999999,0.04154460719041275,0.0,0.0,0.0,0.09479529410600662,0.22171279788017273,0.2885691523551941,0.0,0.20169241478045782,False,5.18,2026-09-23T16:35:35
stage2_large_merged_to_self_recorded_fan_n20_decoder_only__fold8,stage2_large_merged_to_self_recorded_fan_n20_decoder_only,8,large,merged,self_recorded_fan,20,decoder_only,882231255,20,6180,2910,25536,17.051818818161166,6.5875893081586385,4.72,0.9722222222222223,0.96,8.955323060039248,0.9230769230769231,1.0,0.6527777777777779,0.8,0.3194444444444444,0.15999999999999992,0.5419140625,0.8010012515644556,0.7229687499999999,0.8415446071904128,0.18105468749999998,0.040543355625957234,0.0,0.0,0.0,0.09725290536880493,0.20998744666576385,0.28502994775772095,0.0,0.1974234332640966,False,4.78,2026-09-23T16:35:40
stage2_large_merged_to_self_recorded_fan_n20_decoder_only__fold9,stage2_large_merged_to_self_recorded_fan_n20_decoder_only,9,large,merged,self_recorded_fan,20,decoder_only,776454975,20,6180,2910,25536,18.102174906386544,6.295067020298279,4.92,0.9722222222222223,0.96,8.073236176885064,0.9230769230769231,1.0,0.6805555555555556,0.8,0.29166666666666674,0.15999999999999992,0.497890625,0.7994987468671679,0.7229687499999999,0.8415446071904128,0.22507812499999996,0.042045860323244866,0.0,0.0,0.0,0.09938189387321472,0.2529337704181671,0.28186675906181335,0.0,0.21139414111773172,False,4.98,2026-09-23T16:35:45
stage2_large_merged_to_self_recorded_fan_n20_encoder_only__fold0,stage2_large_merged_to_self_recorded_fan_n20_encoder_only,0,large,merged,self_recorded_fan,20,encoder_only,6126509,20,6180,2910,25224,29.87309601380653,29.35125868099252,5.74,0.7222222222222223,0.8181818181818182,29.37780290531203,0.9,0.75,0.7083333333333333,0.8181818181818182,0.013888888888889062,0.0,0.6746484375,0.8144329896907216,0.7229687499999999,0.8415446071904128,0.04832031249999991,0.027111617499691154,0.1413966715335846,0.048266034573316574,0.08900585770606995,0.0,0.0,0.0,0.09288952127099037,0.0,True,5.79,2026-09-23T16:35:51
stage2_large_merged_to_self_recorded_fan_n20_encoder_only__fold1,stage2_large_merged_to_self_recorded_fan_n20_encoder_only,1,large,merged,self_recorded_fan,20,encoder_only,815697650,20,6180,2910,25224,27.48424237044816,26.978491969944276,5.14,0.7361111111111112,0.8333333333333334,26.977192815578608,0.8333333333333334,0.8333333333333334,0.7222222222222223,0.8181818181818182,0.01388888888888884,0.015151515151515138,0.6871093749999999,0.8149100257069408,0.7229687499999999,0.8415446071904128,0.03585937500000003,0.026634581483471975,0.13934479653835297,0.07618970423936844,0.08700834214687347,0.0,0.0,0.0,0.10084761430819829,0.0,False,5.19,2026-09-23T16:35:56
stage2_large_merged_to_self_recorded_fan_n20_encoder_only__fold2,stage2_large_merged_to_self_recorded_fan_n20_encoder_only,2,large,merged,self_recorded_fan,20,encoder_only,1120021510,20,6180,2910,25224,29.677133540517275,29.11694308408757,5.57,0.7361111111111112,0.8333333333333334,29.07431239937759,0.8333333333333334,0.8333333333333334,0.7222222222222223,0.8333333333333334,0.01388888888888884,0.0,0.68130859375,0.8149100257069408,0.7229687499999999,0.8415446071904128,0.04166015624999997,0.026634581483471975,0.13221026957035065,0.05119727551937103,0.08572012931108475,0.0,0.0,0.0,0.08970922480026881,0.0,False,5.62,2026-09-23T16:36:02
stage2_large_merged_to_self_recorded_fan_n20_encoder_only__fold3,stage2_large_merged_to_self_recorded_fan_n20_encoder_only,3,large,merged,self_recorded_fan,20,encoder_only,1777184782,20,6180,2910,25224,28.465849119363373,27.870069661091282,5.38,0.7083333333333334,0.8148148148148148,20.451625224513972,0.7333333333333333,0.9166666666666666,0.6944444444444444,0.8148148148148148,0.01388888888888895,0.0,0.6690624999999999,0.8159588159588159,0.7229687499999999,0.8415446071904128,0.053906250000000044,0.025585791231596877,0.14283977448940277,0.04548269510269165,0.09013764560222626,0.0,0.0,0.0,0.09282003839810689,0.0,False,5.43,2026-09-23T16:36:07
stage2_large_merged_to_self_recorded_fan_n20_encoder_only__fold4,stage2_large_merged_to_self_recorded_fan_n20_encoder_only,4,large,merged,self_recorded_fan,20,encoder_only,634814571,20,6180,2910,25224,29.89742971203991,29.331086345554628,5.31,0.7083333333333334,0.8148148148148148,20.3784591737112,0.7333333333333333,0.9166666666666666,0.6666666666666667,0.8,0.04166666666666663,0.014814814814814725,0.6942578125000001,0.8135135135135135,0.7229687499999999,0.8415446071904128,0.028710937499999867,0.028031093676899266,0.1351340264081955,0.07758177816867828,0.07668544352054596,0.0,0.0,0.0,0.09646708269913991,0.0,False,5.36,2026-09-23T16:36:12
stage2_large_merged_to_self_recorded_fan_n20_encoder_only__fold5,stage2_large_merged_to_self_recorded_fan_n20_encoder_only,5,large,merged,self_recorded_fan,20,encoder_only,1958810345,20,6180,2910,25224,28.833296805312955,28.28333852708954,5.79,0.7083333333333334,0.8,26.52894038599132,0.7692307692307693,0.8333333333333334,0.6666666666666667,0.7857142857142857,0.04166666666666663,0.014285714285714346,0.67953125,0.8138639281129654,0.7229687499999999,0.8415446071904128,0.04343749999999991,0.027680679077447423,0.13555410504341125,0.03512408584356308,0.08897779136896133,0.0,0.0,0.0,0.08655199408531189,0.0,False,5.84,2026-09-23T16:36:18
stage2_large_merged_to_self_recorded_fan_n20_encoder_only__fold6,stage2_large_merged_to_self_recorded_fan_n20_encoder_only,6,large,merged,self_recorded_fan,20,encoder_only,735389042,20,6180,2910,25224,30.129106403626118,29.495851280762977,5.23,0.6805555555555556,0.8148148148148148,20.853820822302108,0.7333333333333333,0.9166666666666666,0.6527777777777779,0.8,0.02777777777777768,0.014814814814814725,0.69541015625,0.8117797695262484,0.7229687499999999,0.8415446071904128,0.027558593749999916,0.02976483766416438,0.14012901484966278,0.07234903424978256,0.0813191682100296,0.0,0.0,0.0,0.09793240576982498,0.0,False,5.29,2026-09-23T16:36:24
stage2_large_merged_to_self_recorded_fan_n20_encoder_only__fold7,stage2_large_merged_to_self_recorded_fan_n20_encoder_only,7,large,merged,self_recorded_fan,20,encoder_only,938590754,20,6180,2910,25224,29.87415341249446,29.335682092253695,5.69,0.7222222222222223,0.8333333333333334,27.278855149585624,0.8333333333333334,0.8333333333333334,0.7083333333333334,0.8333333333333334,0.01388888888888895,0.0,0.67505859375,0.8103225806451613,0.7229687499999999,0.8415446071904128,0.04791015624999995,0.031222026545251524,0.14123691618442535,0.048141881823539734,0.08844760060310364,0.0,0.0,0.0,0.0926087995370229,0.0,False,5.75,2026-09-23T16:36:29
stage2_large_merged_to_self_recorded_fan_n20_encoder_only__fold8,stage2_large_merged_to_self_recorded_fan_n20_encoder_only,8,large,merged,self_recorded_fan,20,encoder_only,363524857,20,6180,2910,25224,27.689991823176747,27.129149505772542,5.23,0.6527777777777779,0.8148148148148148,20.30066748940808,0.7333333333333333,0.9166666666666666,0.6527777777777779,0.8,0.0,0.014814814814814725,0.6977929687500001,0.8143405889884763,0.7229687499999999,0.8415446071904128,0.025175781249999862,0.02720401820193652,0.13346421718597412,0.07438374310731888,0.08162588626146317,0.0,0.0,0.0,0.09649128218491872,0.0,False,5.29,2026-09-23T16:36:35
stage2_large_merged_to_self_recorded_fan_n20_encoder_only__fold9,stage2_large_merged_to_self_recorded_fan_n20_encoder_only,9,large,merged,self_recorded_fan,20,encoder_only,814034435,20,6180,2910,25224,30.130183190414584,29.5698899141292,5.25,0.6944444444444444,0.8,24.50589749110941,0.7692307692307693,0.8333333333333334,0.6805555555555556,0.8,0.01388888888888884,0.0,0.6800390625,0.8159588159588159,0.7229687499999999,0.8415446071904128,0.042929687499999925,0.025585791231596877,0.14028415083885193,0.05008748173713684,0.0959419533610344,0.0,0.0,0.0,0.09543786197900772,0.0,False,5.32,2026-09-23T16:36:40
stage2_large_merged_to_self_recorded_fan_n20_full__fold0,stage2_large_merged_to_self_recorded_fan_n20_full,0,large,merged,self_recorded_fan,20,full,1500672259,20,6180,2910,50760,17.27650929480484,5.512493389168966,6.32,1.0,1.0,8.513812109491587,1.0,1.0,0.7083333333333333,0.8181818181818182,0.29166666666666674,0.18181818181818177,0.42874999999999996,0.8,0.7229687499999999,0.8415446071904128,0.29421875,0.04154460719041275,0.2524656057357788,0.10327449440956116,0.09263350069522858,0.052697159349918365,0.1982811689376831,0.24947594106197357,0.14945786694685617,0.16681808978319168,True,6.37,2026-09-23T16:33:57
stage2_large_merged_to_self_recorded_fan_n20_full__fold1,stage2_large_merged_to_self_recorded_fan_n20_full,1,large,merged,self_recorded_fan,20,full,1661556955,20,6180,2910,50760,16.01309255226371,5.440994100472362,6.77,0.9861111111111112,0.96,6.811092908343079,0.9230769230769231,1.0,0.7222222222222223,0.8181818181818182,0.26388888888888884,0.14181818181818173,0.43404296875000004,0.8,0.7229687499999999,0.8415446071904128,0.2889257812499999,0.04154460719041275,0.23257173597812653,0.09283361583948135,0.17507019639015198,0.0523296520113945,0.18993444740772247,0.26334744691848755,0.16682518273591995,0.16853718211253485,False,6.82,2026-09-23T16:34:04
stage2_large_merged_to_self_recorded_fan_n20_full__fold2,stage2_large_merged_to_self_recorded_fan_n20_full,2,large,merged,self_recorded_fan,20,full,1330677512,20,6180,2910,50760,18.182860954520628,5.737982813844976,6.0,0.9861111111111112,0.96,6.420075848469661,0.9230769230769231,1.0,0.7222222222222223,0.8333333333333334,0.26388888888888884,0.1266666666666666,0.43234375,0.8005050505050505,0.7229687499999999,0.8415446071904128,0.2906249999999999,0.0410395566853623,0.2300817370414734,0.059251029044389725,0.0800352618098259,0.0497923381626606,0.14765188097953796,0.26119595766067505,0.12312267596522967,0.1528800589342912,False,6.05,2026-09-23T16:34:10
stage2_large_merged_to_self_recorded_fan_n20_full__fold3,stage2_large_merged_to_self_recorded_fan_n20_full,3,large,merged,self_recorded_fan,20,full,1800589425,20,6180,2910,50760,16.87714521663705,5.739509774237564,6.88,1.0,1.0,6.882427816292655,1.0,1.0,0.6944444444444444,0.8148148148148148,0.3055555555555556,0.18518518518518523,0.44505859375000006,0.7989949748743719,0.7229687499999999,0.8415446071904128,0.2779101562499999,0.04254963231604092,0.23370859026908875,0.07805334031581879,0.1539728343486786,0.05415792018175125,0.18971410393714905,0.256894588470459,0.15524492164452872,0.1669222041964531,False,6.93,2026-09-23T16:34:17
stage2_large_merged_to_self_recorded_fan_n20_full__fold4,stage2_large_merged_to_self_recorded_fan_n20_full,4,large,merged,self_recorded_fan,20,full,1926826645,20,6180,2910,50760,17.912601018689344,5.524283286222477,5.9,1.0,1.0,7.445902020669161,1.0,1.0,0.6666666666666667,0.8,0.33333333333333326,0.19999999999999996,0.41814453124999995,0.8,0.7229687499999999,0.8415446071904128,0.30482421875,0.04154460719041275,0.2351600080728531,0.07756568491458893,0.15328942239284515,0.05243605002760887,0.1653488576412201,0.2630658745765686,0.15533837179342905,0.16028359408179918,False,5.95,2026-09-23T16:34:23
stage2_large_merged_to_self_recorded_fan_n20_full__fold5,stage2_large_merged_to_self_recorded_fan_n20_full,5,large,merged,self_recorded_fan,20,full,781264044,20,6180,2910,50760,16.998931344022456,5.812528747873208,6.63,0.9861111111111112,0.96,6.024383399103848,0.9230769230769231,1.0,0.6666666666666667,0.7857142857142857,0.3194444444444444,0.17428571428571427,0.43107421875,0.8015170670037927,0.7229687499999999,0.8415446071904128,0.2918945312499999,0.040027540186620136,0.24172791838645935,0.05019507184624672,0.08223765343427658,0.04925346001982689,0.17518413066864014,0.25024497509002686,0.12472021455566089,0.15822752192616463,False,6.68,2026-09-23T16:34:30
stage2_large_merged_to_self_recorded_fan_n20_full__fold6,stage2_large_merged_to_self_recorded_fan_n20_full,6,large,merged,self_recorded_fan,20,full,545718164,20,6180,2910,50760,17.935981170418337,5.438596184720698,5.97,1.0,1.0,6.227561138387044,1.0,1.0,0.6527777777777779,0.8,0.3472222222222221,0.19999999999999996,0.42406249999999995,0.8,0.7229687499999999,0.8415446071904128,0.29890625,0.04154460719041275,0.25414252281188965,0.06863703578710556,0.15084487199783325,0.054063741117715836,0.18014168739318848,0.26109591126441956,0.1578748101989428,0.1651004465917746,False,6.02,2026-09-23T16:34:36
stage2_large_merged_to_self_recorded_fan_n20_full__fold7,stage2_large_merged_to_self_recorded_fan_n20_full,7,large,merged,self_recorded_fan,20,full,1701759105,20,6180,2910,50760,17.59748336949299,5.808372507390287,6.62,1.0,1.0,7.021985471412945,1.0,1.0,0.7083333333333334,0.8333333333333334,0.29166666666666663,0.16666666666666663,0.396015625,0.8005050505050505,0.7229687499999999,0.8415446071904128,0.32695312499999996,0.0410395566853623,0.24711018800735474,0.0527714341878891,0.08227330446243286,0.05116085335612297,0.178796648979187,0.26385870575904846,0.1273849755525589,0.1646054026981195,False,6.67,2026-09-23T16:34:43
stage2_large_merged_to_self_recorded_fan_n20_full__fold8,stage2_large_merged_to_self_recorded_fan_n20_full,8,large,merged,self_recorded_fan,20,full,771639579,20,6180,2910,50760,16.61563086755497,5.6624936565910415,5.94,1.0,1.0,7.314116246946105,1.0,1.0,0.6527777777777779,0.8,0.3472222222222221,0.19999999999999996,0.41609375000000004,0.8005050505050505,0.7229687499999999,0.8415446071904128,0.3068749999999999,0.0410395566853623,0.24568843841552734,0.0799451619386673,0.08121773600578308,0.052469782531261444,0.1662030965089798,0.2668145000934601,0.13561711211999258,0.16182912637790045,False,5.99,2026-09-23T16:34:49
stage2_large_merged_to_self_recorded_fan_n20_full__fold9,stage2_large_merged_to_self_recorded_fan_n20_full,9,large,merged,self_recorded_fan,20,full,1519849347,20,6180,2910,50760,17.624069626798335,5.353413404877653,6.6,1.0,1.0,7.525043417684818,1.0,1.0,0.6805555555555556,0.8,0.3194444444444444,0.19999999999999996,0.39705078124999993,0.8015170670037927,0.7229687499999999,0.8415446071904128,0.32591796875,0.040027540186620136,0.2365407794713974,0.07939011603593826,0.08324933797121048,0.05099959298968315,0.14905312657356262,0.26165077090263367,0.13306007782618204,0.15390116348862648,False,6.65,2026-09-23T16:34:55
stage2_large_merged_to_self_recorded_fan_n40_bottleneck_only__fold0,stage2_large_merged_to_self_recorded_fan_n40_bottleneck_only,0,large,merged,self_recorded_fan,40,bottleneck_only,793564129,40,12360,5820,1096,28.359259625071104,23.382481869963026,9.51,0.75,0.8461538461538461,19.269772213848487,0.7857142857142857,0.9166666666666666,0.7083333333333333,0.8181818181818182,0.04166666666666674,0.027972027972027913,0.5114453125,0.8020304568527918,0.7229687499999999,0.8415446071904128,0.2115234374999999,0.03951415033762096,0.0,0.0,0.464497447013855,0.2678566575050354,0.0,0.0,0.15483248233795166,0.08928555250167847,True,9.58,2026-09-23T16:43:11
stage2_large_merged_to_self_recorded_fan_n40_bottleneck_only__fold1,stage2_large_merged_to_self_recorded_fan_n40_bottleneck_only,1,large,merged,self_recorded_fan,40,bottleneck_only,958970160,40,12360,5820,1096,27.703071545079812,22.915097610237673,9.77,0.7222222222222222,0.8461538461538461,19.40046840994597,0.7857142857142857,0.9166666666666666,0.7222222222222223,0.8181818181818182,-1.1102230246251565e-16,0.027972027972027913,0.54103515625,0.8025316455696202,0.7229687499999999,0.8415446071904128,0.18193359374999996,0.0390129616207926,0.0,0.0,0.4451153874397278,0.2742082476615906,0.0,0.0,0.14837179581324259,0.0914027492205302,False,9.83,2026-09-23T16:43:21
stage2_large_merged_to_self_recorded_fan_n40_bottleneck_only__fold2,stage2_large_merged_to_self_recorded_fan_n40_bottleneck_only,2,large,merged,self_recorded_fan,40,bottleneck_only,2140629314,40,12360,5820,1096,28.090839887402723,23.2487495560007,9.63,0.7222222222222222,0.8461538461538461,19.81376487635507,0.7857142857142857,0.9166666666666666,0.7222222222222223,0.8333333333333334,-1.1102230246251565e-16,0.012820512820512775,0.53357421875,0.8055908513341804,0.7229687499999999,0.8415446071904128,0.18939453124999994,0.035953755856232394,0.0,0.0,0.43991443514823914,0.276272714138031,0.0,0.0,0.14663814504941305,0.092090904712677,False,9.68,2026-09-23T16:43:30
stage2_large_merged_to_self_recorded_fan_n40_bottleneck_only__fold3,stage2_large_merged_to_self_recorded_fan_n40_bottleneck_only,3,large,merged,self_recorded_fan,40,bottleneck_only,1075520866,40,12360,5820,1096,27.793471188889335,22.870822503394688,9.66,0.6805555555555556,0.8461538461538461,19.124216551675524,0.7857142857142857,0.9166666666666666,0.6944444444444444,0.8148148148148148,-0.01388888888888884,0.031339031339031376,0.5387109375,0.8025316455696202,0.7229687499999999,0.8415446071904128,0.18425781249999995,0.0390129616207926,0.0,0.0,0.4528551697731018,0.2750203311443329,0.0,0.0,0.1509517232577006,0.09167344371477763,False,9.71,2026-09-23T16:43:40
stage2_large_merged_to_self_recorded_fan_n40_bottleneck_only__fold4,stage2_large_merged_to_self_recorded_fan_n40_bottleneck_only,4,large,merged,self_recorded_fan,40,bottleneck_only,1256456551,40,12360,5820,1096,28.06711656039523,23.131998170282422,9.05,0.7083333333333333,0.8461538461538461,18.591277616590638,0.7857142857142857,0.9166666666666666,0.6666666666666667,0.8,0.04166666666666652,0.0461538461538461,0.54955078125,0.8025157232704403,0.7229687499999999,0.8415446071904128,0.17341796874999993,0.0390288839199725,0.0,0.0,0.4774983525276184,0.2821349799633026,0.0,0.0,0.15916611750920615,0.09404499332110088,False,9.1,2026-09-23T16:43:49
stage2_large_merged_to_self_recorded_fan_n40_bottleneck_only__fold5,stage2_large_merged_to_self_recorded_fan_n40_bottleneck_only,5,large,merged,self_recorded_fan,40,bottleneck_only,1785055830,40,12360,5820,1096,28.730614691665494,23.671586292306174,9.55,0.7083333333333335,0.8571428571428571,17.570738592234672,0.75,1.0,0.6666666666666667,0.7857142857142857,0.04166666666666674,0.0714285714285714,0.5344726562500001,0.8015170670037927,0.7229687499999999,0.8415446071904128,0.18849609374999987,0.040027540186620136,0.0,0.0,0.44827064871788025,0.27386921644210815,0.0,0.0,0.14942354957262674,0.09128973881403606,False,9.6,2026-09-23T16:43:59
stage2_large_merged_to_self_recorded_fan_n40_bottleneck_only__fold6,stage2_large_merged_to_self_recorded_fan_n40_bottleneck_only,6,large,merged,self_recorded_fan,40,bottleneck_only,1735891758,40,12360,5820,1096,28.599782796250174,23.61039083028577,9.76,0.6944444444444444,0.8461538461538461,19.361990711893522,0.7857142857142857,0.9166666666666666,0.6527777777777779,0.8,0.04166666666666652,0.0461538461538461,0.5014062499999999,0.8015075376884422,0.7229687499999999,0.8415446071904128,0.2215625,0.04003706950197061,0.0,0.0,0.4804580509662628,0.27156686782836914,0.0,0.0,0.16015268365542093,0.09052228927612305,False,9.82,2026-09-23T16:44:09
stage2_large_merged_to_self_recorded_fan_n40_bottleneck_only__fold7,stage2_large_merged_to_self_recorded_fan_n40_bottleneck_only,7,large,merged,self_recorded_fan,40,bottleneck_only,1733803714,40,12360,5820,1096,27.673192751776313,23.02998187861492,9.65,0.7222222222222222,0.8461538461538461,18.695513721731025,0.7857142857142857,0.9166666666666666,0.7083333333333334,0.8333333333333334,0.01388888888888884,0.012820512820512775,0.51078125,0.8015075376884422,0.7229687499999999,0.8415446071904128,0.21218749999999997,0.04003706950197061,0.0,0.0,0.4777694642543793,0.2586382329463959,0.0,0.0,0.1592564880847931,0.08621274431546529,False,9.71,2026-09-23T16:44:18
stage2_large_merged_to_self_recorded_fan_n40_bottleneck_only__fold8,stage2_large_merged_to_self_recorded_fan_n40_bottleneck_only,8,large,merged,self_recorded_fan,40,bottleneck_only,178430864,40,12360,5820,1096,28.065363235080365,23.110452484838742,9.43,0.6944444444444444,0.8461538461538461,19.324241443093275,0.7857142857142857,0.9166666666666666,0.6527777777777779,0.8,0.04166666666666652,0.0461538461538461,0.5470703124999999,0.8025157232704403,0.7229687499999999,0.8415446071904128,0.1758984375,0.0390288839199725,0.0,0.0,0.4695790410041809,0.27742505073547363,0.0,0.0,0.15652634700139365,0.09247501691182454,False,9.49,2026-09-23T16:44:28
stage2_large_merged_to_self_recorded_fan_n40_bottleneck_only__fold9,stage2_large_merged_to_self_recorded_fan_n40_bottleneck_only,9,large,merged,self_recorded_fan,40,bottleneck_only,1051699413,40,12360,5820,1096,29.079422980239713,23.830178555754042,9.68,0.6944444444444445,0.8275862068965517,14.466621408184755,0.7058823529411765,1.0,0.6805555555555556,0.8,0.01388888888888895,0.027586206896551668,0.55068359375,0.8025157232704403,0.7229687499999999,0.8415446071904128,0.17228515624999996,0.0390288839199725,0.0,0.0,0.4666159749031067,0.2822445333003998,0.0,0.0,0.15553865830103555,0.09408151110013326,False,9.74,2026-09-23T16:44:38
stage2_large_merged_to_self_recorded_fan_n40_decoder_only__fold0,stage2_large_merged_to_self_recorded_fan_n40_decoder_only,0,large,merged,self_recorded_fan,40,decoder_only,1854199093,40,12360,5820,25536,15.152396064443687,5.983596479769835,9.77,0.9861111111111112,0.96,7.790206041273684,0.9230769230769231,1.0,0.7083333333333333,0.8181818181818182,0.2777777777777779,0.14181818181818173,0.520234375,0.8,0.7229687499999999,0.8415446071904128,0.2027343749999999,0.04154460719041275,0.0,0.0,0.0,0.11987078934907913,0.2694760262966156,0.3782816529273987,0.0,0.25587615619103116,True,9.84,2026-09-23T16:39:42
stage2_large_merged_to_self_recorded_fan_n40_decoder_only__fold1,stage2_large_merged_to_self_recorded_fan_n40_decoder_only,1,large,merged,self_recorded_fan,40,decoder_only,683673266,40,12360,5820,25536,15.048398696270185,6.282346029871518,9.89,1.0,1.0,8.085656226429137,1.0,1.0,0.7222222222222223,0.8181818181818182,0.2777777777777777,0.18181818181818177,0.5193554687499999,0.8,0.7229687499999999,0.8415446071904128,0.20361328125,0.04154460719041275,0.0,0.0,0.0,0.11078935116529465,0.2794065773487091,0.3765798509120941,0.0,0.25559192647536594,False,9.94,2026-09-23T16:39:52
stage2_large_merged_to_self_recorded_fan_n40_decoder_only__fold2,stage2_large_merged_to_self_recorded_fan_n40_decoder_only,2,large,merged,self_recorded_fan,40,decoder_only,1993095127,40,12360,5820,25536,15.410998531223573,6.410688038953801,9.3,0.9861111111111112,0.96,6.2497526623195725,0.9230769230769231,1.0,0.7222222222222223,0.8333333333333334,0.26388888888888884,0.1266666666666666,0.5060546875,0.8,0.7229687499999999,0.8415446071904128,0.2169140624999999,0.04154460719041275,0.0,0.0,0.0,0.1122090294957161,0.2641631066799164,0.3617163896560669,0.0,0.24602950861056647,False,9.37,2026-09-23T16:40:02
stage2_large_merged_to_self_recorded_fan_n40_decoder_only__fold3,stage2_large_merged_to_self_recorded_fan_n40_decoder_only,3,large,merged,self_recorded_fan,40,decoder_only,1240234752,40,12360,5820,25536,15.11629197523766,6.3061934598942395,9.48,0.9861111111111112,0.96,6.749640311428835,0.9230769230769231,1.0,0.6944444444444444,0.8148148148148148,0.29166666666666674,0.1451851851851852,0.5306054687499999,0.8005018820577164,0.7229687499999999,0.8415446071904128,0.19236328125000002,0.041042725132696356,0.0,0.0,0.0,0.12091682106256485,0.2902911901473999,0.37816593050956726,0.0,0.263124647239844,False,9.53,2026-09-23T16:40:11
stage2_large_merged_to_self_recorded_fan_n40_decoder_only__fold4,stage2_large_merged_to_self_recorded_fan_n40_decoder_only,4,large,merged,self_recorded_fan,40,decoder_only,556254977,40,12360,5820,25536,15.193677449963756,6.281974037897956,9.69,1.0,1.0,8.790490584678075,1.0,1.0,0.6666666666666667,0.8,0.33333333333333326,0.19999999999999996,0.5270703125,0.8005018820577164,0.7229687499999999,0.8415446071904128,0.1958984374999999,0.041042725132696356,0.0,0.0,0.0,0.11229616403579712,0.30813199281692505,0.3679473102092743,0.0,0.26279182235399884,False,9.74,2026-09-23T16:40:21
stage2_large_merged_to_self_recorded_fan_n40_decoder_only__fold5,stage2_large_merged_to_self_recorded_fan_n40_decoder_only,5,large,merged,self_recorded_fan,40,decoder_only,1592467637,40,12360,5820,25536,15.57438721116056,6.253738054295176,9.6,0.9444444444444444,0.96,6.520826024110228,0.9230769230769231,1.0,0.6666666666666667,0.7857142857142857,0.2777777777777777,0.17428571428571427,0.52720703125,0.8,0.7229687499999999,0.8415446071904128,0.19576171874999992,0.04154460719041275,0.0,0.0,0.0,0.115387924015522,0.27706974744796753,0.3667745888233185,0.0,0.2530774200956027,False,9.66,2026-09-23T16:40:31
stage2_large_merged_to_self_recorded_fan_n40_decoder_only__fold6,stage2_large_merged_to_self_recorded_fan_n40_decoder_only,6,large,merged,self_recorded_fan,40,decoder_only,1781860562,40,12360,5820,25536,15.577693334559804,6.363965602265191,9.33,1.0,1.0,7.295057420334898,1.0,1.0,0.6527777777777779,0.8,0.3472222222222221,0.19999999999999996,0.5013671875,0.8,0.7229687499999999,0.8415446071904128,0.22160156249999996,0.04154460719041275,0.0,0.0,0.0,0.108941450715065,0.3039027452468872,0.3681105375289917,0.0,0.2603182444969813,False,9.39,2026-09-23T16:40:40
stage2_large_merged_to_self_recorded_fan_n40_decoder_only__fold7,stage2_large_merged_to_self_recorded_fan_n40_decoder_only,7,large,merged,self_recorded_fan,40,decoder_only,1427221987,40,12360,5820,25536,14.666307813113498,6.242555502763729,9.95,1.0,1.0,7.270040179901892,1.0,1.0,0.7083333333333334,0.8333333333333334,0.29166666666666663,0.16666666666666663,0.5303906250000001,0.8,0.7229687499999999,0.8415446071904128,0.19257812499999982,0.04154460719041275,0.0,0.0,0.0,0.11376169323921204,0.3227604925632477,0.37304505705833435,0.0,0.2698557476202647,False,10.0,2026-09-23T16:40:50
stage2_large_merged_to_self_recorded_fan_n40_decoder_only__fold8,stage2_large_merged_to_self_recorded_fan_n40_decoder_only,8,large,merged,self_recorded_fan,40,decoder_only,1570802659,40,12360,5820,25536,15.202259088299938,6.158555436380131,9.89,1.0,1.0,6.5390936739921095,1.0,1.0,0.6527777777777779,0.8,0.3472222222222221,0.19999999999999996,0.5205664062500001,0.8,0.7229687499999999,0.8415446071904128,0.20240234374999988,0.04154460719041275,0.0,0.0,0.0,0.1170257106423378,0.3281670808792114,0.36759689450263977,0.0,0.27092989534139633,False,9.95,2026-09-23T16:41:00
stage2_large_merged_to_self_recorded_fan_n40_decoder_only__fold9,stage2_large_merged_to_self_recorded_fan_n40_decoder_only,9,large,merged,self_recorded_fan,40,decoder_only,1234706009,40,12360,5820,25536,15.714069145241963,6.102370335883701,9.7,1.0,1.0,8.03980299074486,1.0,1.0,0.6805555555555556,0.8,0.3194444444444444,0.19999999999999996,0.5033398437500001,0.8,0.7229687499999999,0.8415446071904128,0.21962890624999987,0.04154460719041275,0.0,0.0,0.0,0.11058081686496735,0.2891439199447632,0.3750518262386322,0.0,0.2582588543494542,False,9.76,2026-09-23T16:41:10
stage2_large_merged_to_self_recorded_fan_n40_encoder_only__fold0,stage2_large_merged_to_self_recorded_fan_n40_encoder_only,0,large,merged,self_recorded_fan,40,encoder_only,801019164,40,12360,5820,25224,29.3848824648513,28.971977017589452,10.85,0.7222222222222223,0.8181818181818182,29.3832595972721,0.9,0.75,0.7083333333333333,0.8181818181818182,0.013888888888889062,0.0,0.6905273437499999,0.8180645161290323,0.7229687499999999,0.8415446071904128,0.03244140625000003,0.023480091061380493,0.15878939628601074,0.08083414286375046,0.11001231521368027,0.0,0.0,0.0,0.11654528478781383,0.0,True,10.91,2026-09-23T16:41:21
stage2_large_merged_to_self_recorded_fan_n40_encoder_only__fold1,stage2_large_merged_to_self_recorded_fan_n40_encoder_only,1,large,merged,self_recorded_fan,40,encoder_only,1372832914,40,12360,5820,25224,28.613943916006185,28.20550542025222,10.92,0.7361111111111112,0.8333333333333334,26.94341062284925,0.8333333333333334,0.8333333333333334,0.7222222222222223,0.8181818181818182,0.01388888888888884,0.015151515151515138,0.692109375,0.8173455978975033,0.7229687499999999,0.8415446071904128,0.03085937499999991,0.024199009292909524,0.15487392246723175,0.08146263659000397,0.10841640830039978,0.0,0.0,0.0,0.1149176557858785,0.0,False,10.98,2026-09-23T16:41:32
stage2_large_merged_to_self_recorded_fan_n40_encoder_only__fold2,stage2_large_merged_to_self_recorded_fan_n40_encoder_only,2,large,merged,self_recorded_fan,40,encoder_only,575195330,40,12360,5820,25224,29.073308050017996,28.65283972946639,11.34,0.7361111111111112,0.8333333333333334,29.082356257845397,0.8333333333333334,0.8333333333333334,0.7222222222222223,0.8333333333333334,0.01388888888888884,0.0,0.69462890625,0.817824377457405,0.7229687499999999,0.8415446071904128,0.028339843749999982,0.023720229733007803,0.1595247983932495,0.07734750956296921,0.10627789795398712,0.0,0.0,0.0,0.11438340197006862,0.0,False,11.39,2026-09-23T16:41:43
stage2_large_merged_to_self_recorded_fan_n40_encoder_only__fold3,stage2_large_merged_to_self_recorded_fan_n40_encoder_only,3,large,merged,self_recorded_fan,40,encoder_only,1864502583,40,12360,5820,25224,28.719600490688048,28.248662142409493,10.95,0.7083333333333334,0.8148148148148148,20.440923262009942,0.7333333333333333,0.9166666666666666,0.6944444444444444,0.8148148148148148,0.01388888888888895,0.0,0.67814453125,0.8201811125485123,0.7229687499999999,0.8415446071904128,0.04482421874999998,0.02136349464190046,0.16024447977542877,0.04343300685286522,0.11569936573505402,0.0,0.0,0.0,0.10645895078778267,0.0,False,11.0,2026-09-23T16:41:54
stage2_large_merged_to_self_recorded_fan_n40_encoder_only__fold4,stage2_large_merged_to_self_recorded_fan_n40_encoder_only,4,large,merged,self_recorded_fan,40,encoder_only,556334766,40,12360,5820,25224,28.809707454799376,28.381022600783517,11.36,0.6944444444444444,0.8148148148148148,20.385541357237898,0.7333333333333333,0.9166666666666666,0.6666666666666667,0.8,0.02777777777777768,0.014814814814814725,0.68453125,0.8191214470284238,0.7229687499999999,0.8415446071904128,0.0384374999999999,0.022423160161988975,0.1581035703420639,0.07832398265600204,0.1132185086607933,0.0,0.0,0.0,0.11654868721961975,0.0,False,11.42,2026-09-23T16:42:05
stage2_large_merged_to_self_recorded_fan_n40_encoder_only__fold5,stage2_large_merged_to_self_recorded_fan_n40_encoder_only,5,large,merged,self_recorded_fan,40,encoder_only,1315467361,40,12360,5820,25224,29.69968215706422,29.26806971953087,10.89,0.6944444444444444,0.8,26.50976678406474,0.7692307692307693,0.8333333333333334,0.6666666666666667,0.7857142857142857,0.02777777777777768,0.014285714285714346,0.6949218749999999,0.8180645161290323,0.7229687499999999,0.8415446071904128,0.028046875000000027,0.023480091061380493,0.16118289530277252,0.08484513312578201,0.10896526277065277,0.0,0.0,0.0,0.11833109706640244,0.0,False,10.95,2026-09-23T16:42:16
stage2_large_merged_to_self_recorded_fan_n40_encoder_only__fold6,stage2_large_merged_to_self_recorded_fan_n40_encoder_only,6,large,merged,self_recorded_fan,40,encoder_only,296780930,40,12360,5820,25224,29.518504231246478,29.057662639421284,11.27,0.6805555555555556,0.8148148148148148,20.858016441596792,0.7333333333333333,0.9166666666666666,0.6527777777777779,0.8,0.02777777777777768,0.014814814814814725,0.67033203125,0.817824377457405,0.7229687499999999,0.8415446071904128,0.05263671874999998,0.023720229733007803,0.1596105843782425,0.057756271213293076,0.11163564026355743,0.0,0.0,0.0,0.10966749861836433,0.0,False,11.33,2026-09-23T16:42:28
stage2_large_merged_to_self_recorded_fan_n40_encoder_only__fold7,stage2_large_merged_to_self_recorded_fan_n40_encoder_only,7,large,merged,self_recorded_fan,40,encoder_only,338728135,40,12360,5820,25224,28.52903306115534,28.111990220767936,11.24,0.7222222222222223,0.8333333333333334,27.2935384577532,0.8333333333333334,0.8333333333333334,0.7083333333333334,0.8333333333333334,0.01388888888888895,0.0,0.6930273437500001,0.8181818181818182,0.7229687499999999,0.8415446071904128,0.029941406249999858,0.023362789008594564,0.15230409801006317,0.07963281124830246,0.1042313501238823,0.0,0.0,0.0,0.11205608646074931,0.0,False,11.3,2026-09-23T16:42:39
stage2_large_merged_to_self_recorded_fan_n40_encoder_only__fold8,stage2_large_merged_to_self_recorded_fan_n40_encoder_only,8,large,merged,self_recorded_fan,40,encoder_only,1918643573,40,12360,5820,25224,28.9239439816819,28.43377228373105,11.18,0.6527777777777779,0.8148148148148148,20.323838444846608,0.7333333333333333,0.9166666666666666,0.6527777777777779,0.8,0.0,0.014814814814814725,0.6937304687500001,0.8180645161290323,0.7229687499999999,0.8415446071904128,0.02923828124999983,0.023480091061380493,0.15600501000881195,0.08175987750291824,0.11071402579545975,0.0,0.0,0.0,0.11615963776906331,0.0,False,11.24,2026-09-23T16:42:50
stage2_large_merged_to_self_recorded_fan_n40_encoder_only__fold9,stage2_large_merged_to_self_recorded_fan_n40_encoder_only,9,large,merged,self_recorded_fan,40,encoder_only,1942437959,40,12360,5820,25224,29.909327792138168,29.46471652787985,10.86,0.6944444444444444,0.8,24.499212768085563,0.7692307692307693,0.8333333333333334,0.6805555555555556,0.8,0.01388888888888884,0.0,0.670390625,0.8180645161290323,0.7229687499999999,0.8415446071904128,0.05257812499999992,0.023480091061380493,0.16291950643062592,0.057408109307289124,0.1163005456328392,0.0,0.0,0.0,0.11220938712358475,0.0,False,10.92,2026-09-23T16:43:01
stage2_large_merged_to_self_recorded_fan_n40_full__fold0,stage2_large_merged_to_self_recorded_fan_n40_full,0,large,merged,self_recorded_fan,40,full,1319469716,40,12360,5820,50760,14.566931847444515,5.158035565897362,12.49,1.0,1.0,8.487400677514223,1.0,1.0,0.7083333333333333,0.8181818181818182,0.29166666666666674,0.18181818181818177,0.40595703125,0.7984981226533167,0.7229687499999999,0.8415446071904128,0.31701171874999995,0.04304648453709614,0.3091486692428589,0.12055493146181107,0.1007326990365982,0.0621025413274765,0.22750796377658844,0.29952752590179443,0.17681209991375604,0.19637934366861978,True,12.56,2026-09-23T16:37:41
stage2_large_merged_to_self_recorded_fan_n40_full__fold1,stage2_large_merged_to_self_recorded_fan_n40_full,1,large,merged,self_recorded_fan,40,full,542528638,40,12360,5820,50760,14.50496017318411,5.2467293837635784,12.45,1.0,1.0,7.106795457932914,1.0,1.0,0.7222222222222223,0.8181818181818182,0.2777777777777777,0.18181818181818177,0.40564453125,0.7989821882951654,0.7229687499999999,0.8415446071904128,0.31732421874999994,0.04256241889524737,0.313274621963501,0.16653253138065338,0.18577609956264496,0.0691109150648117,0.23830240964889526,0.3064195513725281,0.22186108430226645,0.20461095869541168,False,12.5,2026-09-23T16:37:54
stage2_large_merged_to_self_recorded_fan_n40_full__fold2,stage2_large_merged_to_self_recorded_fan_n40_full,2,large,merged,self_recorded_fan,40,full,1196362471,40,12360,5820,50760,14.889652758529506,5.407624561762073,12.42,1.0,1.0,6.011834880966484,1.0,1.0,0.7222222222222223,0.8333333333333334,0.2777777777777777,0.16666666666666663,0.4128125,0.799492385786802,0.7229687499999999,0.8415446071904128,0.3101562499999999,0.04205222140361076,0.3072384297847748,0.14592649042606354,0.1053176000714302,0.06623461842536926,0.2312728762626648,0.300541490316391,0.1861608400940895,0.1993496616681417,False,12.48,2026-09-23T16:38:06
stage2_large_merged_to_self_recorded_fan_n40_full__fold3,stage2_large_merged_to_self_recorded_fan_n40_full,3,large,merged,self_recorded_fan,40,full,1612264248,40,12360,5820,50760,14.518322158105594,5.394611833021813,12.3,1.0,1.0,6.484862013233982,1.0,1.0,0.6944444444444444,0.8148148148148148,0.3055555555555556,0.18518518518518523,0.43132812499999995,0.7984981226533167,0.7229687499999999,0.8415446071904128,0.291640625,0.04304648453709614,0.3074132800102234,0.09002596884965897,0.18570870161056519,0.06821159273386002,0.22148233652114868,0.299453467130661,0.19438265015681586,0.1963824654618899,False,12.35,2026-09-23T16:38:18
stage2_large_merged_to_self_recorded_fan_n40_full__fold4,stage2_large_merged_to_self_recorded_fan_n40_full,4,large,merged,self_recorded_fan,40,full,1943124829,40,12360,5820,50760,14.61460642470527,5.282393202339251,12.4,1.0,1.0,6.681789765725503,1.0,1.0,0.6666666666666667,0.8,0.33333333333333326,0.19999999999999996,0.39212890624999996,0.7989821882951654,0.7229687499999999,0.8415446071904128,0.33083984375,0.04256241889524737,0.3093990087509155,0.14056327939033508,0.11136694997549057,0.06835300475358963,0.2369721680879593,0.3156059980392456,0.18710974603891373,0.20697705696026483,False,12.46,2026-09-23T16:38:31
stage2_large_merged_to_self_recorded_fan_n40_full__fold5,stage2_large_merged_to_self_recorded_fan_n40_full,5,large,merged,self_recorded_fan,40,full,244313503,40,12360,5820,50760,14.946607427498728,5.355916509923246,12.11,1.0,1.0,7.585303298049717,1.0,1.0,0.6666666666666667,0.7857142857142857,0.33333333333333326,0.2142857142857143,0.42523437499999994,0.7984981226533167,0.7229687499999999,0.8415446071904128,0.297734375,0.04304648453709614,0.31195852160453796,0.1310330629348755,0.18593944609165192,0.06598488241434097,0.23579296469688416,0.29586929082870483,0.2096436768770218,0.1992157126466433,False,12.19,2026-09-23T16:38:43
stage2_large_merged_to_self_recorded_fan_n40_full__fold6,stage2_large_merged_to_self_recorded_fan_n40_full,6,large,merged,self_recorded_fan,40,full,1781864183,40,12360,5820,50760,14.945914293072887,5.387393051816016,12.18,1.0,1.0,6.054216713990617,1.0,1.0,0.6527777777777779,0.8,0.3472222222222221,0.19999999999999996,0.39404296875,0.7984981226533167,0.7229687499999999,0.8415446071904128,0.32892578124999994,0.04304648453709614,0.32349586486816406,0.15049009025096893,0.19443829357624054,0.06335866451263428,0.21860526502132416,0.3004041314125061,0.22280808289845785,0.19412268698215485,False,12.24,2026-09-23T16:38:55
stage2_large_merged_to_self_recorded_fan_n40_full__fold7,stage2_large_merged_to_self_recorded_fan_n40_full,7,large,merged,self_recorded_fan,40,full,30140367,40,12360,5820,50760,14.135915549760012,5.358298336107707,12.12,1.0,1.0,5.817876737143278,1.0,1.0,0.7083333333333334,0.8333333333333334,0.29166666666666663,0.16666666666666663,0.4042578125,0.799492385786802,0.7229687499999999,0.8415446071904128,0.31871093749999996,0.04205222140361076,0.29113447666168213,0.10885375738143921,0.2079799622297287,0.06589639186859131,0.22075049579143524,0.3024626672267914,0.20265606542428335,0.1963698516289393,False,12.18,2026-09-23T16:39:07
stage2_large_merged_to_self_recorded_fan_n40_full__fold8,stage2_large_merged_to_self_recorded_fan_n40_full,8,large,merged,self_recorded_fan,40,full,1917144175,40,12360,5820,50760,14.63191092874586,5.2768177002975625,12.54,1.0,1.0,5.70203035021458,1.0,1.0,0.6527777777777779,0.8,0.3472222222222221,0.19999999999999996,0.3967578125,0.7984981226533167,0.7229687499999999,0.8415446071904128,0.32621093749999996,0.04304648453709614,0.3122994601726532,0.12381993979215622,0.22070936858654022,0.0656568855047226,0.2218218594789505,0.31199824810028076,0.2189429228504499,0.19982566436131796,False,12.6,2026-09-23T16:39:20
stage2_large_merged_to_self_recorded_fan_n40_full__fold9,stage2_large_merged_to_self_recorded_fan_n40_full,9,large,merged,self_recorded_fan,40,full,2063524422,40,12360,5820,50760,15.108344240286916,5.199131341324639,12.4,1.0,1.0,6.509509681240769,1.0,1.0,0.6805555555555556,0.8,0.3194444444444444,0.19999999999999996,0.395078125,0.799492385786802,0.7229687499999999,0.8415446071904128,0.32789062499999994,0.04205222140361076,0.3125094473361969,0.14336395263671875,0.12484896928071976,0.0672510489821434,0.23695774376392365,0.3060411512851715,0.19357412308454514,0.20341664801041284,False,12.46,2026-09-23T16:39:33
stage2_large_merged_to_self_recorded_fan_n5_bottleneck_only__fold0,stage2_large_merged_to_self_recorded_fan_n5_bottleneck_only,0,large,merged,self_recorded_fan,5,bottleneck_only,1863443505,5,1545,750,1096,36.53837280273437,29.59472221374512,1.22,0.7083333333333334,0.8148148148148148,20.47962508379596,0.7333333333333333,0.9166666666666666,0.7083333333333333,0.8181818181818182,1.1102230246251565e-16,-0.0033670033670034627,0.6270507812499999,0.8010012515644556,0.7229687499999999,0.8415446071904128,0.09591796875000003,0.040543355625957234,0.0,0.0,0.08666212111711502,0.08063504844903946,0.0,0.0,0.028887373705705006,0.026878349483013153,True,1.28,2026-09-23T16:31:50
stage2_large_merged_to_self_recorded_fan_n5_bottleneck_only__fold1,stage2_large_merged_to_self_recorded_fan_n5_bottleneck_only,1,large,merged,self_recorded_fan,5,bottleneck_only,2052594589,5,1545,750,1096,25.899699630737306,21.387080955505372,1.16,0.6944444444444444,0.8,21.101484689207993,0.7692307692307693,0.8333333333333334,0.7222222222222223,0.8181818181818182,-0.0277777777777779,-0.018181818181818188,0.6741992187499999,0.7984981226533167,0.7229687499999999,0.8415446071904128,0.04876953125000005,0.04304648453709614,0.0,0.0,0.08760558813810349,0.09020214527845383,0.0,0.0,0.02920186271270116,0.030067381759484608,False,1.2,2026-09-23T16:31:51
stage2_large_merged_to_self_recorded_fan_n5_bottleneck_only__fold2,stage2_large_merged_to_self_recorded_fan_n5_bottleneck_only,2,large,merged,self_recorded_fan,5,bottleneck_only,1531241137,5,1545,750,1096,34.03310447692871,28.49155792236328,1.19,0.6944444444444444,0.8148148148148148,19.43634557963583,0.7333333333333333,0.9166666666666666,0.7222222222222223,0.8333333333333334,-0.0277777777777779,-0.0185185185185186,0.66625,0.8110236220472441,0.7229687499999999,0.8415446071904128,0.05671874999999993,0.0305209851431687,0.0,0.0,0.09557141363620758,0.08229614049196243,0.0,0.0,0.03185713787873586,0.027432046830654144,False,1.24,2026-09-23T16:31:52
stage2_large_merged_to_self_recorded_fan_n5_bottleneck_only__fold3,stage2_large_merged_to_self_recorded_fan_n5_bottleneck_only,3,large,merged,self_recorded_fan,5,bottleneck_only,1598564533,5,1545,750,1096,29.941238403320312,25.84845260620117,1.18,0.6944444444444445,0.8275862068965517,15.713910408390378,0.7058823529411765,1.0,0.6944444444444444,0.8148148148148148,1.1102230246251565e-16,0.012771392081736943,0.719140625,0.8197596795727636,0.7229687499999999,0.8415446071904128,0.00382812499999996,0.021784927617649164,0.0,0.0,0.09492180496454239,0.08461334556341171,0.0,0.0,0.031640601654847465,0.028204448521137238,False,1.23,2026-09-23T16:31:53
stage2_large_merged_to_self_recorded_fan_n5_bottleneck_only__fold4,stage2_large_merged_to_self_recorded_fan_n5_bottleneck_only,4,large,merged,self_recorded_fan,5,bottleneck_only,59261572,5,1545,750,1096,26.11189552307129,22.35577003479004,1.18,0.7083333333333334,0.8275862068965517,15.134255359859528,0.7058823529411765,1.0,0.6666666666666667,0.8,0.04166666666666663,0.027586206896551668,0.6722656250000001,0.7984981226533167,0.7229687499999999,0.8415446071904128,0.05070312499999985,0.04304648453709614,0.0,0.0,0.08628413826227188,0.08645142614841461,0.0,0.0,0.028761379420757294,0.02881714204947154,False,1.23,2026-09-23T16:31:54
stage2_large_merged_to_self_recorded_fan_n5_bottleneck_only__fold5,stage2_large_merged_to_self_recorded_fan_n5_bottleneck_only,5,large,merged,self_recorded_fan,5,bottleneck_only,1448764795,5,1545,750,1096,30.760769653320313,25.278243103027343,1.24,0.7083333333333333,0.8461538461538461,20.975020009743762,0.7857142857142857,0.9166666666666666,0.6666666666666667,0.7857142857142857,0.04166666666666652,0.06043956043956045,0.6372656250000001,0.8010012515644556,0.7229687499999999,0.8415446071904128,0.08570312499999988,0.040543355625957234,0.0,0.0,0.07845037430524826,0.08097414672374725,0.0,0.0,0.026150124768416088,0.026991382241249084,False,1.29,2026-09-23T16:31:56
stage2_large_merged_to_self_recorded_fan_n5_bottleneck_only__fold6,stage2_large_merged_to_self_recorded_fan_n5_bottleneck_only,6,large,merged,self_recorded_fan,5,bottleneck_only,1593172148,5,1545,750,1096,34.04083587646485,28.697615280151368,1.35,0.6944444444444445,0.8275862068965517,16.711266054690462,0.7058823529411765,1.0,0.6527777777777779,0.8,0.04166666666666663,0.027586206896551668,0.67212890625,0.8088426527958388,0.7229687499999999,0.8415446071904128,0.05083984374999995,0.03270195439457402,0.0,0.0,0.08963271230459213,0.09130415320396423,0.0,0.0,0.029877570768197376,0.030434717734654743,False,1.41,2026-09-23T16:31:57
stage2_large_merged_to_self_recorded_fan_n5_bottleneck_only__fold7,stage2_large_merged_to_self_recorded_fan_n5_bottleneck_only,7,large,merged,self_recorded_fan,5,bottleneck_only,7136047,5,1545,750,1096,36.141905059814455,28.63591018676758,1.4,0.638888888888889,0.8275862068965517,19.308489515557643,0.7058823529411765,1.0,0.7083333333333334,0.8333333333333334,-0.06944444444444442,-0.005747126436781658,0.61041015625,0.7989821882951654,0.7229687499999999,0.8415446071904128,0.11255859374999999,0.04256241889524737,0.0,0.0,0.0807519182562828,0.0826040580868721,0.0,0.0,0.0269173060854276,0.027534686028957367,False,1.45,2026-09-23T16:31:59
stage2_large_merged_to_self_recorded_fan_n5_bottleneck_only__fold8,stage2_large_merged_to_self_recorded_fan_n5_bottleneck_only,8,large,merged,self_recorded_fan,5,bottleneck_only,6800490,5,1545,750,1096,24.903027572631835,21.283981246948244,1.46,0.6388888888888888,0.8148148148148148,18.058194526343822,0.7333333333333333,0.9166666666666666,0.6527777777777779,0.8,-0.013888888888889062,0.014814814814814725,0.65962890625,0.7984981226533167,0.7229687499999999,0.8415446071904128,0.0633398437499999,0.04304648453709614,0.0,0.0,0.08367212861776352,0.0785655677318573,0.0,0.0,0.027890709539254505,0.026188522577285767,False,1.5,2026-09-23T16:32:00
stage2_large_merged_to_self_recorded_fan_n5_bottleneck_only__fold9,stage2_large_merged_to_self_recorded_fan_n5_bottleneck_only,9,large,merged,self_recorded_fan,5,bottleneck_only,979194793,5,1545,750,1096,37.06182312011719,30.26782386779785,1.18,0.6666666666666667,0.8,20.00869599366657,0.7692307692307693,0.8333333333333334,0.6805555555555556,0.8,-0.01388888888888884,0.0,0.6461718750000001,0.8082368082368082,0.7229687499999999,0.8415446071904128,0.07679687499999988,0.033307798953604584,0.0,0.0,0.09406935423612595,0.07939448207616806,0.0,0.0,0.031356451412041984,0.026464827358722687,False,1.23,2026-09-23T16:32:01
stage2_large_merged_to_self_recorded_fan_n5_decoder_only__fold0,stage2_large_merged_to_self_recorded_fan_n5_decoder_only,0,large,merged,self_recorded_fan,5,decoder_only,1848152350,5,1545,750,25536,30.805681533813477,7.42087688446045,1.19,0.6944444444444444,0.8571428571428571,6.604379532363765,0.75,1.0,0.7083333333333333,0.8181818181818182,-0.01388888888888884,0.03896103896103886,0.57662109375,0.7984981226533167,0.7229687499999999,0.8415446071904128,0.1463476562499999,0.04304648453709614,0.0,0.0,0.0,0.04448375850915909,0.11767125874757767,0.12546369433403015,0.0,0.09587290386358897,True,1.24,2026-09-23T16:31:22
stage2_large_merged_to_self_recorded_fan_n5_decoder_only__fold1,stage2_large_merged_to_self_recorded_fan_n5_decoder_only,1,large,merged,self_recorded_fan,5,decoder_only,1946175226,5,1545,750,25536,21.724422912597657,6.478882808685302,1.2,0.7916666666666666,0.8888888888888888,8.295674108172106,0.8,1.0,0.7222222222222223,0.8181818181818182,0.06944444444444431,0.07070707070707061,0.58849609375,0.8010012515644556,0.7229687499999999,0.8415446071904128,0.13447265624999993,0.040543355625957234,0.0,0.0,0.0,0.06363558769226074,0.12493970990180969,0.1482173204421997,0.0,0.11226420601209004,False,1.24,2026-09-23T16:31:23
stage2_large_merged_to_self_recorded_fan_n5_decoder_only__fold2,stage2_large_merged_to_self_recorded_fan_n5_decoder_only,2,large,merged,self_recorded_fan,5,decoder_only,28643525,5,1545,750,25536,28.74388557434082,7.612438068389893,1.19,0.7361111111111112,0.8571428571428571,6.730475132528642,0.75,1.0,0.7222222222222223,0.8333333333333334,0.01388888888888884,0.023809523809523725,0.60490234375,0.8088426527958388,0.7229687499999999,0.8415446071904128,0.11806640624999998,0.03270195439457402,0.0,0.0,0.0,0.05314980074763298,0.12477738410234451,0.13616257905960083,0.0,0.10469658796985944,False,1.24,2026-09-23T16:31:24
stage2_large_merged_to_self_recorded_fan_n5_decoder_only__fold3,stage2_large_merged_to_self_recorded_fan_n5_decoder_only,3,large,merged,self_recorded_fan,5,decoder_only,219851073,5,1545,750,25536,25.064017181396483,9.213232574462891,1.17,0.7777777777777778,0.8275862068965517,7.283712962684508,0.7058823529411765,1.0,0.6944444444444444,0.8148148148148148,0.08333333333333337,0.012771392081736943,0.6218359375,0.8050632911392405,0.7229687499999999,0.8415446071904128,0.10113281249999995,0.03648131605117233,0.0,0.0,0.0,0.0506768673658371,0.11549675464630127,0.12234433740377426,0.0,0.09617265313863754,False,1.21,2026-09-23T16:31:25
stage2_large_merged_to_self_recorded_fan_n5_decoder_only__fold4,stage2_large_merged_to_self_recorded_fan_n5_decoder_only,4,large,merged,self_recorded_fan,5,decoder_only,1583286948,5,1545,750,25536,22.225203018188477,7.580580043792724,1.2,0.7916666666666667,0.9230769230769231,8.85555704318628,0.8571428571428571,1.0,0.6666666666666667,0.8,0.125,0.12307692307692308,0.5933789062499999,0.8020050125313283,0.7229687499999999,0.8415446071904128,0.12958984375000004,0.03953959465908452,0.0,0.0,0.0,0.06340065598487854,0.12241381406784058,0.12960341572761536,0.0,0.1051392952601115,False,1.25,2026-09-23T16:31:27
stage2_large_merged_to_self_recorded_fan_n5_decoder_only__fold5,stage2_large_merged_to_self_recorded_fan_n5_decoder_only,5,large,merged,self_recorded_fan,5,decoder_only,1849603537,5,1545,750,25536,25.767611694335937,8.775749130249023,1.21,0.6805555555555556,0.8571428571428571,9.50152521555962,0.75,1.0,0.6666666666666667,0.7857142857142857,0.01388888888888884,0.0714285714285714,0.6469140624999999,0.8005018820577164,0.7229687499999999,0.8415446071904128,0.0760546875,0.041042725132696356,0.0,0.0,0.0,0.05027955397963524,0.10445591062307358,0.09643542766571045,0.0,0.08372363075613976,False,1.25,2026-09-23T16:31:28
stage2_large_merged_to_self_recorded_fan_n5_decoder_only__fold6,stage2_large_merged_to_self_recorded_fan_n5_decoder_only,6,large,merged,self_recorded_fan,5,decoder_only,1557519918,5,1545,750,25536,29.145352096557616,6.982551441192627,1.2,0.8333333333333334,0.9230769230769231,7.91961344275698,0.8571428571428571,1.0,0.6527777777777779,0.8,0.18055555555555547,0.12307692307692308,0.53498046875,0.801007556675063,0.7229687499999999,0.8415446071904128,0.1879882812499999,0.04053705051534984,0.0,0.0,0.0,0.06253547966480255,0.13818414509296417,0.16622398793697357,0.0,0.12231453756491344,False,1.25,2026-09-23T16:31:29
stage2_large_merged_to_self_recorded_fan_n5_decoder_only__fold7,stage2_large_merged_to_self_recorded_fan_n5_decoder_only,7,large,merged,self_recorded_fan,5,decoder_only,606975365,5,1545,750,25536,30.661250228881837,6.5784494972229,1.33,0.5833333333333334,0.8888888888888888,7.717257049388009,0.8,1.0,0.7083333333333334,0.8333333333333334,-0.125,0.05555555555555547,0.5642773437499999,0.7984981226533167,0.7229687499999999,0.8415446071904128,0.15869140625,0.04304648453709614,0.0,0.0,0.0,0.042473047971725464,0.10864788293838501,0.1319577693939209,0.0,0.09435956676801045,False,1.4,2026-09-23T16:31:30
stage2_large_merged_to_self_recorded_fan_n5_decoder_only__fold8,stage2_large_merged_to_self_recorded_fan_n5_decoder_only,8,large,merged,self_recorded_fan,5,decoder_only,1349929300,5,1545,750,25536,20.133821105957033,7.171222686767578,1.42,0.8055555555555556,0.9230769230769231,8.83013913497907,0.8571428571428571,1.0,0.6527777777777779,0.8,0.15277777777777768,0.12307692307692308,0.64703125,0.8064085447263017,0.7229687499999999,0.8415446071904128,0.07593749999999999,0.03513606246411105,0.0,0.0,0.0,0.043491583317518234,0.09539048373699188,0.10911675542593002,0.0,0.08266627416014671,False,1.47,2026-09-23T16:31:32
stage2_large_merged_to_self_recorded_fan_n5_decoder_only__fold9,stage2_large_merged_to_self_recorded_fan_n5_decoder_only,9,large,merged,self_recorded_fan,5,decoder_only,308245169,5,1545,750,25536,30.822386779785155,7.263555488586426,1.42,0.7777777777777778,0.8888888888888888,8.459574257048738,0.8,1.0,0.6805555555555556,0.8,0.09722222222222221,0.0888888888888888,0.49828124999999995,0.7984981226533167,0.7229687499999999,0.8415446071904128,0.22468749999999998,0.04304648453709614,0.0,0.0,0.0,0.04794031381607056,0.12259421497583389,0.1280398666858673,0.0,0.09952479849259059,False,1.47,2026-09-23T16:31:33
stage2_large_merged_to_self_recorded_fan_n5_encoder_only__fold0,stage2_large_merged_to_self_recorded_fan_n5_encoder_only,0,large,merged,self_recorded_fan,5,encoder_only,121986051,5,1545,750,25224,36.02147308349609,35.349403915405276,1.36,0.7222222222222223,0.8181818181818182,29.909970944899328,0.9,0.75,0.7083333333333333,0.8181818181818182,0.013888888888889062,0.0,0.6828125,0.8101983002832861,0.7229687499999999,0.8415446071904128,0.04015624999999989,0.0313463069071267,0.07254940271377563,0.04003942012786865,0.022333772853016853,0.0,0.0,0.0,0.04497419856488705,0.0,True,1.42,2026-09-23T16:31:35
stage2_large_merged_to_self_recorded_fan_n5_encoder_only__fold1,stage2_large_merged_to_self_recorded_fan_n5_encoder_only,1,large,merged,self_recorded_fan,5,encoder_only,1207811622,5,1545,750,25224,25.292574920654296,24.63627082824707,1.37,0.7361111111111112,0.8333333333333334,27.22648952323271,0.8333333333333334,0.8333333333333334,0.7222222222222223,0.8181818181818182,0.01388888888888884,0.015151515151515138,0.6981054687499999,0.8333333333333334,0.7229687499999999,0.8415446071904128,0.024863281250000036,0.008211273857079426,0.0675804391503334,0.018663058057427406,0.037500251084566116,0.0,0.0,0.0,0.04124791609744231,0.0,False,1.42,2026-09-23T16:31:36
stage2_large_merged_to_self_recorded_fan_n5_encoder_only__fold2,stage2_large_merged_to_self_recorded_fan_n5_encoder_only,2,large,merged,self_recorded_fan,5,encoder_only,336001113,5,1545,750,25224,33.44508728027344,32.683268280029296,1.37,0.7361111111111112,0.8333333333333334,29.884849738524174,0.8333333333333334,0.8333333333333334,0.7222222222222223,0.8333333333333334,0.01388888888888884,0.0,0.709765625,0.8348993288590604,0.7229687499999999,0.8415446071904128,0.013203124999999982,0.006645278331352422,0.055666789412498474,0.015477332286536694,0.02654414251446724,0.0,0.0,0.0,0.03256275473783413,0.0,False,1.42,2026-09-23T16:31:38
stage2_large_merged_to_self_recorded_fan_n5_encoder_only__fold3,stage2_large_merged_to_self_recorded_fan_n5_encoder_only,3,large,merged,self_recorded_fan,5,encoder_only,1899502414,5,1545,750,25224,29.593110427856445,28.8349015045166,1.39,0.7083333333333334,0.8148148148148148,20.442941821578323,0.7333333333333333,0.9166666666666666,0.6944444444444444,0.8148148148148148,0.01388888888888895,0.0,0.6856249999999999,0.8065395095367848,0.7229687499999999,0.8415446071904128,0.03734375000000001,0.035005097653628026,0.08966775238513947,0.027690453454852104,0.04512988030910492,0.0,0.0,0.0,0.054162695383032165,0.0,False,1.46,2026-09-23T16:31:39
stage2_large_merged_to_self_recorded_fan_n5_encoder_only__fold4,stage2_large_merged_to_self_recorded_fan_n5_encoder_only,4,large,merged,self_recorded_fan,5,encoder_only,749358214,5,1545,750,25224,26.20687301635742,25.23148986816406,1.33,0.7222222222222222,0.8148148148148148,20.410161228365233,0.7333333333333333,0.9166666666666666,0.6666666666666667,0.8,0.05555555555555547,0.014814814814814725,0.7054296874999999,0.8353096179183136,0.7229687499999999,0.8415446071904128,0.017539062500000036,0.006234989272099201,0.06996788084506989,0.017940646037459373,0.030131127685308456,0.0,0.0,0.0,0.03934655152261257,0.0,False,1.38,2026-09-23T16:31:41
stage2_large_merged_to_self_recorded_fan_n5_encoder_only__fold5,stage2_large_merged_to_self_recorded_fan_n5_encoder_only,5,large,merged,self_recorded_fan,5,encoder_only,780978973,5,1545,750,25224,30.117627639770507,29.385293273925782,1.4,0.7222222222222222,0.8148148148148148,20.330998128929444,0.7333333333333333,0.9166666666666666,0.6666666666666667,0.7857142857142857,0.05555555555555547,0.02910052910052907,0.6849804687500001,0.8116343490304709,0.7229687499999999,0.8415446071904128,0.03798828124999987,0.02991025815994186,0.08883878588676453,0.027689142152667046,0.041095614433288574,0.0,0.0,0.0,0.05254118082424005,0.0,False,1.45,2026-09-23T16:31:42
stage2_large_merged_to_self_recorded_fan_n5_encoder_only__fold6,stage2_large_merged_to_self_recorded_fan_n5_encoder_only,6,large,merged,self_recorded_fan,5,encoder_only,1593656131,5,1545,750,25224,33.604725189208985,32.576616744995114,1.6,0.6944444444444444,0.8148148148148148,20.85737584711743,0.7333333333333333,0.9166666666666666,0.6527777777777779,0.8,0.04166666666666652,0.014814814814814725,0.68408203125,0.8109517601043025,0.7229687499999999,0.8415446071904128,0.03888671874999994,0.03059284708611032,0.10448648780584335,0.06305964291095734,0.04843594506382942,0.0,0.0,0.0,0.07199402526021004,0.0,False,1.65,2026-09-23T16:31:44
stage2_large_merged_to_self_recorded_fan_n5_encoder_only__fold7,stage2_large_merged_to_self_recorded_fan_n5_encoder_only,7,large,merged,self_recorded_fan,5,encoder_only,1624334068,5,1545,750,25224,35.44936065673828,34.45698959350586,1.6,0.7361111111111112,0.8333333333333334,27.82662812393216,0.8333333333333334,0.8333333333333334,0.7083333333333334,0.8333333333333334,0.02777777777777779,0.0,0.6782421875,0.8060109289617486,0.7229687499999999,0.8415446071904128,0.044726562499999956,0.035533678228664156,0.0827769786119461,0.02117551863193512,0.02398873120546341,0.0,0.0,0.0,0.04264707614978155,0.0,False,1.66,2026-09-23T16:31:45
stage2_large_merged_to_self_recorded_fan_n5_encoder_only__fold8,stage2_large_merged_to_self_recorded_fan_n5_encoder_only,8,large,merged,self_recorded_fan,5,encoder_only,1379876280,5,1545,750,25224,24.989153213500977,24.503445892333986,1.54,0.6805555555555556,0.8148148148148148,20.331264281950936,0.7333333333333333,0.9166666666666666,0.6527777777777779,0.8,0.02777777777777768,0.014814814814814725,0.7039843750000001,0.8143236074270557,0.7229687499999999,0.8415446071904128,0.01898437499999983,0.027220999763357123,0.06668590754270554,0.014196575619280338,0.03121393732726574,0.0,0.0,0.0,0.0373654734964172,0.0,False,1.6,2026-09-23T16:31:47
stage2_large_merged_to_self_recorded_fan_n5_encoder_only__fold9,stage2_large_merged_to_self_recorded_fan_n5_encoder_only,9,large,merged,self_recorded_fan,5,encoder_only,832352559,5,1545,750,25224,36.378408660888674,35.42386032104492,1.29,0.7361111111111112,0.8181818181818182,30.855106542387034,0.9,0.75,0.6805555555555556,0.8,0.05555555555555558,0.018181818181818188,0.67771484375,0.8010899182561307,0.7229687499999999,0.8415446071904128,0.04525390624999992,0.04045468893428206,0.07849590480327606,0.02750927023589611,0.035798680037260056,0.0,0.0,0.0,0.047267951692144074,0.0,False,1.34,2026-09-23T16:31:48
stage2_large_merged_to_self_recorded_fan_n5_full__fold0,stage2_large_merged_to_self_recorded_fan_n5_full,0,large,merged,self_recorded_fan,5,full,1502253734,5,1545,750,50760,29.87272529602051,5.554516849517822,1.86,0.6944444444444444,0.8571428571428571,6.711116200029174,0.75,1.0,0.7083333333333333,0.8181818181818182,-0.01388888888888884,0.03896103896103886,0.508515625,0.8010012515644556,0.7229687499999999,0.8415446071904128,0.2144531249999999,0.040543355625957234,0.09948229789733887,0.03231341764330864,0.033548884093761444,0.029517287388443947,0.0937209203839302,0.14058080315589905,0.055114866544802986,0.0879396703094244,True,1.93,2026-09-23T16:31:05
stage2_large_merged_to_self_recorded_fan_n5_full__fold1,stage2_large_merged_to_self_recorded_fan_n5_full,1,large,merged,self_recorded_fan,5,full,1765803619,5,1545,750,50760,20.897792510986328,5.467361068725586,1.8,0.75,0.8888888888888888,7.4274280780927855,0.8,1.0,0.7222222222222223,0.8181818181818182,0.02777777777777768,0.07070707070707061,0.6230078124999999,0.8020050125313283,0.7229687499999999,0.8415446071904128,0.09996093750000001,0.03953959465908452,0.08326362818479538,0.02672184444963932,0.04046957194805145,0.036448560655117035,0.06941987574100494,0.14078520238399506,0.050151681527495384,0.08221787959337234,False,1.84,2026-09-23T16:31:07
stage2_large_merged_to_self_recorded_fan_n5_full__fold2,stage2_large_merged_to_self_recorded_fan_n5_full,2,large,merged,self_recorded_fan,5,full,1040868564,5,1545,750,50760,28.073281021118163,5.9194943237304685,1.53,0.7361111111111112,0.8571428571428571,5.815213633282752,0.75,1.0,0.7222222222222223,0.8333333333333334,0.01388888888888884,0.023809523809523725,0.47794921875,0.8035264483627204,0.7229687499999999,0.8415446071904128,0.24501953124999992,0.03801815882769244,0.08528222143650055,0.033048324286937714,0.03214193880558014,0.031232457607984543,0.08794805407524109,0.1644604504108429,0.050157494843006134,0.09454698736468951,False,1.59,2026-09-23T16:31:08
stage2_large_merged_to_self_recorded_fan_n5_full__fold3,stage2_large_merged_to_self_recorded_fan_n5_full,3,large,merged,self_recorded_fan,5,full,1204647698,5,1545,750,50760,24.697053146362304,7.46871696472168,1.57,0.8750000000000001,0.8695652173913043,8.139959245065283,0.9090909090909091,0.8333333333333334,0.6944444444444444,0.8148148148148148,0.1805555555555557,0.054750402576489554,0.4926953124999999,0.8050314465408805,0.7229687499999999,0.8415446071904128,0.2302734375,0.03651316064953225,0.10436642915010452,0.0313660092651844,0.04760662093758583,0.03483622148633003,0.08786634355783463,0.16691535711288452,0.06111301978429159,0.09653930738568306,False,1.62,2026-09-23T16:31:10
stage2_large_merged_to_self_recorded_fan_n5_full__fold4,stage2_large_merged_to_self_recorded_fan_n5_full,4,large,merged,self_recorded_fan,5,full,1650011718,5,1545,750,50760,21.7332315826416,6.415169677734375,1.53,0.8055555555555556,0.9230769230769231,8.086627307400303,0.8571428571428571,1.0,0.6666666666666667,0.8,0.13888888888888884,0.12307692307692308,0.61578125,0.8020050125313283,0.7229687499999999,0.8415446071904128,0.10718749999999999,0.03953959465908452,0.0807696133852005,0.02313435636460781,0.04516083374619484,0.03676235303282738,0.0701838880777359,0.13374154269695282,0.04968826783200105,0.08022926126917203,False,1.58,2026-09-23T16:31:12
stage2_large_merged_to_self_recorded_fan_n5_full__fold5,stage2_large_merged_to_self_recorded_fan_n5_full,5,large,merged,self_recorded_fan,5,full,1586587315,5,1545,750,50760,25.122094650268554,6.587848148345947,1.53,0.8194444444444445,0.9230769230769231,7.155864000033891,0.8571428571428571,1.0,0.6666666666666667,0.7857142857142857,0.1527777777777778,0.13736263736263743,0.5220703125,0.8010012515644556,0.7229687499999999,0.8415446071904128,0.20089843749999992,0.040543355625957234,0.10465223342180252,0.03402369096875191,0.04269358888268471,0.032329339534044266,0.08506781607866287,0.1487157642841339,0.06045650442441305,0.08870430663228035,False,1.57,2026-09-23T16:31:13
stage2_large_merged_to_self_recorded_fan_n5_full__fold6,stage2_large_merged_to_self_recorded_fan_n5_full,6,large,merged,self_recorded_fan,5,full,599401725,5,1545,750,50760,28.445859451293945,6.389336814880371,1.61,0.8333333333333334,0.9230769230769231,8.20029810075365,0.8571428571428571,1.0,0.6527777777777779,0.8,0.18055555555555547,0.12307692307692308,0.51169921875,0.8010012515644556,0.7229687499999999,0.8415446071904128,0.21126953124999992,0.040543355625957234,0.09227629750967026,0.029399756342172623,0.04124612361192703,0.034244105219841,0.08099484443664551,0.14835341274738312,0.0543073924879233,0.08786412080128987,False,1.65,2026-09-23T16:31:15
stage2_large_merged_to_self_recorded_fan_n5_full__fold7,stage2_large_merged_to_self_recorded_fan_n5_full,7,large,merged,self_recorded_fan,5,full,1809798589,5,1545,750,50760,29.40142967224121,5.629731578826904,1.74,0.6666666666666667,0.8888888888888888,6.417429843192931,0.8,1.0,0.7083333333333334,0.8333333333333334,-0.04166666666666663,0.05555555555555547,0.48873046875000004,0.7984981226533167,0.7229687499999999,0.8415446071904128,0.2342382812499999,0.04304648453709614,0.08481981605291367,0.022581791505217552,0.029926838353276253,0.032434429973363876,0.08736181259155273,0.12965689599514008,0.045776148637135826,0.08315104618668556,False,1.79,2026-09-23T16:31:17
stage2_large_merged_to_self_recorded_fan_n5_full__fold8,stage2_large_merged_to_self_recorded_fan_n5_full,8,large,merged,self_recorded_fan,5,full,154136084,5,1545,750,50760,19.91753044128418,6.407099838256836,1.8,0.7916666666666667,0.9230769230769231,7.876598793594852,0.8571428571428571,1.0,0.6527777777777779,0.8,0.13888888888888884,0.12307692307692308,0.56931640625,0.7984981226533167,0.7229687499999999,0.8415446071904128,0.15365234374999992,0.04304648453709614,0.09674935787916183,0.036570824682712555,0.058685921132564545,0.028140245005488396,0.10316900163888931,0.11764376610517502,0.06400203456481297,0.08298433758318424,False,1.86,2026-09-23T16:31:18
stage2_large_merged_to_self_recorded_fan_n5_full__fold9,stage2_large_merged_to_self_recorded_fan_n5_full,9,large,merged,self_recorded_fan,5,full,1668093651,5,1545,750,50760,29.91806579589844,5.861662349700928,1.74,0.7638888888888888,0.8888888888888888,7.439542084847851,0.8,1.0,0.6805555555555556,0.8,0.08333333333333326,0.0888888888888888,0.5237695312499999,0.8010012515644556,0.7229687499999999,0.8415446071904128,0.19919921875000002,0.040543355625957234,0.09659900516271591,0.027455760166049004,0.027539221569895744,0.026218753308057785,0.08191454410552979,0.13457053899765015,0.05053132896622022,0.08090127880374591,False,1.79,2026-09-23T16:31:20
stage2_small_id_00_to_id_02_n10_bottleneck_only__fold0,stage2_small_id_00_to_id_02_n10_bottleneck_only,0,small,id_00,id_02,10,bottleneck_only,2058793425,10,3090,1470,1096,8.216081580337214,7.443671362740653,2.28,0.604765625,0.813953488372093,6.117157684994796,0.6938325991189427,0.984375,0.4500390625,0.7984981226533167,0.1547265625,0.01545536571877637,0.57419921875,0.7984981226533167,0.6805859375,0.807843137254902,0.10638671874999994,0.009345014601585322,0.0,0.0,0.18190309405326843,0.05769423395395279,0.0,0.0,0.06063436468442281,0.019231411317984264,True,2.36,2026-09-23T15:20:20
stage2_small_id_00_to_id_02_n10_decoder_only__fold0,stage2_small_id_00_to_id_02_n10_decoder_only,0,small,id_00,id_02,10,decoder_only,130086018,10,3090,1470,25536,6.6707481072873485,5.445331164768764,2.59,0.8019140625000001,0.847682119205298,5.153954490632445,0.735632183908046,1.0,0.4500390625,0.7984981226533167,0.3518750000000001,0.04918399655198136,0.5758203125,0.7984981226533167,0.6805859375,0.807843137254902,0.10476562499999997,0.009345014601585322,0.0,0.0,0.0,0.024614116176962852,0.0711917132139206,0.06971456110477448,0.0,0.05517346349855264,True,2.67,2026-09-23T15:20:15
stage2_small_id_00_to_id_02_n10_encoder_only__fold0,stage2_small_id_00_to_id_02_n10_encoder_only,0,small,id_00,id_02,10,encoder_only,1864460565,10,3090,1470,25224,8.452551540063352,8.375952165953967,2.58,0.47595703125,0.7984981226533167,6.084768227388944,0.6659707724425887,0.996875,0.4500390625,0.7984981226533167,0.02591796875000002,0.0,0.64916015625,0.8098318240620958,0.6805859375,0.807843137254902,0.03142578124999995,-0.0019886868071937736,0.04385841265320778,0.045477308332920074,0.030157167464494705,0.0,0.0,0.0,0.039830962816874184,0.0,True,2.65,2026-09-23T15:20:18
stage2_small_id_00_to_id_02_n10_full__fold0,stage2_small_id_00_to_id_02_n10_full,0,small,id_00,id_02,10,full,519234406,10,3090,1470,50760,6.489573274339948,5.29134767882678,3.39,0.83009765625,0.8502673796791443,5.164807888596876,0.7429906542056075,0.99375,0.4500390625,0.7984981226533167,0.38005859375,0.051769257025827686,0.6302148437499999,0.7984981226533167,0.6805859375,0.807843137254902,0.05037109375000004,0.009345014601585322,0.06108136475086212,0.03578636050224304,0.02530122920870781,0.016899190843105316,0.062477536499500275,0.07434404641389847,0.040722984820604324,0.051240257918834686,True,3.5,2026-09-23T15:20:13
stage2_small_id_00_to_id_02_n20_bottleneck_only__fold0,stage2_small_id_00_to_id_02_n20_bottleneck_only,0,small,id_00,id_02,20,bottleneck_only,924823243,20,6180,2910,1096,7.846637312898931,7.232528543963875,5.14,0.6297265624999999,0.815006468305304,6.105168991300863,0.695364238410596,0.984375,0.4500390625,0.7984981226533167,0.17968749999999994,0.016508345651987333,0.564453125,0.7984981226533167,0.6805859375,0.807843137254902,0.11613281249999996,0.009345014601585322,0.0,0.0,0.2710682451725006,0.07884173095226288,0.0,0.0,0.09035608172416687,0.026280576984087627,True,5.22,2026-09-23T15:20:42
stage2_small_id_00_to_id_02_n20_decoder_only__fold0,stage2_small_id_00_to_id_02_n20_decoder_only,0,small,id_00,id_02,20,decoder_only,1765268213,20,6180,2910,25536,6.206659666041738,5.41690998962245,4.87,0.8159960937499999,0.8488063660477454,5.160670617593487,0.7373271889400922,1.0,0.4500390625,0.7984981226533167,0.36595703124999995,0.05030824339442874,0.559609375,0.7984981226533167,0.6805859375,0.807843137254902,0.1209765625,0.009345014601585322,0.0,0.0,0.0,0.03095071017742157,0.10064718127250671,0.09296956658363342,0.0,0.07485581934452057,True,4.98,2026-09-23T15:20:32
stage2_small_id_00_to_id_02_n20_encoder_only__fold0,stage2_small_id_00_to_id_02_n20_encoder_only,0,small,id_00,id_02,20,encoder_only,892310506,20,6180,2910,25224,8.387387791859735,8.349969259242421,5.48,0.4753515625,0.7984981226533167,6.094608984333026,0.6659707724425887,0.996875,0.4500390625,0.7984981226533167,0.025312500000000016,0.0,0.6430273437499999,0.8103896103896104,0.6805859375,0.807843137254902,0.037558593750000036,-0.00254647313470846,0.06139763444662094,0.05942302942276001,0.0365242063999176,0.0,0.0,0.0,0.05244829008976618,0.0,True,5.55,2026-09-23T15:20:37
stage2_small_id_00_to_id_02_n20_full__fold0,stage2_small_id_00_to_id_02_n20_full,0,small,id_00,id_02,20,full,520201624,20,6180,2910,50760,6.088039024588988,5.244183102833856,6.31,0.83150390625,0.8563758389261745,5.188332892149003,0.7505882352941177,0.996875,0.4500390625,0.7984981226533167,0.38146484375000006,0.05787771627285787,0.6046484375,0.7984981226533167,0.6805859375,0.807843137254902,0.07593749999999999,0.009345014601585322,0.11452257633209229,0.05149846524000168,0.04093904048204422,0.021011052653193474,0.08527745306491852,0.09834876656532288,0.06898669401804607,0.0682124240944783,True,6.41,2026-09-23T15:20:27
stage2_small_id_00_to_id_02_n40_bottleneck_only__fold0,stage2_small_id_00_to_id_02_n40_bottleneck_only,0,small,id_00,id_02,40,bottleneck_only,1557202183,40,12360,5820,1096,8.549531830954798,7.611807228363666,9.72,0.6786328125000001,0.8142292490118577,6.233854196344505,0.7038724373576309,0.965625,0.4500390625,0.7984981226533167,0.2285937500000001,0.015731126358541014,0.5991796875000001,0.8025157232704403,0.6805859375,0.807843137254902,0.0814062499999999,0.005327413984461682,0.0,0.0,0.25938302278518677,0.167119562625885,0.0,0.0,0.08646100759506226,0.055706520875295006,True,9.8,2026-09-23T15:21:26
stage2_small_id_00_to_id_02_n40_decoder_only__fold0,stage2_small_id_00_to_id_02_n40_decoder_only,0,small,id_00,id_02,40,decoder_only,158748879,40,12360,5820,25536,6.511753023285227,5.5060618120370455,9.42,0.8526953125000001,0.8488063660477454,5.153295867743708,0.7373271889400922,1.0,0.4500390625,0.7984981226533167,0.4026562500000001,0.05030824339442874,0.5729296875000001,0.7984981226533167,0.6805859375,0.807843137254902,0.1076562499999999,0.009345014601585322,0.0,0.0,0.0,0.060967277735471725,0.20257990062236786,0.11753086745738983,0.0,0.12702601527174315,True,9.52,2026-09-23T15:21:05
stage2_small_id_00_to_id_02_n40_encoder_only__fold0,stage2_small_id_00_to_id_02_n40_encoder_only,0,small,id_00,id_02,40,encoder_only,1579555738,40,12360,5820,25224,9.005615976667896,8.95176462783027,10.88,0.47662109374999995,0.7984981226533167,6.069686471451448,0.6659707724425887,0.996875,0.4500390625,0.7984981226533167,0.02658203124999997,0.0,0.63646484375,0.8098318240620958,0.6805859375,0.807843137254902,0.04412109374999995,-0.0019886868071937736,0.08721879124641418,0.07097087055444717,0.04172784462571144,0.0,0.0,0.0,0.0666391688088576,0.0,True,10.96,2026-09-23T15:21:16
stage2_small_id_00_to_id_02_n40_full__fold0,stage2_small_id_00_to_id_02_n40_full,0,small,id_00,id_02,40,full,1989648687,40,12360,5820,50760,6.24547729541346,5.370479694346792,12.57,0.87330078125,0.8592375366568915,5.493861241397498,0.8093922651933702,0.915625,0.4500390625,0.7984981226533167,0.42326171875,0.060739414003574854,0.5943945312500001,0.7984981226533167,0.6805859375,0.807843137254902,0.08619140624999988,0.009345014601585322,0.17726869881153107,0.09627322107553482,0.15631693601608276,0.040186744183301926,0.21345579624176025,0.15802507102489471,0.14328628530104956,0.13722253714998564,True,12.72,2026-09-23T15:20:55
stage2_small_id_00_to_id_02_n5_bottleneck_only__fold0,stage2_small_id_00_to_id_02_n5_bottleneck_only,0,small,id_00,id_02,5,bottleneck_only,859758825,5,1545,750,1096,8.296927337646485,7.398540592193603,1.16,0.58330078125,0.8110236220472441,6.1281934696217295,0.6990950226244343,0.965625,0.4500390625,0.7984981226533167,0.13326171874999998,0.012525499393927442,0.61673828125,0.7984981226533167,0.6805859375,0.807843137254902,0.06384765625,0.009345014601585322,0.0,0.0,0.06601513177156448,0.03901488706469536,0.0,0.0,0.022005043923854828,0.013004962354898453,True,1.23,2026-09-23T15:20:09
stage2_small_id_00_to_id_02_n5_decoder_only__fold0,stage2_small_id_00_to_id_02_n5_decoder_only,0,small,id_00,id_02,5,decoder_only,1671014870,5,1545,750,25536,6.919867343902588,5.366981048583984,1.2,0.7542578125000001,0.8502673796791443,5.270998429198739,0.7429906542056075,0.99375,0.4500390625,0.7984981226533167,0.30421875000000015,0.051769257025827686,0.6273632812500001,0.7984981226533167,0.6805859375,0.807843137254902,0.05322265624999989,0.009345014601585322,0.0,0.0,0.0,0.013093137182295322,0.0427917018532753,0.051473625004291534,0.0,0.03578615467995405,True,1.28,2026-09-23T15:20:06
stage2_small_id_00_to_id_02_n5_encoder_only__fold0,stage2_small_id_00_to_id_02_n5_encoder_only,0,small,id_00,id_02,5,encoder_only,1960230981,5,1545,750,25224,8.53270233154297,8.51656681060791,1.33,0.46187500000000004,0.7984981226533167,6.072901136281035,0.6659707724425887,0.996875,0.4500390625,0.7984981226533167,0.01183593750000006,0.0,0.6754882812499999,0.8092189500640204,0.6805859375,0.807843137254902,0.005097656250000027,-0.0013758128091184707,0.02436886727809906,0.029553791508078575,0.032416582107543945,0.0,0.0,0.0,0.02877974696457386,0.0,True,1.45,2026-09-23T15:20:08
stage2_small_id_00_to_id_02_n5_full__fold0,stage2_small_id_00_to_id_02_n5_full,0,small,id_00,id_02,5,full,470813418,5,1545,750,50760,6.912810497283935,5.290622119903564,2.14,0.78771484375,0.8513513513513513,5.292799883067578,0.75,0.984375,0.4500390625,0.7984981226533167,0.33767578125000003,0.05285322869803466,0.6227343750000001,0.7984981226533167,0.6805859375,0.807843137254902,0.0578515624999999,0.009345014601585322,0.029029173776507378,0.021430138498544693,0.032941579818725586,0.013055144809186459,0.039048921316862106,0.052771031856536865,0.027800297364592552,0.03495836599419514,True,8.63,2026-09-23T15:20:05
stage2_small_id_00_to_id_04_n10_bottleneck_only__fold0,stage2_small_id_00_to_id_04_n10_bottleneck_only,0,small,id_00,id_04,10,bottleneck_only,16208327,10,3090,1470,1096,9.17388933532092,7.953000769323232,2.33,0.6038085937500001,0.8198433420365535,6.015648669885676,0.7040358744394619,0.98125,0.4584960937499999,0.7984981226533167,0.14531250000000018,0.021345219383236858,0.6507031249999999,0.8005018820577164,0.6805859375,0.807843137254902,0.029882812500000022,0.007341255197185537,0.0,0.0,0.13712088763713837,0.08576153963804245,0.0,0.0,0.04570696254571279,0.028587179879347484,True,2.4,2026-09-23T15:21:43
stage2_small_id_00_to_id_04_n10_decoder_only__fold0,stage2_small_id_00_to_id_04_n10_decoder_only,0,small,id_00,id_04,10,decoder_only,866443674,10,3090,1470,25536,7.465135506221226,5.689316817692348,2.56,0.74337890625,0.8457446808510638,5.274278425705314,0.7361111111111112,0.99375,0.4584960937499999,0.7984981226533167,0.28488281250000014,0.047246558197747146,0.64947265625,0.8015075376884422,0.6805859375,0.807843137254902,0.031113281250000013,0.006335599566459793,0.0,0.0,0.0,0.025994746014475822,0.09739366918802261,0.07617977261543274,0.0,0.06652272927264373,True,2.65,2026-09-23T15:21:37
stage2_small_id_00_to_id_04_n10_encoder_only__fold0,stage2_small_id_00_to_id_04_n10_encoder_only,0,small,id_00,id_04,10,encoder_only,279374539,10,3090,1470,25224,9.549982090385592,9.315565226029376,2.62,0.464375,0.7984981226533167,5.973532196773294,0.6659707724425887,0.996875,0.4584960937499999,0.7984981226533167,0.005878906250000093,0.0,0.6714843749999999,0.8151041666666666,0.6805859375,0.807843137254902,0.009101562500000049,-0.007261029411764652,0.055515725165605545,0.06257275491952896,0.07287281006574631,0.0,0.0,0.0,0.06365376338362694,0.0,True,2.7,2026-09-23T15:21:40
stage2_small_id_00_to_id_04_n10_full__fold0,stage2_small_id_00_to_id_04_n10_full,0,small,id_00,id_04,10,full,990367589,10,3090,1470,50760,7.156449532022282,5.523103684795146,3.54,0.7493359374999999,0.8494623655913979,5.341083079650349,0.7452830188679245,0.9875,0.4584960937499999,0.7984981226533167,0.29083984375000005,0.05096424293808122,0.6567578125,0.8015075376884422,0.6805859375,0.807843137254902,0.023828124999999978,0.006335599566459793,0.0428413525223732,0.030524929985404015,0.030306298285722733,0.020043132826685905,0.0680585727095604,0.07844613492488861,0.03455752693116665,0.055515946820378304,True,3.64,2026-09-23T15:21:35
stage2_small_id_00_to_id_04_n20_bottleneck_only__fold0,stage2_small_id_00_to_id_04_n20_bottleneck_only,0,small,id_00,id_04,20,bottleneck_only,380912062,20,6180,2910,1096,9.422805717310954,8.441880727551647,5.08,0.6097656250000001,0.8265971316818774,6.047510852596411,0.70917225950783,0.990625,0.4584960937499999,0.7984981226533167,0.1512695312500002,0.028099009028560773,0.64763671875,0.8010012515644556,0.6805859375,0.807843137254902,0.03294921875000001,0.006841885690446414,0.0,0.0,0.16947482526302338,0.10674197226762772,0.0,0.0,0.05649160842100779,0.03558065742254257,True,5.18,2026-09-23T15:22:05
stage2_small_id_00_to_id_04_n20_decoder_only__fold0,stage2_small_id_00_to_id_04_n20_decoder_only,0,small,id_00,id_04,20,decoder_only,1140768536,20,6180,2910,25536,7.3863025301510525,6.025593015336499,4.76,0.7460546874999999,0.843915343915344,5.211600472043822,0.731651376146789,0.996875,0.4584960937499999,0.7984981226533167,0.28755859375000004,0.045417221262027296,0.59787109375,0.8010012515644556,0.6805859375,0.807843137254902,0.08271484374999993,0.006841885690446414,0.0,0.0,0.0,0.038688886910676956,0.12196709960699081,0.10836800187826157,0.0,0.08967466279864311,True,4.84,2026-09-23T15:21:54
stage2_small_id_00_to_id_04_n20_encoder_only__fold0,stage2_small_id_00_to_id_04_n20_encoder_only,0,small,id_00,id_04,20,encoder_only,1616449485,20,6180,2910,25224,9.98335240550877,9.705277777209725,5.18,0.4711328125,0.7984981226533167,5.896206385109417,0.6659707724425887,0.996875,0.4584960937499999,0.7984981226533167,0.012636718750000109,0.0,0.6561914062499999,0.8062015503875969,0.6805859375,0.807843137254902,0.024394531250000018,0.0016415868673050893,0.08459998667240143,0.0855812132358551,0.09258510917425156,0.0,0.0,0.0,0.08758876969416936,0.0,True,5.28,2026-09-23T15:21:59
stage2_small_id_00_to_id_04_n20_full__fold0,stage2_small_id_00_to_id_04_n20_full,0,small,id_00,id_04,20,full,1591101132,20,6180,2910,50760,7.090341209136334,5.86942105932334,6.55,0.7421484375,0.848404255319149,5.210834358081813,0.7384259259259259,0.996875,0.4584960937499999,0.7984981226533167,0.28365234375000015,0.049906132665832326,0.62580078125,0.8010012515644556,0.6805859375,0.807843137254902,0.05478515624999991,0.006841885690446414,0.08254226297140121,0.061636049300432205,0.07035627961158752,0.029328424483537674,0.09679798781871796,0.11072192341089249,0.07151153062780698,0.07894944523771603,True,6.67,2026-09-23T15:21:49
stage2_small_id_00_to_id_04_n40_bottleneck_only__fold0,stage2_small_id_00_to_id_04_n40_bottleneck_only,0,small,id_00,id_04,40,bottleneck_only,975778622,40,12360,5820,1096,8.86824434811307,8.039367914199829,9.92,0.6177539062499999,0.8134715025906736,5.952458373589462,0.6946902654867256,0.98125,0.4584960937499999,0.7984981226533167,0.15925781250000004,0.014973379937356923,0.64921875,0.8010012515644556,0.6805859375,0.807843137254902,0.031367187500000004,0.006841885690446414,0.0,0.0,0.1898004710674286,0.13426244258880615,0.0,0.0,0.06326682368914287,0.04475414752960205,True,10.01,2026-09-23T15:22:48
stage2_small_id_00_to_id_04_n40_decoder_only__fold0,stage2_small_id_00_to_id_04_n40_decoder_only,0,small,id_00,id_04,40,decoder_only,2093365515,40,12360,5820,25536,6.646315387843811,5.817206739150372,9.2,0.75634765625,0.8457446808510638,5.300400091142638,0.7361111111111112,0.99375,0.4584960937499999,0.7984981226533167,0.2978515625000001,0.047246558197747146,0.61345703125,0.8020050125313283,0.6805859375,0.807843137254902,0.06712890625000001,0.005838124723573701,0.0,0.0,0.0,0.047042641788721085,0.18211156129837036,0.11807017028331757,0.0,0.11574145779013634,True,9.29,2026-09-23T15:22:27
stage2_small_id_00_to_id_04_n40_encoder_only__fold0,stage2_small_id_00_to_id_04_n40_encoder_only,0,small,id_00,id_04,40,encoder_only,606773950,40,12360,5820,25224,9.573893709281057,9.350068662584443,11.05,0.47486328125,0.7984981226533167,5.8788555100511966,0.6659707724425887,0.996875,0.4584960937499999,0.7984981226533167,0.016367187500000102,0.0,0.6670312500000001,0.8041504539559015,0.6805859375,0.807843137254902,0.013554687499999885,0.003692683299000521,0.11986558139324188,0.11219220608472824,0.09149216115474701,0.0,0.0,0.0,0.10784998287757237,0.0,True,11.13,2026-09-23T15:22:38
stage2_small_id_00_to_id_04_n40_full__fold0,stage2_small_id_00_to_id_04_n40_full,0,small,id_00,id_04,40,full,810354431,40,12360,5820,50760,6.4046331803823255,5.679341987236259,12.5,0.77583984375,0.8559892328398385,5.213248426555511,0.75177304964539,0.99375,0.4584960937499999,0.7984981226533167,0.31734375000000015,0.057491110186521865,0.6205078125,0.8010012515644556,0.6805859375,0.807843137254902,0.06007812499999998,0.006841885690446414,0.12476249784231186,0.06311632692813873,0.05792435631155968,0.042327236384153366,0.14235776662826538,0.11580361425876617,0.08193439369400342,0.1001628724237283,True,12.64,2026-09-23T15:22:17
stage2_small_id_00_to_id_04_n5_bottleneck_only__fold0,stage2_small_id_00_to_id_04_n5_bottleneck_only,0,small,id_00,id_04,5,bottleneck_only,676931367,5,1545,750,1096,8.948237037658691,7.722400074005127,1.21,0.603359375,0.8386243386243386,6.23591688069785,0.7270642201834863,0.990625,0.4584960937499999,0.7984981226533167,0.14486328125000014,0.04012621597102195,0.6742187500000001,0.8010012515644556,0.6805859375,0.807843137254902,0.006367187499999871,0.006841885690446414,0.0,0.0,0.08200540393590927,0.0523771196603775,0.0,0.0,0.02733513464530309,0.0174590398867925,True,1.28,2026-09-23T15:21:31
stage2_small_id_00_to_id_04_n5_decoder_only__fold0,stage2_small_id_00_to_id_04_n5_decoder_only,0,small,id_00,id_04,5,decoder_only,1627957272,5,1545,750,25536,7.577337608337403,5.405830993652343,1.21,0.6908984375,0.8450331125827815,5.194000930667128,0.7333333333333333,0.996875,0.4584960937499999,0.7984981226533167,0.23240234375000013,0.04653498992946481,0.66310546875,0.8020050125313283,0.6805859375,0.807843137254902,0.017480468749999978,0.005838124723573701,0.0,0.0,0.0,0.018628908321261406,0.04591796174645424,0.0651061087846756,0.0,0.043217659617463745,True,1.28,2026-09-23T15:21:28
stage2_small_id_00_to_id_04_n5_encoder_only__fold0,stage2_small_id_00_to_id_04_n5_encoder_only,0,small,id_00,id_04,5,encoder_only,1008551550,5,1545,750,25224,9.302057418823242,9.121165962219239,1.37,0.46416015624999996,0.7984981226533167,5.920362515742725,0.6659707724425887,0.996875,0.4584960937499999,0.7984981226533167,0.005664062500000067,0.0,0.67115234375,0.810880829015544,0.6805859375,0.807843137254902,0.009433593749999969,-0.0030376917606420584,0.03290489315986633,0.029980609193444252,0.04300183802843094,0.0,0.0,0.0,0.03529578012724718,0.0,True,1.44,2026-09-23T15:21:30
stage2_small_id_00_to_id_04_n5_full__fold0,stage2_small_id_00_to_id_04_n5_full,0,small,id_00,id_04,5,full,1884185721,5,1545,750,50760,7.419321823120117,5.334020309448242,1.52,0.68341796875,0.8450331125827815,5.208888174822978,0.7333333333333333,0.996875,0.4584960937499999,0.7984981226533167,0.22492187500000016,0.04653498992946481,0.6668359375,0.8020050125313283,0.6805859375,0.807843137254902,0.013749999999999929,0.005838124723573701,0.025920087471604347,0.014727523550391197,0.02087722346186638,0.013145921751856804,0.04315408319234848,0.061586614698171616,0.020508278161287308,0.0392955398807923,True,1.61,2026-09-23T15:21:27
stage2_small_id_00_to_id_06_n10_bottleneck_only__fold0,stage2_small_id_00_to_id_06_n10_bottleneck_only,0,small,id_00,id_06,10,bottleneck_only,499677129,10,3090,1470,1096,16.369016433248714,12.74729771516761,2.28,0.6019335937499999,0.7984981226533167,8.036096327513167,0.6659707724425887,0.996875,0.25654296875,0.7984981226533167,0.3453906249999999,0.0,0.64880859375,0.7994987468671679,0.6805859375,0.807843137254902,0.031777343749999964,0.008344390387734046,0.0,0.0,0.1393623948097229,0.1298086941242218,0.0,0.0,0.04645413160324097,0.043269564708073936,True,2.37,2026-09-23T15:23:05
stage2_small_id_00_to_id_06_n10_decoder_only__fold0,stage2_small_id_00_to_id_06_n10_decoder_only,0,small,id_00,id_06,10,decoder_only,1080488587,10,3090,1470,25536,10.862780006564392,5.071297022761131,2.55,0.9627343749999999,0.9269746646795827,6.503458593554766,0.886039886039886,0.971875,0.25654296875,0.7984981226533167,0.7061914062499999,0.12847654202626602,0.5704101562499999,0.7984981226533167,0.6805859375,0.807843137254902,0.11017578125000005,0.009345014601585322,0.0,0.0,0.0,0.03832045570015907,0.1071648821234703,0.13745762407779694,0.0,0.09431432063380878,True,2.63,2026-09-23T15:23:00
stage2_small_id_00_to_id_06_n10_encoder_only__fold0,stage2_small_id_00_to_id_06_n10_encoder_only,0,small,id_00,id_06,10,encoder_only,1190319384,10,3090,1470,25224,16.767905585619868,16.28729773540886,2.63,0.26654296875000005,0.7984981226533167,5.053492144087757,0.6659707724425887,0.996875,0.25654296875,0.7984981226533167,0.010000000000000064,0.0,0.64138671875,0.8086185044359949,0.6805859375,0.807843137254902,0.03919921874999999,-0.0007753671810929452,0.0723908543586731,0.07632403820753098,0.08325520157814026,0.0,0.0,0.0,0.07732336471478145,0.0,True,2.71,2026-09-23T15:23:02
stage2_small_id_00_to_id_06_n10_full__fold0,stage2_small_id_00_to_id_06_n10_full,0,small,id_00,id_06,10,full,1698294092,10,3090,1470,50760,10.638486025284747,4.74334074526417,3.54,0.96212890625,0.9194029850746268,6.228342191683432,0.88,0.9625,0.25654296875,0.7984981226533167,0.7055859375,0.12090486242131016,0.59580078125,0.8010012515644556,0.6805859375,0.807843137254902,0.08478515624999994,0.006841885690446414,0.06217553839087486,0.06037934124469757,0.03571976721286774,0.031080404296517372,0.09086322039365768,0.12742412090301514,0.05275821561614672,0.08312258186439674,True,3.63,2026-09-23T15:22:57
stage2_small_id_00_to_id_06_n20_bottleneck_only__fold0,stage2_small_id_00_to_id_06_n20_bottleneck_only,0,small,id_00,id_06,20,bottleneck_only,869246020,20,6180,2910,1096,15.732968664660897,12.163664306561971,5.1,0.6590039062499999,0.8,9.480101910766818,0.708433734939759,0.91875,0.25654296875,0.7984981226533167,0.40246093749999995,0.001501877346683389,0.64576171875,0.8051948051948052,0.6805859375,0.807843137254902,0.03482421874999997,0.0026483320600967364,0.0,0.0,0.19489774107933044,0.1683296412229538,0.0,0.0,0.06496591369311015,0.05610988040765127,True,5.18,2026-09-23T15:23:27
stage2_small_id_00_to_id_06_n20_decoder_only__fold0,stage2_small_id_00_to_id_06_n20_decoder_only,0,small,id_00,id_06,20,decoder_only,483213467,20,6180,2910,25536,8.78294179365807,5.1200930654388115,4.7,0.96865234375,0.9355828220858896,6.903761022643322,0.9186746987951807,0.953125,0.25654296875,0.7984981226533167,0.712109375,0.13708469943257295,0.56373046875,0.7984981226533167,0.6805859375,0.807843137254902,0.11685546874999997,0.009345014601585322,0.0,0.0,0.0,0.05100090801715851,0.14991596341133118,0.168983593583107,0.0,0.12330015500386556,True,4.78,2026-09-23T15:23:16
stage2_small_id_00_to_id_06_n20_encoder_only__fold0,stage2_small_id_00_to_id_06_n20_encoder_only,0,small,id_00,id_06,20,encoder_only,1756664393,20,6180,2910,25224,16.514477139895725,16.060448882506066,5.28,0.2675390625,0.7984981226533167,5.241800485691206,0.6659707724425887,0.996875,0.25654296875,0.7984981226533167,0.010996093749999991,0.0,0.64404296875,0.8081841432225064,0.6805859375,0.807843137254902,0.03654296874999996,-0.00034100596760444635,0.10672517865896225,0.09856205433607101,0.14465980231761932,0.0,0.0,0.0,0.1166490117708842,0.0,True,5.35,2026-09-23T15:23:21
stage2_small_id_00_to_id_06_n20_full__fold0,stage2_small_id_00_to_id_06_n20_full,0,small,id_00,id_06,20,full,1451175451,20,6180,2910,50760,8.503131114330488,4.879752134539418,6.53,0.97265625,0.9349470499243571,6.5317114889460495,0.906158357771261,0.965625,0.25654296875,0.7984981226533167,0.71611328125,0.1364489272710404,0.5711132812499999,0.7984981226533167,0.6805859375,0.807843137254902,0.10947265625000002,0.009345014601585322,0.09083983302116394,0.0745570957660675,0.04260591045022011,0.03660036623477936,0.1356608271598816,0.15692274272441864,0.06933427974581718,0.10972797870635986,True,6.62,2026-09-23T15:23:11
stage2_small_id_00_to_id_06_n40_bottleneck_only__fold0,stage2_small_id_00_to_id_06_n40_bottleneck_only,0,small,id_00,id_06,40,bottleneck_only,1189802354,40,12360,5820,1096,14.866932092253695,11.88950208290336,9.54,0.6836328125,0.8072916666666666,8.964763986210176,0.6919642857142857,0.96875,0.25654296875,0.7984981226533167,0.42708984375,0.008793544013349974,0.6396484375,0.8051948051948052,0.6805859375,0.807843137254902,0.04093749999999996,0.0026483320600967364,0.0,0.0,0.22499828040599823,0.19088993966579437,0.0,0.0,0.0749994268019994,0.06362997988859813,True,9.62,2026-09-23T15:24:10
stage2_small_id_00_to_id_06_n40_decoder_only__fold0,stage2_small_id_00_to_id_06_n40_decoder_only,0,small,id_00,id_06,40,decoder_only,1367536827,40,12360,5820,25536,7.439395705449212,5.2651884015073485,9.22,0.979296875,0.9431643625192012,6.807124055736304,0.9274924471299094,0.959375,0.25654296875,0.7984981226533167,0.7227539062499999,0.14466623986588456,0.566484375,0.7984981226533167,0.6805859375,0.807843137254902,0.11410156249999992,0.009345014601585322,0.0,0.0,0.0,0.060352910310029984,0.1965954750776291,0.19430992007255554,0.0,0.15041943515340486,True,9.31,2026-09-23T15:23:48
stage2_small_id_00_to_id_06_n40_encoder_only__fold0,stage2_small_id_00_to_id_06_n40_encoder_only,0,small,id_00,id_06,40,encoder_only,1288094980,40,12360,5820,25224,16.24157757120034,15.769173479571785,11.72,0.26935546875,0.7984981226533167,5.086673988879306,0.6659707724425887,0.996875,0.25654296875,0.7984981226533167,0.012812500000000004,0.0,0.6509570312499999,0.807843137254902,0.6805859375,0.807843137254902,0.02962890625000003,0.0,0.14127574861049652,0.12992022931575775,0.15083621442317963,0.0,0.0,0.0,0.1406773974498113,0.0,True,11.8,2026-09-23T15:24:00
stage2_small_id_00_to_id_06_n40_full__fold0,stage2_small_id_00_to_id_06_n40_full,0,small,id_00,id_06,40,full,846478126,40,12360,5820,50760,7.117832201043355,4.995049213625721,12.44,0.9840234375,0.9522342064714946,6.661806241462014,0.939209726443769,0.965625,0.25654296875,0.7984981226533167,0.72748046875,0.15373608381817794,0.55896484375,0.7984981226533167,0.6805859375,0.807843137254902,0.12162109374999996,0.009345014601585322,0.1381721943616867,0.11532614380121231,0.05847223475575447,0.041490573436021805,0.16910409927368164,0.18115946650505066,0.10399019097288449,0.1305847130715847,True,12.52,2026-09-23T15:23:39
stage2_small_id_00_to_id_06_n5_bottleneck_only__fold0,stage2_small_id_00_to_id_06_n5_bottleneck_only,0,small,id_00,id_06,5,bottleneck_only,715433825,5,1545,750,1096,15.486251792907716,12.010641860961915,1.17,0.46943359374999993,0.7984981226533167,6.962809619780112,0.6659707724425887,0.996875,0.25654296875,0.7984981226533167,0.21289062499999994,0.0,0.68796875,0.812987012987013,0.6805859375,0.807843137254902,-0.007382812500000058,-0.005143875732111058,0.0,0.0,0.07466486096382141,0.0848967656493187,0.0,0.0,0.02488828698794047,0.02829892188310623,True,1.24,2026-09-23T15:22:53
stage2_small_id_00_to_id_06_n5_decoder_only__fold0,stage2_small_id_00_to_id_06_n5_decoder_only,0,small,id_00,id_06,5,decoder_only,326310198,5,1545,750,25536,11.917290687561035,4.678721923828125,1.19,0.942890625,0.908284023668639,6.4526614214522855,0.8623595505617978,0.959375,0.25654296875,0.7984981226533167,0.6863476562499999,0.10978590101532237,0.6413671875,0.8025157232704403,0.6805859375,0.807843137254902,0.03921874999999997,0.005327413984461682,0.0,0.0,0.0,0.02704036422073841,0.04775959625840187,0.07216420769691467,0.0,0.04898805605868498,True,1.27,2026-09-23T15:22:51
stage2_small_id_00_to_id_06_n5_encoder_only__fold0,stage2_small_id_00_to_id_06_n5_encoder_only,0,small,id_00,id_06,5,encoder_only,170243897,5,1545,750,25224,15.455810317993164,15.16567554473877,1.38,0.26595703125000003,0.7984981226533167,5.157907207421115,0.6659707724425887,0.996875,0.25654296875,0.7984981226533167,0.009414062500000042,0.0,0.6640625,0.8081841432225064,0.6805859375,0.807843137254902,0.01652343749999996,-0.00034100596760444635,0.04532705619931221,0.036728642880916595,0.05078689754009247,0.0,0.0,0.0,0.044280865540107094,0.0,True,1.46,2026-09-23T15:22:52
stage2_small_id_00_to_id_06_n5_full__fold0,stage2_small_id_00_to_id_06_n5_full,0,small,id_00,id_06,5,full,1604471947,5,1545,750,50760,11.848292045593261,4.600085334777832,1.59,0.96095703125,0.9211356466876972,7.443904396946152,0.9299363057324841,0.9125,0.25654296875,0.7984981226533167,0.7044140624999999,0.12263752403438055,0.63619140625,0.8025157232704403,0.6805859375,0.807843137254902,0.044394531249999925,0.005327413984461682,0.029386579990386963,0.019696414470672607,0.03183463588356972,0.017025858163833618,0.04131195694208145,0.070122130215168,0.026972543448209763,0.04281998177369436,True,1.66,2026-09-23T15:22:49
stage2_small_id_02_to_id_00_n10_bottleneck_only__fold0,stage2_small_id_02_to_id_00_n10_bottleneck_only,0,small,id_02,id_00,10,bottleneck_only,1621681771,10,3090,1470,1096,11.519387206252741,9.608482555467255,2.42,0.5495703125,0.7984981226533167,6.201348931272439,0.6659707724425887,0.996875,0.5777929687500001,0.7984981226533167,-0.02822265625000009,0.0,0.6283203125000001,0.8121827411167513,0.8514843750000001,0.8529411764705882,0.22316406249999998,0.04075843535383694,0.0,0.0,0.16665814816951752,0.08894547820091248,0.0,0.0,0.05555271605650584,0.029648492733637493,True,2.5,2026-09-23T15:24:28
stage2_small_id_02_to_id_00_n10_decoder_only__fold0,stage2_small_id_02_to_id_00_n10_decoder_only,0,small,id_02,id_00,10,decoder_only,1677468991,10,3090,1470,25536,9.847854964587153,7.323835927612928,2.69,0.57580078125,0.8015564202334631,5.307625904609255,0.6851441241685144,0.965625,0.5777929687500001,0.7984981226533167,-0.0019921875000000755,0.0030582975801464185,0.43798828125,0.7984981226533167,0.8514843750000001,0.8529411764705882,0.41349609375000007,0.05444305381727155,0.0,0.0,0.0,0.03389584645628929,0.12898951768875122,0.10197332501411438,0.0,0.08828622971971829,True,2.77,2026-09-23T15:24:22
stage2_small_id_02_to_id_00_n10_encoder_only__fold0,stage2_small_id_02_to_id_00_n10_encoder_only,0,small,id_02,id_00,10,encoder_only,594409569,10,3090,1470,25224,11.706672065112055,11.336988059841858,2.73,0.56931640625,0.7984981226533167,6.8483292647550025,0.6659707724425887,0.996875,0.5777929687500001,0.7984981226533167,-0.008476562500000062,0.0,0.7986328125000001,0.8518024032042724,0.8514843750000001,0.8529411764705882,0.052851562500000004,0.00113877326631584,0.052087947726249695,0.0421539843082428,0.06809508800506592,0.0,0.0,0.0,0.054112340013186135,0.0,True,2.81,2026-09-23T15:24:25
stage2_small_id_02_to_id_00_n10_full__fold0,stage2_small_id_02_to_id_00_n10_full,0,small,id_02,id_00,10,full,666460,10,3090,1470,50760,9.275746754237584,6.099035944257464,3.73,0.57611328125,0.8015364916773368,5.160371925360084,0.6789587852494577,0.978125,0.5777929687500001,0.7984981226533167,-0.0016796875000000266,0.0030383690240201044,0.4510546875,0.7984981226533167,0.8514843750000001,0.8529411764705882,0.4004296875000001,0.05444305381727155,0.0714707225561142,0.024894988164305687,0.02973734214901924,0.033181603997945786,0.07642193883657455,0.10299574583768845,0.042034350956479706,0.07086642955740292,True,3.87,2026-09-23T15:24:20
stage2_small_id_02_to_id_00_n20_bottleneck_only__fold0,stage2_small_id_02_to_id_00_n20_bottleneck_only,0,small,id_02,id_00,20,bottleneck_only,407135225,20,6180,2910,1096,13.027360896474308,11.006922377753504,5.2,0.55462890625,0.7984981226533167,6.249693163776089,0.6659707724425887,0.996875,0.5777929687500001,0.7984981226533167,-0.023164062500000027,0.0,0.6760156250000001,0.804630969609262,0.8514843750000001,0.8529411764705882,0.17546874999999995,0.048310206861326255,0.0,0.0,0.2258499413728714,0.10692857205867767,0.0,0.0,0.07528331379095714,0.035642857352892555,True,5.28,2026-09-23T15:24:50
stage2_small_id_02_to_id_00_n20_decoder_only__fold0,stage2_small_id_02_to_id_00_n20_decoder_only,0,small,id_02,id_00,20,decoder_only,509733642,20,6180,2910,25536,10.711537538115511,8.186469997327352,4.7,0.5965234374999999,0.8020176544766708,5.04474423218531,0.6723044397463002,0.99375,0.5777929687500001,0.7984981226533167,0.01873046874999984,0.003519531823354183,0.45511718749999996,0.7984981226533167,0.8514843750000001,0.8529411764705882,0.3963671875000001,0.05444305381727155,0.0,0.0,0.0,0.04596796631813049,0.19045110046863556,0.16097229719161987,0.0,0.13246378799279532,True,4.78,2026-09-23T15:24:39
stage2_small_id_02_to_id_00_n20_encoder_only__fold0,stage2_small_id_02_to_id_00_n20_encoder_only,0,small,id_02,id_00,20,encoder_only,1659140267,20,6180,2910,25224,13.551936768993889,13.00314223889223,5.64,0.56865234375,0.7984981226533167,6.844866038140355,0.6659707724425887,0.996875,0.5777929687500001,0.7984981226533167,-0.009140625000000124,0.0,0.8164257812500001,0.8586810228802153,0.8514843750000001,0.8529411764705882,0.03505859374999998,-0.005739846409627103,0.12423229962587357,0.142678365111351,0.12336929142475128,0.0,0.0,0.0,0.13009331872065863,0.0,True,5.73,2026-09-23T15:24:45
stage2_small_id_02_to_id_00_n20_full__fold0,stage2_small_id_02_to_id_00_n20_full,0,small,id_02,id_00,20,full,1939000985,20,6180,2910,50760,9.635121379930949,6.751101454508674,6.73,0.6027734375,0.803030303030303,5.0072919964733575,0.673728813559322,0.99375,0.5777929687500001,0.7984981226533167,0.02498046874999993,0.004532180376986328,0.3966015625,0.7984981226533167,0.8514843750000001,0.8529411764705882,0.45488281250000007,0.05444305381727155,0.126205712556839,0.11364183574914932,0.12592613697052002,0.09243316948413849,0.13645228743553162,0.17768754065036774,0.1219245617588361,0.13552433252334595,True,6.83,2026-09-23T15:24:34
stage2_small_id_02_to_id_00_n40_bottleneck_only__fold0,stage2_small_id_02_to_id_00_n40_bottleneck_only,0,small,id_02,id_00,40,bottleneck_only,414029566,40,12360,5820,1096,11.857963709487128,10.37565777473843,9.71,0.5649804687500001,0.7984981226533167,6.236633941193615,0.6659707724425887,0.996875,0.5777929687500001,0.7984981226533167,-0.012812500000000004,0.0,0.6673828125000001,0.8065739570164349,0.8514843750000001,0.8529411764705882,0.18410156249999998,0.04636721945415334,0.0,0.0,0.318072646856308,0.12207768112421036,0.0,0.0,0.10602421561876933,0.040692560374736786,True,9.8,2026-09-23T15:25:34
stage2_small_id_02_to_id_00_n40_decoder_only__fold0,stage2_small_id_02_to_id_00_n40_decoder_only,0,small,id_02,id_00,40,decoder_only,1524305446,40,12360,5820,25536,9.559925993693243,8.093163485379563,9.94,0.60794921875,0.8112965340179717,5.178342492882922,0.6884531590413944,0.9875,0.5777929687500001,0.7984981226533167,0.030156249999999885,0.012798411364655093,0.46929687500000006,0.7984981226533167,0.8514843750000001,0.8529411764705882,0.3821875,0.05444305381727155,0.0,0.0,0.0,0.047113049775362015,0.22648660838603973,0.17116236686706543,0.0,0.1482540083428224,True,10.05,2026-09-23T15:25:13
stage2_small_id_02_to_id_00_n40_encoder_only__fold0,stage2_small_id_02_to_id_00_n40_encoder_only,0,small,id_02,id_00,40,encoder_only,1501596034,40,12360,5820,25224,12.514375426105618,12.049692085108806,10.93,0.5687304687500001,0.7984981226533167,6.867712304815891,0.6659707724425887,0.996875,0.5777929687500001,0.7984981226533167,-0.009062499999999973,0.0,0.79734375,0.8556149732620321,0.8514843750000001,0.8529411764705882,0.05414062500000005,-0.002673796791443861,0.17299826443195343,0.19934850931167603,0.1647445559501648,0.0,0.0,0.0,0.17903044323126474,0.0,True,11.02,2026-09-23T15:25:24
stage2_small_id_02_to_id_00_n40_full__fold0,stage2_small_id_02_to_id_00_n40_full,0,small,id_02,id_00,40,full,1367706153,40,12360,5820,50760,8.761312769860336,6.9266260776323145,12.79,0.6198046875,0.8055908513341804,5.069506832465153,0.6788008565310493,0.990625,0.5777929687500001,0.7984981226533167,0.04201171874999987,0.007092728680863747,0.41595703125,0.7984981226533167,0.8514843750000001,0.8529411764705882,0.4355273437500001,0.05444305381727155,0.1882777214050293,0.11783741414546967,0.1345924735069275,0.026758557185530663,0.15149597823619843,0.2420249581336975,0.1469025363524755,0.14009316451847553,True,12.93,2026-09-23T15:25:03
stage2_small_id_02_to_id_00_n5_bottleneck_only__fold0,stage2_small_id_02_to_id_00_n5_bottleneck_only,0,small,id_02,id_00,5,bottleneck_only,1053472741,5,1545,750,1096,11.605366249084472,9.435719909667968,1.33,0.5597265625000001,0.7984981226533167,6.34637269233037,0.6659707724425887,0.996875,0.5777929687500001,0.7984981226533167,-0.01806640625,0.0,0.6859179687500001,0.8308115543328748,0.8514843750000001,0.8529411764705882,0.16556640624999996,0.02212962213771341,0.0,0.0,0.09755502641201019,0.06086736172437668,0.0,0.0,0.03251834213733673,0.020289120574792225,True,1.41,2026-09-23T15:24:16
stage2_small_id_02_to_id_00_n5_decoder_only__fold0,stage2_small_id_02_to_id_00_n5_decoder_only,0,small,id_02,id_00,5,decoder_only,2034815038,5,1545,750,25536,10.231566276550293,6.474356155395508,1.2,0.59302734375,0.8076923076923077,5.306202684165736,0.6847826086956522,0.984375,0.5777929687500001,0.7984981226533167,0.015234374999999911,0.009194185038991054,0.490625,0.7984981226533167,0.8514843750000001,0.8529411764705882,0.3608593750000001,0.05444305381727155,0.0,0.0,0.0,0.03077542595565319,0.08444618433713913,0.07866962999105453,0.0,0.06463041342794895,True,1.27,2026-09-23T15:24:13
stage2_small_id_02_to_id_00_n5_encoder_only__fold0,stage2_small_id_02_to_id_00_n5_encoder_only,0,small,id_02,id_00,5,encoder_only,1410372449,5,1545,750,25224,11.637945594787597,10.931529006958009,1.36,0.56587890625,0.7984981226533167,6.8167676030625035,0.6659707724425887,0.996875,0.5777929687500001,0.7984981226533167,-0.011914062500000044,0.0,0.81837890625,0.845945945945946,0.8514843750000001,0.8529411764705882,0.03310546875000009,0.0069952305246422375,0.04817693680524826,0.02749059721827507,0.048874493688344955,0.0,0.0,0.0,0.04151400923728943,0.0,True,1.44,2026-09-23T15:24:14
stage2_small_id_02_to_id_00_n5_full__fold0,stage2_small_id_02_to_id_00_n5_full,0,small,id_02,id_00,5,full,1803327364,5,1545,750,50760,9.965728492736817,5.806853504180908,1.52,0.5746875,0.7989886219974716,5.17568264745135,0.6709129511677282,0.9875,0.5777929687500001,0.7984981226533167,-0.003105468750000062,0.0004904993441549044,0.503515625,0.7984981226533167,0.8514843750000001,0.8529411764705882,0.34796875000000005,0.05444305381727155,0.042974844574928284,0.03009856678545475,0.04602496698498726,0.0186267402023077,0.0539514534175396,0.08273579180240631,0.039699459448456764,0.051771328474084534,True,1.61,2026-09-23T15:24:12
stage2_small_id_02_to_id_04_n10_bottleneck_only__fold0,stage2_small_id_02_to_id_04_n10_bottleneck_only,0,small,id_02,id_04,10,bottleneck_only,1715811435,10,3090,1470,1096,10.01261076635244,8.818349098672671,2.33,0.606796875,0.7984981226533167,6.671107301434267,0.6659707724425887,0.996875,0.5804882812500001,0.7984981226533167,0.026308593749999942,0.0,0.83388671875,0.8533333333333334,0.8514843750000001,0.8529411764705882,0.017597656250000093,-0.00039215686274518546,0.0,0.0,0.09477779269218445,0.06475582718849182,0.0,0.0,0.031592597564061485,0.021585275729497273,True,2.4,2026-09-23T15:25:51
stage2_small_id_02_to_id_04_n10_decoder_only__fold0,stage2_small_id_02_to_id_04_n10_decoder_only,0,small,id_02,id_04,10,decoder_only,261901726,10,3090,1470,25536,7.802016968629798,6.08058619012638,2.39,0.72572265625,0.8488063660477454,5.321365980153216,0.7373271889400922,1.0,0.5804882812500001,0.7984981226533167,0.14523437499999992,0.05030824339442874,0.7174804687499999,0.7984981226533167,0.8514843750000001,0.8529411764705882,0.13400390625000014,0.05444305381727155,0.0,0.0,0.0,0.024962585419416428,0.08846505731344223,0.08219882845878601,0.0,0.06520882373054822,True,2.46,2026-09-23T15:25:46
stage2_small_id_02_to_id_04_n10_encoder_only__fold0,stage2_small_id_02_to_id_04_n10_encoder_only,0,small,id_02,id_04,10,encoder_only,13686988,10,3090,1470,25224,10.263252725406568,10.18076719556536,2.61,0.5829101562500001,0.7984981226533167,6.843489136124892,0.6659707724425887,0.996875,0.5804882812500001,0.7984981226533167,0.0024218750000000178,0.0,0.847265625,0.8506666666666667,0.8514843750000001,0.8529411764705882,0.004218750000000049,0.0022745098039215206,0.04131957143545151,0.039650868624448776,0.06285194307565689,0.0,0.0,0.0,0.04794079437851906,0.0,True,2.69,2026-09-23T15:25:49
stage2_small_id_02_to_id_04_n10_full__fold0,stage2_small_id_02_to_id_04_n10_full,0,small,id_02,id_04,10,full,837074149,10,3090,1470,50760,7.649120856304558,5.928280411934366,3.67,0.7297265625,0.851063829787234,5.262167541268889,0.7407407407407407,1.0,0.5804882812500001,0.7984981226533167,0.14923828124999994,0.052565707133917394,0.71310546875,0.8027397260273973,0.8514843750000001,0.8529411764705882,0.13837890625000004,0.05020145044319091,0.0499001145362854,0.040618833154439926,0.03633515536785126,0.00992003083229065,0.07307439297437668,0.08732441067695618,0.04228470101952553,0.056772944827874504,True,3.76,2026-09-23T15:25:44
stage2_small_id_02_to_id_04_n20_bottleneck_only__fold0,stage2_small_id_02_to_id_04_n20_bottleneck_only,0,small,id_02,id_04,20,bottleneck_only,1116655527,20,6180,2910,1096,10.24049475758346,9.344967547151231,4.93,0.5850390624999999,0.7984981226533167,6.584518116268911,0.6659707724425887,0.996875,0.5804882812500001,0.7984981226533167,0.004550781249999858,0.0,0.82435546875,0.8544726301735648,0.8514843750000001,0.8529411764705882,0.027128906250000084,-0.0015314537029765818,0.0,0.0,0.10812800377607346,0.08208327740430832,0.0,0.0,0.03604266792535782,0.027361092468102772,True,5.01,2026-09-23T15:26:14
stage2_small_id_02_to_id_04_n20_decoder_only__fold0,stage2_small_id_02_to_id_04_n20_decoder_only,0,small,id_02,id_04,20,decoder_only,936013078,20,6180,2910,25536,7.718371956618791,6.600079629839081,4.8,0.7108007812499999,0.8506666666666667,5.291122023790076,0.7418604651162791,0.996875,0.5804882812500001,0.7984981226533167,0.13031249999999983,0.05216854401335003,0.7011328125,0.7984981226533167,0.8514843750000001,0.8529411764705882,0.15035156250000004,0.05444305381727155,0.0,0.0,0.0,0.025934413075447083,0.10405165702104568,0.1018240824341774,0.0,0.07727005084355672,True,4.88,2026-09-23T15:26:03
stage2_small_id_02_to_id_04_n20_encoder_only__fold0,stage2_small_id_02_to_id_04_n20_encoder_only,0,small,id_02,id_04,20,encoder_only,310320472,20,6180,2910,25224,10.598169592237964,10.500525012458723,5.61,0.57919921875,0.7984981226533167,6.809893351928316,0.6659707724425887,0.996875,0.5804882812500001,0.7984981226533167,-0.0012890625000000488,0.0,0.8456250000000001,0.8443271767810027,0.8514843750000001,0.8529411764705882,0.005859375,0.008613999689585539,0.07338935136795044,0.06788229942321777,0.06956003606319427,0.0,0.0,0.0,0.07027722895145416,0.0,True,5.71,2026-09-23T15:26:09
stage2_small_id_02_to_id_04_n20_full__fold0,stage2_small_id_02_to_id_04_n20_full,0,small,id_02,id_04,20,full,1146415701,20,6180,2910,50760,7.52130095983289,6.3503512795438475,7.11,0.7234570312499999,0.8506666666666667,5.332170194712191,0.7418604651162791,0.996875,0.5804882812500001,0.7984981226533167,0.14296874999999987,0.05216854401335003,0.7141992187499999,0.8092643051771117,0.8514843750000001,0.8529411764705882,0.13728515625000015,0.04367687129347653,0.08550573885440826,0.07969930022954941,0.039002131670713425,0.01394565962255001,0.08035685122013092,0.11099231243133545,0.0680690569182237,0.06843160775800546,True,7.19,2026-09-23T15:25:58
stage2_small_id_02_to_id_04_n40_bottleneck_only__fold0,stage2_small_id_02_to_id_04_n40_bottleneck_only,0,small,id_02,id_04,40,bottleneck_only,1876973647,40,12360,5820,1096,9.88252314341437,9.193888669161453,9.8,0.61193359375,0.7984981226533167,6.646641783729726,0.6659707724425887,0.996875,0.5804882812500001,0.7984981226533167,0.03144531249999993,0.0,0.83982421875,0.8521970705725699,0.8514843750000001,0.8529411764705882,0.011660156250000053,0.0007441058980183213,0.0,0.0,0.11677245795726776,0.09930585324764252,0.0,0.0,0.038924152652422585,0.03310195108254751,True,9.89,2026-09-23T15:26:57
stage2_small_id_02_to_id_04_n40_decoder_only__fold0,stage2_small_id_02_to_id_04_n40_decoder_only,0,small,id_02,id_04,40,decoder_only,1900736966,40,12360,5820,25536,7.24998810365028,6.507606813588093,9.79,0.7312890624999999,0.8518024032042724,5.349095999490743,0.7435897435897436,0.996875,0.5804882812500001,0.7984981226533167,0.15080078124999985,0.05330428055095571,0.7166796875,0.8025316455696202,0.8514843750000001,0.8529411764705882,0.13480468750000008,0.050409530900968,0.0,0.0,0.0,0.025953754782676697,0.15082059800624847,0.13743063807487488,0.0,0.10473499695460002,True,9.88,2026-09-23T15:26:37
stage2_small_id_02_to_id_04_n40_encoder_only__fold0,stage2_small_id_02_to_id_04_n40_encoder_only,0,small,id_02,id_04,40,encoder_only,838292960,40,12360,5820,25224,10.449186674098378,10.345416880145516,10.71,0.5801562499999999,0.7984981226533167,6.861619080540431,0.6659707724425887,0.996875,0.5804882812500001,0.7984981226533167,-0.0003320312500001421,0.0,0.8487890625,0.8506666666666667,0.8514843750000001,0.8529411764705882,0.002695312500000102,0.0022745098039215206,0.09968787431716919,0.11177735030651093,0.08958141505718231,0.0,0.0,0.0,0.1003488798936208,0.0,True,10.8,2026-09-23T15:26:48
stage2_small_id_02_to_id_04_n40_full__fold0,stage2_small_id_02_to_id_04_n40_full,0,small,id_02,id_04,40,full,1331242920,40,12360,5820,50760,7.059525612703304,6.244037866592407,12.7,0.72322265625,0.8506666666666667,5.293949872632717,0.7418604651162791,0.996875,0.5804882812500001,0.7984981226533167,0.14273437499999997,0.05216854401335003,0.70208984375,0.7989949748743719,0.8514843750000001,0.8529411764705882,0.14939453125000002,0.053946201596216325,0.1137721836566925,0.1248340755701065,0.10179539769887924,0.017418211326003075,0.11990272253751755,0.15379682183265686,0.11346721897522609,0.09703925189872582,True,12.78,2026-09-23T15:26:27
stage2_small_id_02_to_id_04_n5_bottleneck_only__fold0,stage2_small_id_02_to_id_04_n5_bottleneck_only,0,small,id_02,id_04,5,bottleneck_only,1699806995,5,1545,750,1096,10.285665740966797,8.848104858398438,1.3,0.5960351562499999,0.7984981226533167,6.684762360594419,0.6659707724425887,0.996875,0.5804882812500001,0.7984981226533167,0.015546874999999849,0.0,0.8295703125,0.848404255319149,0.8514843750000001,0.8529411764705882,0.021914062500000053,0.004536921151439222,0.0,0.0,0.08451294898986816,0.04549948126077652,0.0,0.0,0.028170982996622723,0.015166493753592173,True,1.38,2026-09-23T15:25:40
stage2_small_id_02_to_id_04_n5_decoder_only__fold0,stage2_small_id_02_to_id_04_n5_decoder_only,0,small,id_02,id_04,5,decoder_only,171095670,5,1545,750,25536,8.53803409576416,6.085820236206055,1.29,0.7007617187499999,0.8495339547270306,5.27419236293851,0.740139211136891,0.996875,0.5804882812500001,0.7984981226533167,0.12027343749999986,0.05103583207371398,0.7241796875000002,0.8010012515644556,0.8514843750000001,0.8529411764705882,0.1273046874999999,0.05193992490613264,0.0,0.0,0.0,0.01895974576473236,0.06466297805309296,0.049146268516778946,0.0,0.04425633077820142,True,1.36,2026-09-23T15:25:37
stage2_small_id_02_to_id_04_n5_encoder_only__fold0,stage2_small_id_02_to_id_04_n5_encoder_only,0,small,id_02,id_04,5,encoder_only,1322398334,5,1545,750,25224,10.412722663879395,10.316077194213868,1.36,0.5788671875,0.7984981226533167,6.800228833380641,0.6659707724425887,0.996875,0.5804882812500001,0.7984981226533167,-0.00162109375000008,0.0,0.8351367187500001,0.847682119205298,0.8514843750000001,0.8529411764705882,0.01634765625000001,0.00525905726529019,0.03677121922373772,0.02730320580303669,0.05084697902202606,0.0,0.0,0.0,0.03830713468293349,0.0,True,1.43,2026-09-23T15:25:39
stage2_small_id_02_to_id_04_n5_full__fold0,stage2_small_id_02_to_id_04_n5_full,0,small,id_02,id_04,5,full,1850681965,5,1545,750,50760,8.410855655670167,5.935887813568115,1.55,0.6722070312499999,0.8450331125827815,5.286459611898928,0.7333333333333333,0.996875,0.5804882812500001,0.7984981226533167,0.09171874999999985,0.04653498992946481,0.71609375,0.801007556675063,0.8514843750000001,0.8529411764705882,0.1353906250000001,0.05193361979552524,0.04062557965517044,0.026402374729514122,0.03377758711576462,0.010343478061258793,0.05449488013982773,0.05489492043852806,0.03360184716681639,0.039911092879871525,True,1.62,2026-09-23T15:25:36
stage2_small_id_02_to_id_06_n10_bottleneck_only__fold0,stage2_small_id_02_to_id_06_n10_bottleneck_only,0,small,id_02,id_06,10,bottleneck_only,991393478,10,3090,1470,1096,16.795559610639298,14.083156176975795,2.31,0.58232421875,0.7984981226533167,7.604766378124941,0.6659707724425887,0.996875,0.34916015625,0.7984981226533167,0.23316406249999994,0.0,0.7613671875000001,0.8488063660477454,0.8514843750000001,0.8529411764705882,0.09011718749999997,0.004134810422842805,0.0,0.0,0.05287550017237663,0.08003812283277512,0.0,0.0,0.017625166724125545,0.026679374277591705,True,2.39,2026-09-23T15:27:16
stage2_small_id_02_to_id_06_n10_decoder_only__fold0,stage2_small_id_02_to_id_06_n10_decoder_only,0,small,id_02,id_06,10,decoder_only,1075554889,10,3090,1470,25536,12.123998525191327,5.5216250322302995,2.6,0.9555859375,0.9136904761904762,6.977825091001177,0.8721590909090909,0.959375,0.34916015625,0.7984981226533167,0.60642578125,0.11519235353715951,0.6178125000000001,0.7984981226533167,0.8514843750000001,0.8529411764705882,0.23367187499999997,0.05444305381727155,0.0,0.0,0.0,0.02876584231853485,0.10257018357515335,0.14967432618141174,0.0,0.09367011735836665,True,2.7,2026-09-23T15:27:10
stage2_small_id_02_to_id_06_n10_encoder_only__fold0,stage2_small_id_02_to_id_06_n10_encoder_only,0,small,id_02,id_06,10,encoder_only,528840007,10,3090,1470,25224,17.30719142057458,17.161634172712052,2.77,0.35599609374999996,0.7984981226533167,7.010807416971447,0.6659707724425887,0.996875,0.34916015625,0.7984981226533167,0.0068359374999999445,0.0,0.8468359375000001,0.843915343915344,0.8514843750000001,0.8529411764705882,0.004648437499999991,0.009025832555244251,0.05089898034930229,0.06589056551456451,0.0724480003118515,0.0,0.0,0.0,0.06307918205857277,0.0,True,2.85,2026-09-23T15:27:13
stage2_small_id_02_to_id_06_n10_full__fold0,stage2_small_id_02_to_id_06_n10_full,0,small,id_02,id_06,10,full,857664309,10,3090,1470,50760,11.748881631967972,5.367652902797777,3.84,0.9536328124999999,0.9120234604105572,6.7924826698764225,0.8591160220994475,0.971875,0.34916015625,0.7984981226533167,0.6044726562499998,0.1135253377572405,0.6174609375000001,0.7984981226533167,0.8514843750000001,0.8529411764705882,0.2340234375,0.05444305381727155,0.05076891928911209,0.04716542363166809,0.03358731046319008,0.023858604952692986,0.1044006496667862,0.16469557583332062,0.04384055112799009,0.09765161015093327,True,3.91,2026-09-23T15:27:08
stage2_small_id_02_to_id_06_n20_bottleneck_only__fold0,stage2_small_id_02_to_id_06_n20_bottleneck_only,0,small,id_02,id_06,20,bottleneck_only,849802997,20,6180,2910,1096,16.310935187585574,14.041757642608328,4.72,0.5871875,0.7984981226533167,7.774245240541724,0.6659707724425887,0.996875,0.34916015625,0.7984981226533167,0.23802734374999995,0.0,0.76724609375,0.8457446808510638,0.8514843750000001,0.8529411764705882,0.0842382812500001,0.007196495619524401,0.0,0.0,0.091184601187706,0.0938556045293808,0.0,0.0,0.030394867062568665,0.0312852015097936,True,4.8,2026-09-23T15:27:38
stage2_small_id_02_to_id_06_n20_decoder_only__fold0,stage2_small_id_02_to_id_06_n20_decoder_only,0,small,id_02,id_06,20,decoder_only,148819949,20,6180,2910,25536,9.83861675459085,5.799145836191079,4.97,0.9555078125,0.9085545722713865,6.884343757897432,0.8603351955307262,0.9625,0.34916015625,0.7984981226533167,0.6063476562500001,0.11005644961806982,0.6422070312500001,0.7984981226533167,0.8514843750000001,0.8529411764705882,0.20927734374999996,0.05444305381727155,0.0,0.0,0.0,0.02940972149372101,0.1332036554813385,0.1731736809015274,0.0,0.11192901929219563,True,5.04,2026-09-23T15:27:27
stage2_small_id_02_to_id_06_n20_encoder_only__fold0,stage2_small_id_02_to_id_06_n20_encoder_only,0,small,id_02,id_06,20,encoder_only,1635941855,20,6180,2910,25224,17.243302728711946,17.070092879619796,5.87,0.36001953124999997,0.7984981226533167,6.952167466234621,0.6659707724425887,0.996875,0.34916015625,0.7984981226533167,0.010859374999999949,0.0,0.84578125,0.8450331125827815,0.8514843750000001,0.8529411764705882,0.005703125000000031,0.007908063887806738,0.08205249160528183,0.10379847139120102,0.10850674659013748,0.0,0.0,0.0,0.09811923652887344,0.0,True,5.96,2026-09-23T15:27:33
stage2_small_id_02_to_id_06_n20_full__fold0,stage2_small_id_02_to_id_06_n20_full,0,small,id_02,id_06,20,full,1158229180,20,6180,2910,50760,9.55506328700744,5.552067963118406,6.75,0.95560546875,0.9125364431486881,6.622805420812071,0.855191256830601,0.978125,0.34916015625,0.7984981226533167,0.6064453125,0.11403832049537144,0.6040429687500001,0.7984981226533167,0.8514843750000001,0.8529411764705882,0.24744140625,0.05444305381727155,0.08427654206752777,0.08386985957622528,0.08746064454317093,0.022665072232484818,0.14157743752002716,0.21593378484249115,0.08520234872897466,0.1267254315316677,True,6.83,2026-09-23T15:27:22
stage2_small_id_02_to_id_06_n40_bottleneck_only__fold0,stage2_small_id_02_to_id_06_n40_bottleneck_only,0,small,id_02,id_06,40,bottleneck_only,1326777936,40,12360,5820,1096,15.511535295506114,13.816644201573638,9.43,0.5830273437500001,0.7984981226533167,7.771158229185925,0.6659707724425887,0.996875,0.34916015625,0.7984981226533167,0.23386718750000007,0.0,0.78283203125,0.845442536327609,0.8514843750000001,0.8529411764705882,0.06865234375000007,0.007498640142979185,0.0,0.0,0.12754380702972412,0.1078513041138649,0.0,0.0,0.04251460234324137,0.035950434704621635,True,9.52,2026-09-23T15:28:22
stage2_small_id_02_to_id_06_n40_decoder_only__fold0,stage2_small_id_02_to_id_06_n40_decoder_only,0,small,id_02,id_06,40,decoder_only,902803071,40,12360,5820,25536,8.037221289172615,5.7963323322768066,10.85,0.960078125,0.9133627019089574,6.8361174389089285,0.8614958448753463,0.971875,0.34916015625,0.7984981226533167,0.6109179687499999,0.11486457925564075,0.631953125,0.7984981226533167,0.8514843750000001,0.8529411764705882,0.21953125000000007,0.05444305381727155,0.0,0.0,0.0,0.030897341668605804,0.1467028260231018,0.19176961481571198,0.0,0.12312326083580653,True,10.93,2026-09-23T15:28:02
stage2_small_id_02_to_id_06_n40_encoder_only__fold0,stage2_small_id_02_to_id_06_n40_encoder_only,0,small,id_02,id_06,40,encoder_only,829133047,40,12360,5820,25224,16.98874274479974,16.833484959356564,10.73,0.35951171874999993,0.7984981226533167,6.886705568307426,0.6659707724425887,0.996875,0.34916015625,0.7984981226533167,0.010351562499999911,0.0,0.84669921875,0.8491321762349799,0.8514843750000001,0.8529411764705882,0.004785156250000089,0.003809000235608262,0.1161758080124855,0.14187119901180267,0.13187436759471893,0.0,0.0,0.0,0.12997379153966904,0.0,True,10.82,2026-09-23T15:28:13
stage2_small_id_02_to_id_06_n40_full__fold0,stage2_small_id_02_to_id_06_n40_full,0,small,id_02,id_06,40,full,483576100,40,12360,5820,50760,7.8281724723343995,5.5717604701052,12.66,0.96103515625,0.9185185185185185,6.8228851706170435,0.8732394366197183,0.96875,0.34916015625,0.7984981226533167,0.611875,0.12002039586520186,0.6226171875,0.7984981226533167,0.8514843750000001,0.8529411764705882,0.22886718750000012,0.05444305381727155,0.1269112229347229,0.13492077589035034,0.10230328142642975,0.032947324216365814,0.17834630608558655,0.273141086101532,0.12137842675050099,0.16147823880116144,True,12.74,2026-09-23T15:27:51
stage2_small_id_02_to_id_06_n5_bottleneck_only__fold0,stage2_small_id_02_to_id_06_n5_bottleneck_only,0,small,id_02,id_06,5,bottleneck_only,2133702540,5,1545,750,1096,17.018518714904786,13.457849159240723,1.47,0.5677148437499999,0.7984981226533167,7.63248793129782,0.6659707724425887,0.996875,0.34916015625,0.7984981226533167,0.2185546874999999,0.0,0.7502734375,0.847682119205298,0.8514843750000001,0.8529411764705882,0.1012109375000001,0.00525905726529019,0.0,0.0,0.06681924313306808,0.059032950550317764,0.0,0.0,0.02227308104435603,0.019677650183439255,True,1.55,2026-09-23T15:27:04
stage2_small_id_02_to_id_06_n5_decoder_only__fold0,stage2_small_id_02_to_id_06_n5_decoder_only,0,small,id_02,id_06,5,decoder_only,2075187833,5,1545,750,25536,13.816220893859864,5.378968830108643,1.31,0.935625,0.9046242774566474,6.8322061695209095,0.8413978494623656,0.978125,0.34916015625,0.7984981226533167,0.58646484375,0.10612615480333076,0.6300390625,0.7984981226533167,0.8514843750000001,0.8529411764705882,0.2214453125000001,0.05444305381727155,0.0,0.0,0.0,0.024630911648273468,0.06661003082990646,0.07824240624904633,0.0,0.05649444957574209,True,1.39,2026-09-23T15:27:00
stage2_small_id_02_to_id_06_n5_encoder_only__fold0,stage2_small_id_02_to_id_06_n5_encoder_only,0,small,id_02,id_06,5,encoder_only,846617738,5,1545,750,25224,17.129200019836425,17.00307373046875,1.58,0.35369140625,0.7984981226533167,7.214505905472345,0.6659707724425887,0.996875,0.34916015625,0.7984981226533167,0.004531249999999987,0.0,0.8436718750000001,0.845442536327609,0.8514843750000001,0.8529411764705882,0.0078125,0.007498640142979185,0.04014798253774643,0.04692917689681053,0.06255975365638733,0.0,0.0,0.0,0.049878971030314766,0.0,True,1.67,2026-09-23T15:27:02
stage2_small_id_02_to_id_06_n5_full__fold0,stage2_small_id_02_to_id_06_n5_full,0,small,id_02,id_06,5,full,507531332,5,1545,750,50760,13.496739463806152,5.184719371795654,1.58,0.9388671875000001,0.9032258064516129,7.003038941347366,0.850828729281768,0.9625,0.34916015625,0.7984981226533167,0.5897070312500001,0.10472768379829622,0.639609375,0.7984981226533167,0.8514843750000001,0.8529411764705882,0.21187500000000004,0.05444305381727155,0.031629521399736404,0.030546005815267563,0.03395546227693558,0.01717747375369072,0.05465720221400261,0.08100267499685287,0.03204366316397985,0.05094578365484873,True,1.65,2026-09-23T15:26:59
stage2_small_id_04_to_id_00_n10_bottleneck_only__fold0,stage2_small_id_04_to_id_00_n10_bottleneck_only,0,small,id_04,id_00,10,bottleneck_only,438256482,10,3090,1470,1096,9.959938535884936,8.902335556185974,2.53,0.59087890625,0.8040201005025126,6.5077631946198435,0.6722689075630253,1.0,0.60373046875,0.8010012515644556,-0.01285156250000008,0.0030188489380570394,0.55193359375,0.8165374677002584,0.78986328125,0.8559892328398385,0.2379296875000001,0.03945176513958015,0.0,0.0,0.10096383094787598,0.05760017782449722,0.0,0.0,0.03365461031595866,0.01920005927483241,True,2.63,2026-09-23T15:28:40
stage2_small_id_04_to_id_00_n10_decoder_only__fold0,stage2_small_id_04_to_id_00_n10_decoder_only,0,small,id_04,id_00,10,decoder_only,1462371000,10,3090,1470,25536,8.307705421837008,6.099621938199413,2.4,0.5909570312499999,0.7984981226533167,4.858024645006001,0.6659707724425887,0.996875,0.60373046875,0.8010012515644556,-0.012773437500000151,-0.0025031289111389077,0.44718749999999996,0.7984981226533167,0.78986328125,0.8559892328398385,0.3426757812500001,0.057491110186521865,0.0,0.0,0.0,0.027562137693166733,0.11039760708808899,0.09017091244459152,0.0,0.07604355240861575,True,2.48,2026-09-23T15:28:34
stage2_small_id_04_to_id_00_n10_encoder_only__fold0,stage2_small_id_04_to_id_00_n10_encoder_only,0,small,id_04,id_00,10,encoder_only,215791359,10,3090,1470,25224,10.35064053048893,10.184453341425682,2.66,0.59916015625,0.8020050125313283,6.864260216521374,0.6694560669456067,1.0,0.60373046875,0.8010012515644556,-0.004570312500000062,0.0010037609668727132,0.73564453125,0.8487282463186078,0.78986328125,0.8559892328398385,0.05421875000000009,0.00726098652123075,0.05846428871154785,0.037243347615003586,0.06897515803575516,0.0,0.0,0.0,0.05489426478743553,0.0,True,2.74,2026-09-23T15:28:37
stage2_small_id_04_to_id_00_n10_full__fold0,stage2_small_id_04_to_id_00_n10_full,0,small,id_04,id_00,10,full,1029877151,10,3090,1470,50760,8.188384717824508,5.6835647699784255,3.04,0.57869140625,0.8,4.900409033058978,0.6694736842105263,0.99375,0.60373046875,0.8010012515644556,-0.025039062499999987,-0.0010012515644555187,0.412734375,0.7984981226533167,0.78986328125,0.8559892328398385,0.37712890625000006,0.057491110186521865,0.08481936156749725,0.026361096650362015,0.025837386026978493,0.028944702818989754,0.12008708715438843,0.16206024587154388,0.04567261474827925,0.1036973452816407,True,3.12,2026-09-23T15:28:32
stage2_small_id_04_to_id_00_n20_bottleneck_only__fold0,stage2_small_id_04_to_id_00_n20_bottleneck_only,0,small,id_04,id_00,20,bottleneck_only,2070363310,20,6180,2910,1096,10.341172670580677,9.515393207982644,4.64,0.6126367187499999,0.8040201005025126,6.503924496114982,0.6722689075630253,1.0,0.60373046875,0.8010012515644556,0.008906249999999893,0.0030188489380570394,0.64884765625,0.8213820078226858,0.78986328125,0.8559892328398385,0.1410156250000001,0.03460722501715274,0.0,0.0,0.1938544511795044,0.09725113213062286,0.0,0.0,0.06461815039316814,0.032417044043540955,True,4.73,2026-09-23T15:29:02
stage2_small_id_04_to_id_00_n20_decoder_only__fold0,stage2_small_id_04_to_id_00_n20_decoder_only,0,small,id_04,id_00,20,decoder_only,160357444,20,6180,2910,25536,8.216712450243763,6.60362671331032,4.78,0.60578125,0.8025641025641026,4.989649608111119,0.6804347826086956,0.978125,0.60373046875,0.8010012515644556,0.002050781250000022,0.0015628509996470363,0.44650390624999997,0.7984981226533167,0.78986328125,0.8559892328398385,0.3433593750000001,0.057491110186521865,0.0,0.0,0.0,0.03807031735777855,0.14232520759105682,0.13249745965003967,0.0,0.10429766153295834,True,4.86,2026-09-23T15:28:51
stage2_small_id_04_to_id_00_n20_encoder_only__fold0,stage2_small_id_04_to_id_00_n20_encoder_only,0,small,id_04,id_00,20,encoder_only,1430740508,20,6180,2910,25224,10.99675731069034,10.744609586971322,6.01,0.60740234375,0.8020050125313283,6.858320365442424,0.6694560669456067,1.0,0.60373046875,0.8010012515644556,0.003671874999999991,0.0010037609668727132,0.7642773437500001,0.8540829986613119,0.78986328125,0.8559892328398385,0.025585937499999933,0.0019062341785266446,0.11046062409877777,0.08263842761516571,0.1436934769153595,0.0,0.0,0.0,0.11226417620976765,0.0,True,6.09,2026-09-23T15:28:57
stage2_small_id_04_to_id_00_n20_full__fold0,stage2_small_id_04_to_id_00_n20_full,0,small,id_04,id_00,20,full,1153049305,20,6180,2910,50760,8.12761539282258,6.275516824623973,6.49,0.61091796875,0.803030303030303,4.9209253269250866,0.673728813559322,0.99375,0.60373046875,0.8010012515644556,0.007187500000000013,0.00202905146584742,0.45220703124999995,0.7984981226533167,0.78986328125,0.8559892328398385,0.3376562500000001,0.057491110186521865,0.16384516656398773,0.04110515117645264,0.11873496323823929,0.0330965481698513,0.1275947391986847,0.14223548769950867,0.10789509365955989,0.10097559168934822,True,6.57,2026-09-23T15:28:46
stage2_small_id_04_to_id_00_n40_bottleneck_only__fold0,stage2_small_id_04_to_id_00_n40_bottleneck_only,0,small,id_04,id_00,40,bottleneck_only,1979718085,40,12360,5820,1096,9.79205100069341,9.264087045315614,9.44,0.61595703125,0.8046272493573264,6.719368213111051,0.6834061135371179,0.978125,0.60373046875,0.8010012515644556,0.012226562499999982,0.003625997792870872,0.6563671875,0.8159588159588159,0.78986328125,0.8559892328398385,0.13349609375000004,0.0400304168810226,0.0,0.0,0.25473371148109436,0.10790376365184784,0.0,0.0,0.08491123716036479,0.035967921217282615,True,9.53,2026-09-23T15:29:46
stage2_small_id_04_to_id_00_n40_decoder_only__fold0,stage2_small_id_04_to_id_00_n40_decoder_only,0,small,id_04,id_00,40,decoder_only,1017936569,40,12360,5820,25536,7.462772762652525,6.563080495165796,9.95,0.6254296875,0.8050632911392405,4.964254731323551,0.676595744680851,0.99375,0.60373046875,0.8010012515644556,0.021699218750000027,0.004062039574784904,0.47666015625,0.7984981226533167,0.78986328125,0.8559892328398385,0.313203125,0.057491110186521865,0.0,0.0,0.0,0.04866906628012657,0.16208188235759735,0.15432831645011902,0.0,0.12169308836261432,True,10.04,2026-09-23T15:29:25
stage2_small_id_04_to_id_00_n40_encoder_only__fold0,stage2_small_id_04_to_id_00_n40_encoder_only,0,small,id_04,id_00,40,encoder_only,1182383580,40,12360,5820,25224,10.61176700690358,10.38589651560046,11.27,0.609609375,0.8020050125313283,6.854082159160331,0.6694560669456067,1.0,0.60373046875,0.8010012515644556,0.005878906249999982,0.0010037609668727132,0.75462890625,0.8571428571428571,0.78986328125,0.8559892328398385,0.03523437500000004,-0.0011536243030185744,0.13425645232200623,0.09065280109643936,0.1905306577682495,0.0,0.0,0.0,0.13847997039556503,0.0,True,11.36,2026-09-23T15:29:36
stage2_small_id_04_to_id_00_n40_full__fold0,stage2_small_id_04_to_id_00_n40_full,0,small,id_04,id_00,40,full,1770607703,40,12360,5820,50760,7.4288227066551284,6.267517328262329,12.75,0.63185546875,0.807741935483871,4.956250605358946,0.6879120879120879,0.978125,0.60373046875,0.8010012515644556,0.028124999999999956,0.006740683919415402,0.44929687500000004,0.7984981226533167,0.78986328125,0.8559892328398385,0.34056640625,0.057491110186521865,0.19684851169586182,0.0525408536195755,0.1850273460149765,0.04925505071878433,0.18980053067207336,0.17104364931583405,0.14480557044347128,0.13669974356889725,True,12.84,2026-09-23T15:29:15
stage2_small_id_04_to_id_00_n5_bottleneck_only__fold0,stage2_small_id_04_to_id_00_n5_bottleneck_only,0,small,id_04,id_00,5,bottleneck_only,539847560,5,1545,750,1096,10.310087814331055,8.836971435546875,1.53,0.5992968750000001,0.8056628056628057,6.7351366237149275,0.6849015317286652,0.978125,0.60373046875,0.8010012515644556,-0.0044335937499999645,0.004661554098350118,0.57587890625,0.8232258064516129,0.78986328125,0.8559892328398385,0.213984375,0.0327634263882256,0.0,0.0,0.057622671127319336,0.0472569614648819,0.0,0.0,0.019207557042439777,0.015752320488293965,True,1.61,2026-09-23T15:28:29
stage2_small_id_04_to_id_00_n5_decoder_only__fold0,stage2_small_id_04_to_id_00_n5_decoder_only,0,small,id_04,id_00,5,decoder_only,170042280,5,1545,750,25536,8.92515676498413,5.448095531463623,1.38,0.5887304687499999,0.7984981226533167,4.921749494608166,0.6659707724425887,0.996875,0.60373046875,0.8010012515644556,-0.015000000000000124,-0.0025031289111389077,0.46630859375000006,0.7984981226533167,0.78986328125,0.8559892328398385,0.3235546875,0.057491110186521865,0.0,0.0,0.0,0.022949744015932083,0.0555252879858017,0.06450726091861725,0.0,0.047660764306783676,True,1.47,2026-09-23T15:28:25
stage2_small_id_04_to_id_00_n5_encoder_only__fold0,stage2_small_id_04_to_id_00_n5_encoder_only,0,small,id_04,id_00,5,encoder_only,890054149,5,1545,750,25224,10.592510795593261,10.258570861816406,1.57,0.5986914062500001,0.8020050125313283,6.876312445932485,0.6694560669456067,1.0,0.60373046875,0.8010012515644556,-0.005039062499999969,0.0010037609668727132,0.767109375,0.8506666666666667,0.78986328125,0.8559892328398385,0.022753906250000067,0.005322566173171839,0.04296616092324257,0.030800124630331993,0.03791094943881035,0.0,0.0,0.0,0.03722574499746164,0.0,True,1.65,2026-09-23T15:28:27
stage2_small_id_04_to_id_00_n5_full__fold0,stage2_small_id_04_to_id_00_n5_full,0,small,id_04,id_00,5,full,190045565,5,1545,750,50760,8.785811233520509,5.3436448287963865,1.55,0.5859375,0.7984981226533167,4.901658904591039,0.6659707724425887,0.996875,0.60373046875,0.8010012515644556,-0.017792968750000027,-0.0025031289111389077,0.44089843749999996,0.7984981226533167,0.78986328125,0.8559892328398385,0.3489648437500001,0.057491110186521865,0.0346435122191906,0.014933024533092976,0.037794336676597595,0.021412575617432594,0.0517854280769825,0.06390796601772308,0.029123624476293724,0.04570198990404606,True,1.63,2026-09-23T15:28:24
stage2_small_id_04_to_id_02_n10_bottleneck_only__fold0,stage2_small_id_04_to_id_02_n10_bottleneck_only,0,small,id_04,id_02,10,bottleneck_only,1233019340,10,3090,1470,1096,8.131542419900699,7.779229971827293,2.56,0.75658203125,0.8098958333333334,7.059212916093339,0.6941964285714286,0.971875,0.65521484375,0.7984981226533167,0.10136718749999996,0.011397710680016715,0.7345507812500001,0.836173001310616,0.78986328125,0.8559892328398385,0.05531249999999999,0.019816231529222517,0.0,0.0,0.11516528576612473,0.0491703562438488,0.0,0.0,0.038388428588708244,0.0163901187479496,True,2.66,2026-09-23T15:30:03
stage2_small_id_04_to_id_02_n10_decoder_only__fold0,stage2_small_id_04_to_id_02_n10_decoder_only,0,small,id_04,id_02,10,decoder_only,1516244502,10,3090,1470,25536,6.65944124727833,5.415289946964809,2.41,0.8360351562499999,0.8465608465608465,5.189961854970461,0.7339449541284404,1.0,0.65521484375,0.7984981226533167,0.18082031249999986,0.04806272390752986,0.5592578125000001,0.7984981226533167,0.78986328125,0.8559892328398385,0.23060546875,0.057491110186521865,0.0,0.0,0.0,0.031222028657794,0.09780868142843246,0.05984925478696823,0.0,0.0629599882910649,True,2.48,2026-09-23T15:29:58
stage2_small_id_04_to_id_02_n10_encoder_only__fold0,stage2_small_id_04_to_id_02_n10_encoder_only,0,small,id_04,id_02,10,encoder_only,427498654,10,3090,1470,25224,8.293833460126605,8.204982738105619,2.64,0.67779296875,0.7984981226533167,6.989541436476229,0.6659707724425887,0.996875,0.65521484375,0.7984981226533167,0.022578124999999893,0.0,0.7426171875,0.8465608465608465,0.78986328125,0.8559892328398385,0.047246093749999996,0.009428386278992007,0.047212932258844376,0.03273949399590492,0.07425221055746078,0.0,0.0,0.0,0.05140154560407003,0.0,True,2.73,2026-09-23T15:30:00
stage2_small_id_04_to_id_02_n10_full__fold0,stage2_small_id_04_to_id_02_n10_full,0,small,id_04,id_02,10,full,297559004,10,3090,1470,50760,6.60961136525991,5.346765333292436,3.04,0.830546875,0.8502673796791443,5.197270791868923,0.7429906542056075,0.99375,0.65521484375,0.7984981226533167,0.17533203124999996,0.051769257025827686,0.5546875,0.7984981226533167,0.78986328125,0.8559892328398385,0.23517578125000005,0.057491110186521865,0.03993508219718933,0.024387091398239136,0.05036766454577446,0.01692969538271427,0.0747983455657959,0.06117521971464157,0.03822994604706764,0.05096775355438391,True,3.11,2026-09-23T15:29:55
stage2_small_id_04_to_id_02_n20_bottleneck_only__fold0,stage2_small_id_04_to_id_02_n20_bottleneck_only,0,small,id_04,id_02,20,bottleneck_only,1459433455,20,6180,2910,1096,8.211283816504725,7.956181088673699,4.64,0.7478125,0.8109517601043025,7.037974195540498,0.6957494407158836,0.971875,0.65521484375,0.7984981226533167,0.09259765624999994,0.012453637450985822,0.7255859375,0.8443271767810027,0.78986328125,0.8559892328398385,0.06427734375000005,0.011662056058835857,0.0,0.0,0.13457439839839935,0.059052255004644394,0.0,0.0,0.04485813279946645,0.01968408500154813,True,4.72,2026-09-23T15:30:26
stage2_small_id_04_to_id_02_n20_decoder_only__fold0,stage2_small_id_04_to_id_02_n20_decoder_only,0,small,id_04,id_02,20,decoder_only,1907116226,20,6180,2910,25536,6.266840394010249,5.445419832603219,4.73,0.83916015625,0.849933598937583,5.23170998305071,0.7390300230946882,1.0,0.65521484375,0.7984981226533167,0.1839453124999999,0.05143547628426637,0.54517578125,0.7984981226533167,0.78986328125,0.8559892328398385,0.24468750000000006,0.057491110186521865,0.0,0.0,0.0,0.03239159286022186,0.13117346167564392,0.07978153228759766,0.0,0.08111552894115448,True,4.81,2026-09-23T15:30:14
stage2_small_id_04_to_id_02_n20_encoder_only__fold0,stage2_small_id_04_to_id_02_n20_encoder_only,0,small,id_04,id_02,20,encoder_only,857396451,20,6180,2910,25224,8.452060320942673,8.384754800304924,6.2,0.6755078125,0.7984981226533167,6.969732168808724,0.6659707724425887,0.996875,0.65521484375,0.7984981226533167,0.020292968749999973,0.0,0.7416210937500001,0.8465608465608465,0.78986328125,0.8559892328398385,0.04824218749999998,0.009428386278992007,0.07191644608974457,0.04634111002087593,0.11456066370010376,0.0,0.0,0.0,0.07760607327024142,0.0,True,6.28,2026-09-23T15:30:21
stage2_small_id_04_to_id_02_n20_full__fold0,stage2_small_id_04_to_id_02_n20_full,0,small,id_04,id_02,20,full,17053973,20,6180,2910,50760,6.228894096059897,5.370229342549117,6.5,0.8441015624999999,0.8516886930983847,5.552071900488548,0.8033240997229917,0.90625,0.65521484375,0.7984981226533167,0.18888671874999985,0.05319057044506803,0.5319921875,0.7984981226533167,0.78986328125,0.8559892328398385,0.25787109375000006,0.057491110186521865,0.08013246208429337,0.04309582710266113,0.09664004296064377,0.020912257954478264,0.12272229045629501,0.08225226402282715,0.07328944404919942,0.07529560414453347,True,6.58,2026-09-23T15:30:10
stage2_small_id_04_to_id_02_n40_bottleneck_only__fold0,stage2_small_id_04_to_id_02_n40_bottleneck_only,0,small,id_04,id_02,40,bottleneck_only,1529345375,40,12360,5820,1096,8.413061355807118,8.07821531885678,9.32,0.7794335937500001,0.8125,7.05016054885096,0.6964285714285714,0.975,0.65521484375,0.7984981226533167,0.12421875000000004,0.014001877346683345,0.68259765625,0.837696335078534,0.78986328125,0.8559892328398385,0.10726562500000003,0.018292897761304494,0.0,0.0,0.2145666778087616,0.09654436260461807,0.0,0.0,0.07152222593625386,0.03218145420153936,True,9.4,2026-09-23T15:31:09
stage2_small_id_04_to_id_02_n40_decoder_only__fold0,stage2_small_id_04_to_id_02_n40_decoder_only,0,small,id_04,id_02,40,decoder_only,1013920749,40,12360,5820,25536,6.382538657827475,5.727702922427778,10.04,0.8624804687500001,0.851063829787234,5.210905131828868,0.7407407407407407,1.0,0.65521484375,0.7984981226533167,0.207265625,0.052565707133917394,0.56712890625,0.7984981226533167,0.78986328125,0.8559892328398385,0.22273437500000004,0.057491110186521865,0.0,0.0,0.0,0.048385683447122574,0.14553940296173096,0.10619713366031647,0.0,0.10004074002305667,True,10.12,2026-09-23T15:30:48
stage2_small_id_04_to_id_02_n40_encoder_only__fold0,stage2_small_id_04_to_id_02_n40_encoder_only,0,small,id_04,id_02,40,encoder_only,660989313,40,12360,5820,25224,8.729241012297955,8.604817427310747,10.88,0.6819921875,0.7984981226533167,6.971685090111297,0.6659707724425887,0.996875,0.65521484375,0.7984981226533167,0.02677734374999996,0.0,0.7676367187500001,0.847682119205298,0.78986328125,0.8559892328398385,0.02222656249999999,0.008307113634540508,0.12295913696289062,0.0679924339056015,0.21863289177417755,0.0,0.0,0.0,0.13652815421422324,0.0,True,10.96,2026-09-23T15:30:59
stage2_small_id_04_to_id_02_n40_full__fold0,stage2_small_id_04_to_id_02_n40_full,0,small,id_04,id_02,40,full,13906783,40,12360,5820,50760,6.170745884020304,5.559199753495836,12.55,0.86509765625,0.8488063660477454,5.163942876664088,0.7373271889400922,1.0,0.65521484375,0.7984981226533167,0.20988281249999996,0.05030824339442874,0.54734375,0.7984981226533167,0.78986328125,0.8559892328398385,0.24251953125000003,0.057491110186521865,0.14239367842674255,0.056133437901735306,0.17875337600708008,0.026755211874842644,0.10703503340482712,0.11956177651882172,0.12576016411185265,0.0844506739328305,True,12.64,2026-09-23T15:30:38
stage2_small_id_04_to_id_02_n5_bottleneck_only__fold0,stage2_small_id_04_to_id_02_n5_bottleneck_only,0,small,id_04,id_02,5,bottleneck_only,1958945507,5,1545,750,1096,8.089226188659667,7.690082340240479,1.33,0.69671875,0.8120104438642297,7.038194460912567,0.6973094170403588,0.971875,0.65521484375,0.7984981226533167,0.04150390625,0.013512321210913059,0.7001953125,0.8443271767810027,0.78986328125,0.8559892328398385,0.08966796875000005,0.011662056058835857,0.0,0.0,0.053621064871549606,0.039189714938402176,0.0,0.0,0.017873688290516537,0.013063238312800726,True,1.41,2026-09-23T15:29:52
stage2_small_id_04_to_id_02_n5_decoder_only__fold0,stage2_small_id_04_to_id_02_n5_decoder_only,0,small,id_04,id_02,5,decoder_only,479765089,5,1545,750,25536,6.994064979553222,5.3234646606445315,1.39,0.7921875,0.8488063660477454,5.159604811753278,0.7373271889400922,1.0,0.65521484375,0.7984981226533167,0.13697265625,0.05030824339442874,0.53919921875,0.7984981226533167,0.78986328125,0.8559892328398385,0.25066406250000006,0.057491110186521865,0.0,0.0,0.0,0.016742222011089325,0.050762224942445755,0.04656485468149185,0.0,0.03802310054500898,True,1.48,2026-09-23T15:29:49
stage2_small_id_04_to_id_02_n5_encoder_only__fold0,stage2_small_id_04_to_id_02_n5_encoder_only,0,small,id_04,id_02,5,encoder_only,427168961,5,1545,750,25224,8.1995751953125,8.176512432098388,1.69,0.6633203125,0.7984981226533167,6.9679053531881285,0.6659707724425887,0.996875,0.65521484375,0.7984981226533167,0.008105468749999956,0.0,0.7662500000000001,0.8513513513513513,0.78986328125,0.8559892328398385,0.02361328124999995,0.0046378814884872055,0.019072476774454117,0.014258875511586666,0.032948751002550125,0.0,0.0,0.0,0.022093367762863636,0.0,True,1.79,2026-09-23T15:29:51
stage2_small_id_04_to_id_02_n5_full__fold0,stage2_small_id_04_to_id_02_n5_full,0,small,id_04,id_02,5,full,794303412,5,1545,750,50760,7.014763698577881,5.316666183471679,1.59,0.7810546875,0.8488063660477454,5.137725324458441,0.7373271889400922,1.0,0.65521484375,0.7984981226533167,0.1258398437499999,0.05030824339442874,0.52669921875,0.7984981226533167,0.78986328125,0.8559892328398385,0.2631640625,0.057491110186521865,0.025302866473793983,0.010499146766960621,0.020091520622372627,0.011464392766356468,0.036384642124176025,0.047337308526039124,0.018631177954375744,0.03172878113885721,True,1.68,2026-09-23T15:29:47
stage2_small_id_04_to_id_06_n10_bottleneck_only__fold0,stage2_small_id_04_to_id_06_n10_bottleneck_only,0,small,id_04,id_06,10,bottleneck_only,153299510,10,3090,1470,1096,17.887612011967875,16.08982280809052,2.58,0.46562499999999996,0.7984981226533167,8.195059280951046,0.6659707724425887,0.996875,0.2945703125000001,0.7984981226533167,0.17105468749999986,0.0,0.7094335937499998,0.8284182305630027,0.78986328125,0.8559892328398385,0.08042968750000024,0.027571002276835843,0.0,0.0,0.10816937685012817,0.07950177788734436,0.0,0.0,0.036056458950042725,0.026500592629114788,True,2.66,2026-09-23T15:31:26
stage2_small_id_04_to_id_06_n10_decoder_only__fold0,stage2_small_id_04_to_id_06_n10_decoder_only,0,small,id_04,id_06,10,decoder_only,1694866092,10,3090,1470,25536,12.889780531124194,5.409240576685692,2.38,0.9548828125,0.9189985272459499,6.494080298450296,0.8690807799442897,0.975,0.2945703125000001,0.7984981226533167,0.6603124999999999,0.12050040459263323,0.37607421875,0.7984981226533167,0.78986328125,0.8559892328398385,0.4137890625,0.057491110186521865,0.0,0.0,0.0,0.03083500824868679,0.09396069496870041,0.13333025574684143,0.0,0.08604198632140954,True,2.45,2026-09-23T15:31:21
stage2_small_id_04_to_id_06_n10_encoder_only__fold0,stage2_small_id_04_to_id_06_n10_encoder_only,0,small,id_04,id_06,10,encoder_only,691662594,10,3090,1470,25224,18.249564423853037,18.03186288171885,2.65,0.31466796875,0.7984981226533167,6.77608941210898,0.6659707724425887,0.996875,0.2945703125000001,0.7984981226533167,0.02009765624999993,0.0,0.720078125,0.8465608465608465,0.78986328125,0.8559892328398385,0.06978515625000004,0.009428386278992007,0.053334273397922516,0.04266902431845665,0.07841887325048447,0.0,0.0,0.0,0.05814072365562121,0.0,True,2.74,2026-09-23T15:31:24
stage2_small_id_04_to_id_06_n10_full__fold0,stage2_small_id_04_to_id_06_n10_full,0,small,id_04,id_06,10,full,350073937,10,3090,1470,50760,12.662792419900699,5.259559718929991,3.15,0.9581054687499999,0.9203539823008849,6.4518070999773105,0.8715083798882681,0.975,0.2945703125000001,0.7984981226533167,0.6635351562499998,0.12185585964756829,0.3527734375,0.7984981226533167,0.78986328125,0.8559892328398385,0.43708984375000004,0.057491110186521865,0.05483119934797287,0.029728461056947708,0.08885977417230606,0.0200459323823452,0.08099771291017532,0.13882358372211456,0.05780647819240888,0.07995574300487836,True,3.23,2026-09-23T15:31:18
stage2_small_id_04_to_id_06_n20_bottleneck_only__fold0,stage2_small_id_04_to_id_06_n20_bottleneck_only,0,small,id_04,id_06,20,bottleneck_only,319835780,20,6180,2910,1096,17.745077762407124,16.22120310596584,4.71,0.4701953125000001,0.7984981226533167,8.3343055718925,0.6659707724425887,0.996875,0.2945703125000001,0.7984981226533167,0.17562499999999998,0.0,0.6978515625,0.8251001335113485,0.78986328125,0.8559892328398385,0.09201171875000003,0.030889099328490044,0.0,0.0,0.1416422724723816,0.10121294856071472,0.0,0.0,0.0472140908241272,0.03373764952023824,True,4.8,2026-09-23T15:31:49
stage2_small_id_04_to_id_06_n20_decoder_only__fold0,stage2_small_id_04_to_id_06_n20_decoder_only,0,small,id_04,id_06,20,decoder_only,1811249786,20,6180,2910,25536,10.41695095829128,5.491052027830143,5.12,0.96181640625,0.9251497005988024,6.736703115425887,0.8879310344827587,0.965625,0.2945703125000001,0.7984981226533167,0.6672460937499999,0.12665157794548576,0.3728125,0.7984981226533167,0.78986328125,0.8559892328398385,0.41705078125000006,0.057491110186521865,0.0,0.0,0.0,0.038478024303913116,0.12700903415679932,0.15377536416053772,0.0,0.10642080754041672,True,5.21,2026-09-23T15:31:38
stage2_small_id_04_to_id_06_n20_encoder_only__fold0,stage2_small_id_04_to_id_06_n20_encoder_only,0,small,id_04,id_06,20,encoder_only,420666673,20,6180,2910,25224,18.47176372882017,18.252743416225787,6.06,0.31583984374999996,0.7984981226533167,6.725042031420859,0.6659707724425887,0.996875,0.2945703125000001,0.7984981226533167,0.021269531249999862,0.0,0.72998046875,0.849933598937583,0.78986328125,0.8559892328398385,0.05988281250000005,0.006055633902255497,0.07878203690052032,0.0625714361667633,0.13296359777450562,0.0,0.0,0.0,0.09143902361392975,0.0,True,6.15,2026-09-23T15:31:44
stage2_small_id_04_to_id_06_n20_full__fold0,stage2_small_id_04_to_id_06_n20_full,0,small,id_04,id_06,20,full,1603269026,20,6180,2910,50760,10.261602716347605,5.315276952133965,6.76,0.96298828125,0.9239940387481371,6.648813447897094,0.8831908831908832,0.96875,0.2945703125000001,0.7984981226533167,0.6684179687499999,0.12549591609482047,0.33484375,0.7984981226533167,0.78986328125,0.8559892328398385,0.45501953125000005,0.057491110186521865,0.09267596900463104,0.035819340497255325,0.15952487289905548,0.023872418329119682,0.1173817440867424,0.17393623292446136,0.09600672746698062,0.10506346511344115,True,6.84,2026-09-23T15:31:33
stage2_small_id_04_to_id_06_n40_bottleneck_only__fold0,stage2_small_id_04_to_id_06_n40_bottleneck_only,0,small,id_04,id_06,40,bottleneck_only,258953231,40,12360,5820,1096,17.237311476284695,16.110658144213488,9.26,0.46855468749999996,0.7984981226533167,8.278350299230285,0.6659707724425887,0.996875,0.2945703125000001,0.7984981226533167,0.17398437499999986,0.0,0.6983984374999999,0.8262032085561497,0.78986328125,0.8559892328398385,0.09146484375000019,0.029786024283688817,0.0,0.0,0.21147426962852478,0.12144698202610016,0.0,0.0,0.07049142320950826,0.040482327342033386,True,9.36,2026-09-23T15:32:33
stage2_small_id_04_to_id_06_n40_decoder_only__fold0,stage2_small_id_04_to_id_06_n40_decoder_only,0,small,id_04,id_06,40,decoder_only,91300718,40,12360,5820,25536,8.256955817802664,5.5123602606586575,10.09,0.97294921875,0.933933933933934,6.6789363450797445,0.8988439306358381,0.971875,0.2945703125000001,0.7984981226533167,0.6783789062499999,0.13543581128061732,0.35080078124999997,0.7984981226533167,0.78986328125,0.8559892328398385,0.4390625000000001,0.057491110186521865,0.0,0.0,0.0,0.036425866186618805,0.1759898066520691,0.21254731714725494,0.0,0.14165432999531427,True,10.17,2026-09-23T15:32:12
stage2_small_id_04_to_id_06_n40_encoder_only__fold0,stage2_small_id_04_to_id_06_n40_encoder_only,0,small,id_04,id_06,40,encoder_only,1745775653,40,12360,5820,25224,18.357994895620443,18.220214086709564,11.1,0.3153320312500001,0.7984981226533167,6.696138573310136,0.6659707724425887,0.996875,0.2945703125000001,0.7984981226533167,0.02076171874999999,0.0,0.732890625,0.847682119205298,0.78986328125,0.8559892328398385,0.05697265625000003,0.008307113634540508,0.0958678275346756,0.07607043534517288,0.16523213684558868,0.0,0.0,0.0,0.11239013324181239,0.0,True,11.18,2026-09-23T15:32:24
stage2_small_id_04_to_id_06_n40_full__fold0,stage2_small_id_04_to_id_06_n40_full,0,small,id_04,id_06,40,full,21625080,40,12360,5820,50760,8.170225278618409,5.377055416402128,12.92,0.9746484375,0.9353383458646617,6.641434533063787,0.9014492753623189,0.971875,0.2945703125000001,0.7984981226533167,0.6800781249999999,0.13684022321134504,0.3346875,0.7984981226533167,0.78986328125,0.8559892328398385,0.45517578125,0.057491110186521865,0.1330035775899887,0.045531656593084335,0.19811081886291504,0.027651749551296234,0.16712583601474762,0.2183702439069748,0.1255486843486627,0.13771594315767288,True,13.0,2026-09-23T15:32:02
stage2_small_id_04_to_id_06_n5_bottleneck_only__fold0,stage2_small_id_04_to_id_06_n5_bottleneck_only,0,small,id_04,id_06,5,bottleneck_only,1257092498,5,1545,750,1096,16.98151248931885,14.596105537414552,1.23,0.45599609375000005,0.7984981226533167,8.194669507468017,0.6659707724425887,0.996875,0.2945703125000001,0.7984981226533167,0.16142578124999996,0.0,0.72138671875,0.8337730870712401,0.78986328125,0.8559892328398385,0.0684765625,0.022216145768598428,0.0,0.0,0.07413426786661148,0.06278225034475327,0.0,0.0,0.024711422622203827,0.020927416781584423,True,1.31,2026-09-23T15:31:15
stage2_small_id_04_to_id_06_n5_decoder_only__fold0,stage2_small_id_04_to_id_06_n5_decoder_only,0,small,id_04,id_06,5,decoder_only,976857469,5,1545,750,25536,13.963809585571289,5.342618007659912,1.41,0.9465234375,0.9008746355685131,6.725240908776282,0.8442622950819673,0.965625,0.2945703125000001,0.7984981226533167,0.6519531249999999,0.10237651291519645,0.40220703124999996,0.7984981226533167,0.78986328125,0.8559892328398385,0.3876562500000001,0.057491110186521865,0.0,0.0,0.0,0.020410696044564247,0.05267428234219551,0.06683476269245148,0.0,0.04663991369307041,True,1.5,2026-09-23T15:31:12
stage2_small_id_04_to_id_06_n5_encoder_only__fold0,stage2_small_id_04_to_id_06_n5_encoder_only,0,small,id_04,id_06,5,encoder_only,748287339,5,1545,750,25224,16.820619964599608,16.44239761352539,1.74,0.3122265625,0.7984981226533167,6.829914801329085,0.6659707724425887,0.996875,0.2945703125000001,0.7984981226533167,0.01765624999999993,0.0,0.73001953125,0.8465608465608465,0.78986328125,0.8559892328398385,0.059843750000000084,0.009428386278992007,0.037533827126026154,0.02975565567612648,0.04636257514357567,0.0,0.0,0.0,0.03788401931524277,0.0,True,1.83,2026-09-23T15:31:14
stage2_small_id_04_to_id_06_n5_full__fold0,stage2_small_id_04_to_id_06_n5_full,0,small,id_04,id_06,5,full,985046773,5,1545,750,50760,13.501282958984374,5.161740856170654,1.67,0.95044921875,0.9093567251461988,6.730161101847179,0.8543956043956044,0.971875,0.2945703125000001,0.7984981226533167,0.6558789062499999,0.11085860249288215,0.37775390625,0.7984981226533167,0.78986328125,0.8559892328398385,0.41210937500000006,0.057491110186521865,0.032519616186618805,0.0215008445084095,0.036568716168403625,0.01540364883840084,0.051822561770677567,0.07213617861270905,0.030196392287810642,0.04645412974059582,True,1.75,2026-09-23T15:31:10
stage2_small_id_06_to_id_00_n10_bottleneck_only__fold0,stage2_small_id_06_to_id_00_n10_bottleneck_only,0,small,id_06,id_00,10,bottleneck_only,807031622,10,3090,1470,1096,18.307578884825414,17.438205933084294,2.69,0.54888671875,0.7984981226533167,11.719528963650701,0.6659707724425887,0.996875,0.5587109375,0.7984981226533167,-0.009824218750000058,0.0,0.98072265625,0.9520958083832335,0.98396484375,0.9580838323353292,0.003242187500000049,0.0059880239520957446,0.0,0.0,0.1098809763789177,0.07685044407844543,0.0,0.0,0.0366269921263059,0.025616814692815144,True,2.76,2026-09-23T15:32:51
stage2_small_id_06_to_id_00_n10_decoder_only__fold0,stage2_small_id_06_to_id_00_n10_decoder_only,0,small,id_06,id_00,10,decoder_only,2144114538,10,3090,1470,25536,13.423241148189623,6.460681710924421,2.42,0.5940820312499999,0.8,5.0311311913209495,0.6694736842105263,0.99375,0.5587109375,0.7984981226533167,0.035371093749999916,0.001501877346683389,0.28541015625,0.7984981226533167,0.98396484375,0.9580838323353292,0.6985546875,0.15958570968201258,0.0,0.0,0.0,0.03930278122425079,0.10796289891004562,0.07681795954704285,0.0,0.07469454656044643,True,2.5,2026-09-23T15:32:45
stage2_small_id_06_to_id_00_n10_encoder_only__fold0,stage2_small_id_06_to_id_00_n10_encoder_only,0,small,id_06,id_00,10,encoder_only,1447801978,10,3090,1470,25224,18.447360758878748,18.343591962541854,3.02,0.55130859375,0.7984981226533167,12.324432345269953,0.6659707724425887,0.996875,0.5587109375,0.7984981226533167,-0.00740234375000004,0.0,0.97400390625,0.9333333333333333,0.98396484375,0.9580838323353292,0.009960937500000044,0.024750499001995885,0.06880068778991699,0.06278201937675476,0.044459376484155655,0.0,0.0,0.0,0.0586806945502758,0.0,True,3.11,2026-09-23T15:32:48
stage2_small_id_06_to_id_00_n10_full__fold0,stage2_small_id_06_to_id_00_n10_full,0,small,id_06,id_00,10,full,1791455113,10,3090,1470,50760,13.355786187308174,6.0406787541447855,3.06,0.56619140625,0.8035487959442332,4.978291399526621,0.67590618336887,0.990625,0.5587109375,0.7984981226533167,0.007480468749999969,0.005050673290916574,0.31091796875,0.7984981226533167,0.98396484375,0.9580838323353292,0.673046875,0.15958570968201258,0.08991110324859619,0.07185184955596924,0.04842234402894974,0.03580813854932785,0.09379663318395615,0.078145831823349,0.07006176561117172,0.06925020118554433,True,3.14,2026-09-23T15:32:43
stage2_small_id_06_to_id_00_n20_bottleneck_only__fold0,stage2_small_id_06_to_id_00_n20_bottleneck_only,0,small,id_06,id_00,20,bottleneck_only,67496017,20,6180,2910,1096,19.38034912974564,18.47619039004611,4.91,0.54771484375,0.7984981226533167,11.734225084866521,0.6659707724425887,0.996875,0.5587109375,0.7984981226533167,-0.010996093749999991,0.0,0.97853515625,0.9470404984423676,0.98396484375,0.9580838323353292,0.005429687500000058,0.011043333892961638,0.0,0.0,0.09011901170015335,0.09209059178829193,0.0,0.0,0.030039670566717785,0.030696863929430645,True,4.98,2026-09-23T15:33:13
stage2_small_id_06_to_id_00_n20_decoder_only__fold0,stage2_small_id_06_to_id_00_n20_decoder_only,0,small,id_06,id_00,20,decoder_only,1602106141,20,6180,2910,25536,11.903324844910927,6.754058434791172,4.9,0.60900390625,0.8015170670037927,5.025311243967726,0.673036093418259,0.990625,0.5587109375,0.7984981226533167,0.05029296875,0.003018944350476005,0.2788671875,0.7984981226533167,0.98396484375,0.9580838323353292,0.70509765625,0.15958570968201258,0.0,0.0,0.0,0.04808627441525459,0.14668284356594086,0.12015232443809509,0.0,0.10497381413976352,True,4.99,2026-09-23T15:33:02
stage2_small_id_06_to_id_00_n20_encoder_only__fold0,stage2_small_id_06_to_id_00_n20_encoder_only,0,small,id_06,id_00,20,encoder_only,1333491224,20,6180,2910,25224,19.70097001065913,19.60976944756262,5.9,0.5550390624999999,0.7984981226533167,12.328119419925036,0.6659707724425887,0.996875,0.5587109375,0.7984981226533167,-0.003671875000000102,0.0,0.9812890624999999,0.9535232383808095,0.98396484375,0.9580838323353292,0.00267578125000012,0.004560593954519687,0.0828210860490799,0.06600294262170792,0.04229018837213516,0.0,0.0,0.0,0.06370473901430766,0.0,True,5.99,2026-09-23T15:33:08
stage2_small_id_06_to_id_00_n20_full__fold0,stage2_small_id_06_to_id_00_n20_full,0,small,id_06,id_00,20,full,1412496821,20,6180,2910,50760,11.720305020047217,6.343195010706322,6.01,0.61044921875,0.8071519795657727,4.997474710365548,0.6825053995680346,0.9875,0.5587109375,0.7984981226533167,0.05173828125000002,0.008653856912456015,0.28093749999999995,0.7984981226533167,0.98396484375,0.9580838323353292,0.7030273437500001,0.15958570968201258,0.12474832683801651,0.10709863156080246,0.09064850956201553,0.03560640290379524,0.1431543529033661,0.129006490111351,0.10749848932027817,0.10258908197283745,True,6.09,2026-09-23T15:32:57
stage2_small_id_06_to_id_00_n40_bottleneck_only__fold0,stage2_small_id_06_to_id_00_n40_bottleneck_only,0,small,id_06,id_00,40,bottleneck_only,896318827,40,12360,5820,1096,18.816973391267442,18.220844475264403,9.21,0.5509375000000001,0.7984981226533167,11.718906717393004,0.6659707724425887,0.996875,0.5587109375,0.7984981226533167,-0.0077734374999999245,0.0,0.9782421875,0.9470404984423676,0.98396484375,0.9580838323353292,0.005722656250000013,0.011043333892961638,0.0,0.0,0.11231189966201782,0.09520958364009857,0.0,0.0,0.03743729988733927,0.03173652788003286,True,9.29,2026-09-23T15:33:56
stage2_small_id_06_to_id_00_n40_decoder_only__fold0,stage2_small_id_06_to_id_00_n40_decoder_only,0,small,id_06,id_00,40,decoder_only,339525339,40,12360,5820,25536,9.613938415173402,6.724168666859263,9.99,0.6193359375,0.8046875,5.059622562805412,0.6897321428571429,0.965625,0.5587109375,0.7984981226533167,0.06062500000000004,0.006189377346683345,0.28525390624999997,0.7984981226533167,0.98396484375,0.9580838323353292,0.6987109375,0.15958570968201258,0.0,0.0,0.0,0.05003965273499489,0.20052246749401093,0.15172260999679565,0.0,0.13409491007526717,True,10.07,2026-09-23T15:33:36
stage2_small_id_06_to_id_00_n40_encoder_only__fold0,stage2_small_id_06_to_id_00_n40_encoder_only,0,small,id_06,id_00,40,encoder_only,1528190529,40,12360,5820,25224,19.254446393435764,19.16967689868101,10.88,0.5542773437499999,0.7984981226533167,12.302725921556787,0.6659707724425887,0.996875,0.5587109375,0.7984981226533167,-0.0044335937500000755,0.0,0.9804296874999999,0.9533834586466166,0.98396484375,0.9580838323353292,0.0035351562500001155,0.004700373688712678,0.10747300833463669,0.10175167769193649,0.05898076295852661,0.0,0.0,0.0,0.08940181632836659,0.0,True,10.96,2026-09-23T15:33:47
stage2_small_id_06_to_id_00_n40_full__fold0,stage2_small_id_06_to_id_00_n40_full,0,small,id_06,id_00,40,full,1220449818,40,12360,5820,50760,9.529818497982221,6.294742962748734,12.48,0.62689453125,0.8052287581699347,5.038959317237443,0.6921348314606741,0.9625,0.5587109375,0.7984981226533167,0.06818359375000005,0.006730635516618011,0.27650390625,0.7984981226533167,0.98396484375,0.9580838323353292,0.7074609375,0.15958570968201258,0.18695305287837982,0.11470413953065872,0.13007612526416779,0.03183235228061676,0.16514559090137482,0.1721886545419693,0.14391110589106879,0.12305553257465363,True,12.56,2026-09-23T15:33:26
stage2_small_id_06_to_id_00_n5_bottleneck_only__fold0,stage2_small_id_06_to_id_00_n5_bottleneck_only,0,small,id_06,id_00,5,bottleneck_only,1766314860,5,1545,750,1096,18.434639282226563,17.433146400451662,1.21,0.5522265625,0.7984981226533167,11.750126104138817,0.6659707724425887,0.996875,0.5587109375,0.7984981226533167,-0.006484374999999987,0.0,0.9839453125000001,0.954954954954955,0.98396484375,0.9580838323353292,1.9531249999982236e-05,0.003128877380374262,0.0,0.0,0.05142338201403618,0.054063424468040466,0.0,0.0,0.01714112733801206,0.01802114148934682,True,1.29,2026-09-23T15:32:39
stage2_small_id_06_to_id_00_n5_decoder_only__fold0,stage2_small_id_06_to_id_00_n5_decoder_only,0,small,id_06,id_00,5,decoder_only,1856879580,5,1545,750,25536,15.331776885986327,5.732998485565186,1.61,0.6081640625000001,0.8067010309278351,5.117737303233028,0.6864035087719298,0.978125,0.5587109375,0.7984981226533167,0.0494531250000001,0.008202908274518417,0.29029296875,0.7984981226533167,0.98396484375,0.9580838323353292,0.693671875,0.15958570968201258,0.0,0.0,0.0,0.02119680680334568,0.055931348353624344,0.06630001962184906,0.0,0.0478093915929397,True,1.69,2026-09-23T15:32:37
stage2_small_id_06_to_id_00_n5_encoder_only__fold0,stage2_small_id_06_to_id_00_n5_encoder_only,0,small,id_06,id_00,5,encoder_only,1787658691,5,1545,750,25224,18.402330474853514,18.333512649536132,1.57,0.55216796875,0.7984981226533167,12.306899842320908,0.6659707724425887,0.996875,0.5587109375,0.7984981226533167,-0.006542968750000044,0.0,0.97564453125,0.9366715758468336,0.98396484375,0.9580838323353292,0.008320312500000093,0.02141225648849565,0.026402093470096588,0.025757675990462303,0.020050328224897385,0.0,0.0,0.0,0.02407003256181876,0.0,True,1.65,2026-09-23T15:32:38
stage2_small_id_06_to_id_00_n5_full__fold0,stage2_small_id_06_to_id_00_n5_full,0,small,id_06,id_00,5,full,1411146324,5,1545,750,50760,15.227952156066895,5.606923179626465,1.8,0.59376953125,0.8055908513341804,5.029430089140282,0.6788008565310493,0.990625,0.5587109375,0.7984981226533167,0.03505859374999998,0.007092728680863747,0.2871875,0.7984981226533167,0.98396484375,0.9580838323353292,0.69677734375,0.15958570968201258,0.02727770246565342,0.024492355063557625,0.034097298979759216,0.020513659343123436,0.05416448414325714,0.06683900207281113,0.028622452169656754,0.047172381853063904,True,1.88,2026-09-23T15:32:35
stage2_small_id_06_to_id_02_n10_bottleneck_only__fold0,stage2_small_id_06_to_id_02_n10_bottleneck_only,0,small,id_06,id_02,10,bottleneck_only,963023091,10,3090,1470,1096,14.210572184348592,13.351910688439194,2.58,0.6780468749999999,0.7984981226533167,10.563982307718025,0.6659707724425887,0.996875,0.5933984375000001,0.7984981226533167,0.08464843749999984,0.0,0.95357421875,0.920863309352518,0.98396484375,0.9580838323353292,0.030390625000000004,0.0372205229828112,0.0,0.0,0.051486700773239136,0.09277831017971039,0.0,0.0,0.017162233591079712,0.030926103393236797,True,2.66,2026-09-23T15:34:14
stage2_small_id_06_to_id_02_n10_decoder_only__fold0,stage2_small_id_06_to_id_02_n10_decoder_only,0,small,id_06,id_02,10,decoder_only,39017558,10,3090,1470,25536,10.64196100040358,5.48834617770448,2.39,0.84728515625,0.8559892328398385,5.291368864374513,0.75177304964539,0.99375,0.5933984375000001,0.7984981226533167,0.2538867187499999,0.057491110186521865,0.37048828125,0.7984981226533167,0.98396484375,0.9580838323353292,0.6134765625,0.15958570968201258,0.0,0.0,0.0,0.023898707702755928,0.05806272104382515,0.06449028104543686,0.0,0.04881723659733931,True,2.47,2026-09-23T15:34:08
stage2_small_id_06_to_id_02_n10_encoder_only__fold0,stage2_small_id_06_to_id_02_n10_encoder_only,0,small,id_06,id_02,10,encoder_only,1156373251,10,3090,1470,25224,14.535087507598254,14.399560928344727,2.99,0.6075,0.7984981226533167,11.073769359526896,0.6659707724425887,0.996875,0.5933984375000001,0.7984981226533167,0.014101562499999942,0.0,0.97806640625,0.945619335347432,0.98396484375,0.9580838323353292,0.0058984375000000755,0.0124644969878972,0.04468665271997452,0.043962232768535614,0.037082869559526443,0.0,0.0,0.0,0.04191058501601219,0.0,True,3.1,2026-09-23T15:34:11
stage2_small_id_06_to_id_02_n10_full__fold0,stage2_small_id_06_to_id_02_n10_full,0,small,id_06,id_02,10,full,617751241,10,3090,1470,50760,10.605730737958636,5.451965769942926,3.04,0.8597460937499999,0.859504132231405,5.406921488949778,0.7684729064039408,0.975,0.5933984375000001,0.7984981226533167,0.2663476562499998,0.06100600957808833,0.35937499999999994,0.7984981226533167,0.98396484375,0.9580838323353292,0.6245898437500002,0.15958570968201258,0.0389883816242218,0.028407325968146324,0.033792659640312195,0.015400229953229427,0.04721822962164879,0.06436862051486969,0.033729455744226776,0.04232902669658264,True,3.12,2026-09-23T15:34:05
stage2_small_id_06_to_id_02_n20_bottleneck_only__fold0,stage2_small_id_06_to_id_02_n20_bottleneck_only,0,small,id_06,id_02,20,bottleneck_only,1776721551,20,6180,2910,1096,14.183892495853385,13.437561782364993,4.46,0.67958984375,0.7984981226533167,10.5924366392364,0.6659707724425887,0.996875,0.5933984375000001,0.7984981226533167,0.08619140624999988,0.0,0.95015625,0.9155937052932761,0.98396484375,0.9580838323353292,0.033808593750000004,0.04249012704205313,0.0,0.0,0.07219497114419937,0.11204657703638077,0.0,0.0,0.02406499038139979,0.03734885901212692,True,4.55,2026-09-23T15:34:35
stage2_small_id_06_to_id_02_n20_decoder_only__fold0,stage2_small_id_06_to_id_02_n20_decoder_only,0,small,id_06,id_02,20,decoder_only,1544723606,20,6180,2910,25536,8.794704540488647,5.420868136219142,4.97,0.85755859375,0.8632478632478633,5.494041188054677,0.7931937172774869,0.946875,0.5933984375000001,0.7984981226533167,0.2641601562499999,0.06474974059454663,0.36714843750000004,0.7984981226533167,0.98396484375,0.9580838323353292,0.61681640625,0.15958570968201258,0.0,0.0,0.0,0.02683936432003975,0.06745168566703796,0.07955348491668701,0.0,0.057948178301254906,True,5.08,2026-09-23T15:34:25
stage2_small_id_06_to_id_02_n20_encoder_only__fold0,stage2_small_id_06_to_id_02_n20_encoder_only,0,small,id_06,id_02,20,encoder_only,773218906,20,6180,2910,25224,14.627443244776774,14.545102532376948,5.38,0.60951171875,0.7984981226533167,11.08311908067623,0.6659707724425887,0.996875,0.5933984375000001,0.7984981226533167,0.01611328124999989,0.0,0.9778906249999999,0.9470499243570348,0.98396484375,0.9580838323353292,0.006074218750000138,0.0110339079782944,0.06305796653032303,0.052508190274238586,0.05601345747709274,0.0,0.0,0.0,0.05719320476055145,0.0,True,5.46,2026-09-23T15:34:30
stage2_small_id_06_to_id_02_n20_full__fold0,stage2_small_id_06_to_id_02_n20_full,0,small,id_06,id_02,20,full,1921501174,20,6180,2910,50760,8.732959309804071,5.381143058698202,6.0,0.86705078125,0.8695652173913043,5.44895060626744,0.7888040712468194,0.96875,0.5933984375000001,0.7984981226533167,0.2736523437499999,0.07106709473798767,0.36181640625,0.7984981226533167,0.98396484375,0.9580838323353292,0.6221484375,0.15958570968201258,0.06321901082992554,0.029407883062958717,0.03150472044944763,0.01615382358431816,0.05721057951450348,0.08185670524835587,0.0413772047807773,0.051740369449059166,True,6.07,2026-09-23T15:34:20
stage2_small_id_06_to_id_02_n40_bottleneck_only__fold0,stage2_small_id_06_to_id_02_n40_bottleneck_only,0,small,id_06,id_02,40,bottleneck_only,129676587,40,12360,5820,1096,14.278926554414415,13.568862251399718,9.34,0.68689453125,0.7984981226533167,10.60185377960452,0.6659707724425887,0.996875,0.5933984375000001,0.7984981226533167,0.0934960937499999,0.0,0.95166015625,0.9182209469153515,0.98396484375,0.9580838323353292,0.03230468750000004,0.039862885419977734,0.0,0.0,0.1301276534795761,0.12274202704429626,0.0,0.0,0.04337588449319204,0.04091400901476542,True,9.44,2026-09-23T15:35:18
stage2_small_id_06_to_id_02_n40_decoder_only__fold0,stage2_small_id_06_to_id_02_n40_decoder_only,0,small,id_06,id_02,40,decoder_only,1050004289,40,12360,5820,25536,7.6007296006704115,5.692664411879077,9.86,0.859921875,0.8556149732620321,5.2589205729921655,0.7476635514018691,1.0,0.5933984375000001,0.7984981226533167,0.26652343749999985,0.05711685060871541,0.33847656249999997,0.7984981226533167,0.98396484375,0.9580838323353292,0.64548828125,0.15958570968201258,0.0,0.0,0.0,0.02907622419297695,0.07186857610940933,0.1025555282831192,0.0,0.06783344286183517,True,9.95,2026-09-23T15:34:58
stage2_small_id_06_to_id_02_n40_encoder_only__fold0,stage2_small_id_06_to_id_02_n40_encoder_only,0,small,id_06,id_02,40,encoder_only,32575764,40,12360,5820,25224,14.79601179693163,14.705218324956206,10.88,0.6115234374999999,0.7984981226533167,11.071313604953605,0.6659707724425887,0.996875,0.5933984375000001,0.7984981226533167,0.018124999999999836,0.0,0.9806054687500001,0.9464285714285714,0.98396484375,0.9580838323353292,0.0033593749999999423,0.011655260906757836,0.09860367327928543,0.09416705369949341,0.08830122649669647,0.0,0.0,0.0,0.09369065115849178,0.0,True,10.97,2026-09-23T15:35:09
stage2_small_id_06_to_id_02_n40_full__fold0,stage2_small_id_06_to_id_02_n40_full,0,small,id_06,id_02,40,full,495508451,40,12360,5820,50760,7.452946458895182,5.534684424547805,12.81,0.88880859375,0.8599167822468793,5.415871969904528,0.773067331670823,0.96875,0.5933984375000001,0.7984981226533167,0.2954101562499999,0.06141865959356263,0.33640624999999996,0.7984981226533167,0.98396484375,0.9580838323353292,0.6475585937500001,0.15958570968201258,0.11681944131851196,0.07273685932159424,0.052451130002737045,0.019784871488809586,0.09931648522615433,0.11928954720497131,0.08066914354761441,0.07946363463997841,True,12.89,2026-09-23T15:34:48
stage2_small_id_06_to_id_02_n5_bottleneck_only__fold0,stage2_small_id_06_to_id_02_n5_bottleneck_only,0,small,id_06,id_02,5,bottleneck_only,1374805554,5,1545,750,1096,14.130100593566894,13.307157402038575,1.16,0.6375000000000001,0.7984981226533167,10.6318583380443,0.6659707724425887,0.996875,0.5933984375000001,0.7984981226533167,0.04410156249999997,0.0,0.9872265625000001,0.9622926093514329,0.98396484375,0.9580838323353292,-0.003261718750000031,-0.004208777016103671,0.0,0.0,0.04830905795097351,0.051332004368305206,0.0,0.0,0.01610301931699117,0.017110668122768402,True,1.24,2026-09-23T15:34:02
stage2_small_id_06_to_id_02_n5_decoder_only__fold0,stage2_small_id_06_to_id_02_n5_decoder_only,0,small,id_06,id_02,5,decoder_only,1130994197,5,1545,750,25536,11.909822044372559,5.438874759674072,1.35,0.80533203125,0.8521970705725699,5.340467511135661,0.7424593967517401,1.0,0.5933984375000001,0.7984981226533167,0.21193359374999987,0.053698947919253226,0.40455078125,0.7984981226533167,0.98396484375,0.9580838323353292,0.5794140625,0.15958570968201258,0.0,0.0,0.0,0.014366633258759975,0.04934104159474373,0.05157916992902756,0.0,0.038428948260843754,True,1.43,2026-09-23T15:34:00
stage2_small_id_06_to_id_02_n5_encoder_only__fold0,stage2_small_id_06_to_id_02_n5_encoder_only,0,small,id_06,id_02,5,encoder_only,238870671,5,1545,750,25224,14.31867504119873,14.252352981567382,1.46,0.600625,0.7984981226533167,11.07521521003501,0.6659707724425887,0.996875,0.5933984375000001,0.7984981226533167,0.007226562499999867,0.0,0.9717578125,0.9321266968325792,0.98396484375,0.9580838323353292,0.01220703125,0.02595713550275003,0.026164129376411438,0.01773759536445141,0.015620081685483456,0.0,0.0,0.0,0.019840602142115433,0.0,True,1.54,2026-09-23T15:34:01
stage2_small_id_06_to_id_02_n5_full__fold0,stage2_small_id_06_to_id_02_n5_full,0,small,id_06,id_02,5,full,295847537,5,1545,750,50760,11.846714782714844,5.384841709136963,2.03,0.787578125,0.8556149732620321,5.367192643326043,0.7476635514018691,1.0,0.5933984375000001,0.7984981226533167,0.19417968749999992,0.05711685060871541,0.32662109375000004,0.7984981226533167,0.98396484375,0.9580838323353292,0.65734375,0.15958570968201258,0.029861105605959892,0.02714778669178486,0.01097067166119814,0.009237324818968773,0.028905164450407028,0.05272124335169792,0.022659854652980965,0.030287910873691242,True,2.11,2026-09-23T15:33:58
stage2_small_id_06_to_id_04_n10_bottleneck_only__fold0,stage2_small_id_06_to_id_04_n10_bottleneck_only,0,small,id_06,id_04,10,bottleneck_only,2002296497,10,3090,1470,1096,17.984060053922693,16.75902138924112,2.61,0.41080078125,0.7984981226533167,11.70035589705779,0.6659707724425887,0.996875,0.3735937499999999,0.7984981226533167,0.03720703125000013,0.0,0.9910351562499999,0.968944099378882,0.98396484375,0.9580838323353292,-0.007070312499999898,-0.010860267043552807,0.0,0.0,0.12387091666460037,0.06860141456127167,0.0,0.0,0.04129030555486679,0.022867138187090557,True,2.69,2026-09-23T15:35:35
stage2_small_id_06_to_id_04_n10_decoder_only__fold0,stage2_small_id_06_to_id_04_n10_decoder_only,0,small,id_06,id_04,10,decoder_only,1771040515,10,3090,1470,25536,12.832527919691437,6.105351457790452,2.39,0.7163867187499999,0.848,5.436826875047915,0.7395348837209302,0.99375,0.3735937499999999,0.7984981226533167,0.34279296875000004,0.04950187734668332,0.30248046875,0.7984981226533167,0.98396484375,0.9580838323353292,0.681484375,0.15958570968201258,0.0,0.0,0.0,0.017942233011126518,0.07735930383205414,0.08306935429573059,0.0,0.05945696371297041,True,2.47,2026-09-23T15:35:30
stage2_small_id_06_to_id_04_n10_encoder_only__fold0,stage2_small_id_06_to_id_04_n10_encoder_only,0,small,id_06,id_04,10,encoder_only,1181996028,10,3090,1470,25224,18.525289263044083,18.42081579870107,2.89,0.3766796875,0.7984981226533167,12.004140116250245,0.6659707724425887,0.996875,0.3735937499999999,0.7984981226533167,0.0030859375000001354,0.0,0.9818749999999999,0.954954954954955,0.98396484375,0.9580838323353292,0.0020898437500000977,0.003128877380374262,0.04062413051724434,0.047310493886470795,0.051268402487039566,0.0,0.0,0.0,0.0464010089635849,0.0,True,2.98,2026-09-23T15:35:33
stage2_small_id_06_to_id_04_n10_full__fold0,stage2_small_id_06_to_id_04_n10_full,0,small,id_06,id_04,10,full,1320961596,10,3090,1470,50760,12.776114113476812,5.955001500188088,2.97,0.7132226562499999,0.851063829787234,5.388204440802519,0.7407407407407407,1.0,0.3735937499999999,0.7984981226533167,0.33962890625000003,0.052565707133917394,0.30453125000000003,0.7984981226533167,0.98396484375,0.9580838323353292,0.67943359375,0.15958570968201258,0.05146492272615433,0.04046409949660301,0.047737933695316315,0.010614023543894291,0.059161413460969925,0.07934748381376266,0.046555651972691216,0.04970764027287563,True,3.05,2026-09-23T15:35:27
stage2_small_id_06_to_id_04_n20_bottleneck_only__fold0,stage2_small_id_06_to_id_04_n20_bottleneck_only,0,small,id_06,id_04,20,bottleneck_only,639798835,20,6180,2910,1096,18.127319414591053,17.217550828284825,4.85,0.41517578125,0.7984981226533167,11.620388932212657,0.6659707724425887,0.996875,0.3735937499999999,0.7984981226533167,0.041582031250000095,0.0,0.990703125,0.9723076923076923,0.98396484375,0.9580838323353292,-0.006738281249999978,-0.014223859972363084,0.0,0.0,0.1725987195968628,0.09032328426837921,0.0,0.0,0.0575329065322876,0.03010776142279307,True,4.95,2026-09-23T15:35:57
stage2_small_id_06_to_id_04_n20_decoder_only__fold0,stage2_small_id_06_to_id_04_n20_decoder_only,0,small,id_06,id_04,20,decoder_only,2140990118,20,6180,2910,25536,10.951749388704595,6.5048052355186226,4.99,0.6940624999999999,0.8465608465608465,5.275889851712685,0.7339449541284404,1.0,0.3735937499999999,0.7984981226533167,0.32046875,0.04806272390752986,0.323203125,0.7984981226533167,0.98396484375,0.9580838323353292,0.6607617187500001,0.15958570968201258,0.0,0.0,0.0,0.022602278739213943,0.11669279634952545,0.10307135432958603,0.0,0.08078880980610847,True,5.07,2026-09-23T15:35:47
stage2_small_id_06_to_id_04_n20_encoder_only__fold0,stage2_small_id_06_to_id_04_n20_encoder_only,0,small,id_06,id_04,20,encoder_only,282425268,20,6180,2910,25224,18.828862927623632,18.72730829297882,5.85,0.3759375,0.7984981226533167,12.00738577240879,0.6659707724425887,0.996875,0.3735937499999999,0.7984981226533167,0.002343750000000089,0.0,0.983359375,0.9550898203592815,0.98396484375,0.9580838323353292,0.0006054687500000044,0.0029940119760477613,0.08072426915168762,0.0724341869354248,0.06541234999895096,0.0,0.0,0.0,0.07285693536202113,0.0,True,5.93,2026-09-23T15:35:52
stage2_small_id_06_to_id_04_n20_full__fold0,stage2_small_id_06_to_id_04_n20_full,0,small,id_06,id_04,20,full,561613492,20,6180,2910,50760,10.873781105906692,6.273120300057008,5.97,0.7128515624999999,0.8465608465608465,5.290027927100139,0.7339449541284404,1.0,0.3735937499999999,0.7984981226533167,0.33925781250000003,0.04806272390752986,0.33494140625,0.7984981226533167,0.98396484375,0.9580838323353292,0.6490234375,0.15958570968201258,0.12303964793682098,0.07822377234697342,0.06664922088384628,0.015751909464597702,0.10494904965162277,0.10240738838911057,0.08930421372254689,0.07436944916844368,True,6.05,2026-09-23T15:35:41
stage2_small_id_06_to_id_04_n40_bottleneck_only__fold0,stage2_small_id_06_to_id_04_n40_bottleneck_only,0,small,id_06,id_04,40,bottleneck_only,61329728,40,12360,5820,1096,17.66331780817091,16.878275645147895,9.23,0.42169921875000005,0.7984981226533167,11.672351361864207,0.6659707724425887,0.996875,0.3735937499999999,0.7984981226533167,0.04810546875000016,0.0,0.9889062499999999,0.9693251533742331,0.98396484375,0.9580838323353292,-0.004941406249999836,-0.011241321038903851,0.0,0.0,0.18891145288944244,0.11424283683300018,0.0,0.0,0.06297048429648082,0.03808094561100006,True,9.32,2026-09-23T15:36:41
stage2_small_id_06_to_id_04_n40_decoder_only__fold0,stage2_small_id_06_to_id_04_n40_decoder_only,0,small,id_06,id_04,40,decoder_only,560978312,40,12360,5820,25536,8.833754138848215,6.33666978177336,9.81,0.7180078125,0.8472775564409031,5.3364926127154835,0.7367205542725174,0.996875,0.3735937499999999,0.7984981226533167,0.3444140625000001,0.048779433787586424,0.31025390624999993,0.7984981226533167,0.98396484375,0.9580838323353292,0.6737109375000001,0.15958570968201258,0.0,0.0,0.0,0.026190293952822685,0.13118836283683777,0.12939268350601196,0.0,0.09559044676522414,True,9.89,2026-09-23T15:36:20
stage2_small_id_06_to_id_04_n40_encoder_only__fold0,stage2_small_id_06_to_id_04_n40_encoder_only,0,small,id_06,id_04,40,encoder_only,668357491,40,12360,5820,25224,18.589990959954015,18.47933650262577,11.25,0.3710742187499999,0.7984981226533167,11.998833779764022,0.6659707724425887,0.996875,0.3735937499999999,0.7984981226533167,-0.0025195312499999845,0.0,0.9833203125,0.954954954954955,0.98396484375,0.9580838323353292,0.0006445312500000799,0.003128877380374262,0.10148946940898895,0.10826314240694046,0.07416880130767822,0.0,0.0,0.0,0.09464047104120255,0.0,True,11.33,2026-09-23T15:36:31
stage2_small_id_06_to_id_04_n40_full__fold0,stage2_small_id_06_to_id_04_n40_full,0,small,id_06,id_04,40,full,1448364699,40,12360,5820,50760,8.666081721020728,6.128318022206886,12.74,0.74826171875,0.8498659517426274,5.354040155924659,0.744131455399061,0.990625,0.3735937499999999,0.7984981226533167,0.37466796875000014,0.0513678290893107,0.310234375,0.7984981226533167,0.98396484375,0.9580838323353292,0.6737304687500001,0.15958570968201258,0.14376017451286316,0.08352681994438171,0.07613881677389145,0.014524883590638638,0.0990113765001297,0.12686587870121002,0.10114193707704544,0.08013404626399279,True,12.82,2026-09-23T15:36:10
stage2_small_id_06_to_id_04_n5_bottleneck_only__fold0,stage2_small_id_06_to_id_04_n5_bottleneck_only,0,small,id_06,id_04,5,bottleneck_only,2135232353,5,1545,750,1096,18.217894744873046,16.766862144470213,1.18,0.41599609375,0.7984981226533167,11.824111139118479,0.6659707724425887,0.996875,0.3735937499999999,0.7984981226533167,0.04240234375000013,0.0,0.99064453125,0.9723926380368099,0.98396484375,0.9580838323353292,-0.00667968749999992,-0.014308805701480631,0.0,0.0,0.073563352227211,0.05069032683968544,0.0,0.0,0.02452111740907033,0.01689677561322848,True,1.26,2026-09-23T15:35:24
stage2_small_id_06_to_id_04_n5_decoder_only__fold0,stage2_small_id_06_to_id_04_n5_decoder_only,0,small,id_06,id_04,5,decoder_only,906861094,5,1545,750,25536,14.891756896972657,6.16021842956543,1.35,0.68490234375,0.8465608465608465,5.280056081494032,0.7339449541284404,1.0,0.3735937499999999,0.7984981226533167,0.31130859375000014,0.04806272390752986,0.30099609374999997,0.7984981226533167,0.98396484375,0.9580838323353292,0.6829687500000001,0.15958570968201258,0.0,0.0,0.0,0.014179988764226437,0.05711435154080391,0.06289175152778625,0.0,0.044728697277605534,True,1.43,2026-09-23T15:35:22
stage2_small_id_06_to_id_04_n5_encoder_only__fold0,stage2_small_id_06_to_id_04_n5_encoder_only,0,small,id_06,id_04,5,encoder_only,1028125526,5,1545,750,25224,18.67433280944824,18.54913963317871,1.29,0.3724609375,0.7984981226533167,12.034503186790689,0.6659707724425887,0.996875,0.3735937499999999,0.7984981226533167,-0.0011328124999999134,0.0,0.980546875,0.9508196721311475,0.98396484375,0.9580838323353292,0.00341796875,0.007264160204181747,0.024654576554894447,0.023841965943574905,0.029985833913087845,0.0,0.0,0.0,0.026160792137185734,0.0,True,1.36,2026-09-23T15:35:23
stage2_small_id_06_to_id_04_n5_full__fold0,stage2_small_id_06_to_id_04_n5_full,0,small,id_06,id_04,5,full,1302403156,5,1545,750,50760,14.899792442321777,5.900491428375244,1.86,0.620390625,0.8465608465608465,5.244101936298588,0.7339449541284404,1.0,0.3735937499999999,0.7984981226533167,0.24679687500000008,0.04806272390752986,0.34919921874999993,0.7984981226533167,0.98396484375,0.9580838323353292,0.6347656250000001,0.15958570968201258,0.049749214202165604,0.02630666270852089,0.022770630195736885,0.010125384666025639,0.036566995084285736,0.06045275554060936,0.03294216903547446,0.035715045096973576,True,1.97,2026-09-23T15:35:20
