source_model,target_id,file,label,score
id_00,id_02,id_02/normal/00000002.wav,0,7.251248359680176
id_00,id_02,id_02/normal/00000006.wav,0,7.2552924156188965
id_00,id_02,id_02/normal/00000008.wav,0,9.776576042175293
id_00,id_02,id_02/normal/00000012.wav,0,15.197155952453613
id_00,id_02,id_02/normal/00000013.wav,0,14.992989540100098
id_00,id_02,id_02/normal/00000014.wav,0,7.39296293258667
id_00,id_02,id_02/normal/00000026.wav,0,7.086158752441406
id_00,id_02,id_02/normal/00000029.wav,0,7.526248931884766
id_00,id_02,id_02/normal/00000033.wav,0,7.373894691467285
id_00,id_02,id_02/normal/00000039.wav,0,13.0758695602417
id_00,id_02,id_02/normal/00000043.wav,0,7.092226982116699
id_00,id_02,id_02/normal/00000048.wav,0,7.415297031402588
id_00,id_02,id_02/normal/00000050.wav,0,9.384359359741211
id_00,id_02,id_02/normal/00000054.wav,0,8.646130561828613
id_00,id_02,id_02/normal/00000059.wav,0,10.836706161499023
id_00,id_02,id_02/normal/00000064.wav,0,7.293957233428955
id_00,id_02,id_02/normal/00000068.wav,0,7.335659027099609
id_00,id_02,id_02/normal/00000080.wav,0,9.802443504333496
id_00,id_02,id_02/normal/00000090.wav,0,7.067435264587402
id_00,id_02,id_02/normal/00000091.wav,0,7.948159694671631
id_00,id_02,id_02/normal/00000102.wav,0,11.579643249511719
id_00,id_02,id_02/normal/00000109.wav,0,7.714666843414307
id_00,id_02,id_02/normal/00000111.wav,0,9.656157493591309
id_00,id_02,id_02/normal/00000119.wav,0,7.072807312011719
id_00,id_02,id_02/normal/00000121.wav,0,7.751032829284668
id_00,id_02,id_02/normal/00000124.wav,0,7.9617414474487305
id_00,id_02,id_02/normal/00000127.wav,0,7.5533037185668945
id_00,id_02,id_02/normal/00000133.wav,0,7.646239757537842
id_00,id_02,id_02/normal/00000144.wav,0,11.638872146606445
id_00,id_02,id_02/normal/00000155.wav,0,9.027530670166016
id_00,id_02,id_02/normal/00000170.wav,0,7.11441707611084
id_00,id_02,id_02/normal/00000176.wav,0,8.108821868896484
id_00,id_02,id_02/normal/00000191.wav,0,6.987738132476807
id_00,id_02,id_02/normal/00000196.wav,0,8.25034236907959
id_00,id_02,id_02/normal/00000217.wav,0,7.742991924285889
id_00,id_02,id_02/normal/00000225.wav,0,7.214263916015625
id_00,id_02,id_02/normal/00000227.wav,0,13.259526252746582
id_00,id_02,id_02/normal/00000230.wav,0,13.635849952697754
id_00,id_02,id_02/normal/00000242.wav,0,9.447845458984375
id_00,id_02,id_02/normal/00000245.wav,0,7.488199234008789
id_00,id_02,id_02/normal/00000246.wav,0,6.6984148025512695
id_00,id_02,id_02/normal/00000250.wav,0,7.139437675476074
id_00,id_02,id_02/normal/00000255.wav,0,8.027780532836914
id_00,id_02,id_02/normal/00000258.wav,0,7.717575550079346
id_00,id_02,id_02/normal/00000262.wav,0,8.322341918945312
id_00,id_02,id_02/normal/00000275.wav,0,6.774757385253906
id_00,id_02,id_02/normal/00000287.wav,0,13.855867385864258
id_00,id_02,id_02/normal/00000291.wav,0,7.0993266105651855
id_00,id_02,id_02/normal/00000302.wav,0,12.198955535888672
id_00,id_02,id_02/normal/00000306.wav,0,9.065580368041992
id_00,id_02,id_02/normal/00000310.wav,0,7.512979030609131
id_00,id_02,id_02/normal/00000317.wav,0,11.501479148864746
id_00,id_02,id_02/normal/00000321.wav,0,8.638628005981445
id_00,id_02,id_02/normal/00000326.wav,0,8.683608055114746
id_00,id_02,id_02/normal/00000339.wav,0,6.855165481567383
id_00,id_02,id_02/normal/00000345.wav,0,15.723658561706543
id_00,id_02,id_02/normal/00000353.wav,0,11.472509384155273
id_00,id_02,id_02/normal/00000357.wav,0,6.826070785522461
id_00,id_02,id_02/normal/00000361.wav,0,13.026298522949219
id_00,id_02,id_02/normal/00000363.wav,0,8.575536727905273
id_00,id_02,id_02/normal/00000369.wav,0,13.581133842468262
id_00,id_02,id_02/normal/00000370.wav,0,7.495624542236328
id_00,id_02,id_02/normal/00000371.wav,0,9.282587051391602
id_00,id_02,id_02/normal/00000379.wav,0,9.956775665283203
id_00,id_02,id_02/normal/00000383.wav,0,7.206140041351318
id_00,id_02,id_02/normal/00000388.wav,0,7.016089916229248
id_00,id_02,id_02/normal/00000397.wav,0,8.399949073791504
id_00,id_02,id_02/normal/00000398.wav,0,14.367671966552734
id_00,id_02,id_02/normal/00000404.wav,0,10.28502082824707
id_00,id_02,id_02/normal/00000405.wav,0,7.230429649353027
id_00,id_02,id_02/normal/00000408.wav,0,7.2787628173828125
id_00,id_02,id_02/normal/00000414.wav,0,14.733246803283691
id_00,id_02,id_02/normal/00000416.wav,0,6.914015293121338
id_00,id_02,id_02/normal/00000442.wav,0,12.13323974609375
id_00,id_02,id_02/normal/00000451.wav,0,7.3336639404296875
id_00,id_02,id_02/normal/00000473.wav,0,6.765629291534424
id_00,id_02,id_02/normal/00000481.wav,0,10.176684379577637
id_00,id_02,id_02/normal/00000484.wav,0,9.883187294006348
id_00,id_02,id_02/normal/00000488.wav,0,7.134128093719482
id_00,id_02,id_02/normal/00000494.wav,0,13.037484169006348
id_00,id_02,id_02/normal/00000531.wav,0,11.17365550994873
id_00,id_02,id_02/normal/00000533.wav,0,7.023660659790039
id_00,id_02,id_02/normal/00000538.wav,0,7.589756488800049
id_00,id_02,id_02/normal/00000540.wav,0,15.029046058654785
id_00,id_02,id_02/normal/00000545.wav,0,8.703568458557129
id_00,id_02,id_02/normal/00000546.wav,0,7.446712017059326
id_00,id_02,id_02/normal/00000551.wav,0,7.496212482452393
id_00,id_02,id_02/normal/00000556.wav,0,8.430785179138184
id_00,id_02,id_02/normal/00000557.wav,0,7.489974021911621
id_00,id_02,id_02/normal/00000567.wav,0,13.416627883911133
id_00,id_02,id_02/normal/00000577.wav,0,9.053807258605957
id_00,id_02,id_02/normal/00000583.wav,0,6.794590473175049
id_00,id_02,id_02/normal/00000584.wav,0,9.121912002563477
id_00,id_02,id_02/normal/00000589.wav,0,8.028948783874512
id_00,id_02,id_02/normal/00000596.wav,0,7.172911643981934
id_00,id_02,id_02/normal/00000599.wav,0,7.51128625869751
id_00,id_02,id_02/normal/00000600.wav,0,7.023439884185791
id_00,id_02,id_02/normal/00000604.wav,0,7.251863956451416
id_00,id_02,id_02/normal/00000607.wav,0,7.030191421508789
id_00,id_02,id_02/normal/00000608.wav,0,15.095438003540039
id_00,id_02,id_02/normal/00000616.wav,0,8.455618858337402
id_00,id_02,id_02/normal/00000622.wav,0,9.392407417297363
id_00,id_02,id_02/normal/00000624.wav,0,8.751659393310547
id_00,id_02,id_02/normal/00000626.wav,0,9.332908630371094
id_00,id_02,id_02/normal/00000629.wav,0,14.433279991149902
id_00,id_02,id_02/normal/00000630.wav,0,8.029202461242676
id_00,id_02,id_02/normal/00000641.wav,0,7.236069202423096
id_00,id_02,id_02/normal/00000644.wav,0,11.413694381713867
id_00,id_02,id_02/normal/00000645.wav,0,7.312237739562988
id_00,id_02,id_02/normal/00000653.wav,0,8.216837882995605
id_00,id_02,id_02/normal/00000671.wav,0,10.339507102966309
id_00,id_02,id_02/normal/00000672.wav,0,10.875994682312012
id_00,id_02,id_02/normal/00000673.wav,0,8.070752143859863
id_00,id_02,id_02/normal/00000674.wav,0,10.924653053283691
id_00,id_02,id_02/normal/00000681.wav,0,14.953185081481934
id_00,id_02,id_02/normal/00000690.wav,0,9.708866119384766
id_00,id_02,id_02/normal/00000692.wav,0,7.09657096862793
id_00,id_02,id_02/normal/00000705.wav,0,7.79794979095459
id_00,id_02,id_02/normal/00000706.wav,0,6.916265487670898
id_00,id_02,id_02/normal/00000715.wav,0,11.320720672607422
id_00,id_02,id_02/normal/00000733.wav,0,9.707110404968262
id_00,id_02,id_02/normal/00000735.wav,0,12.981658935546875
id_00,id_02,id_02/normal/00000745.wav,0,7.952674865722656
id_00,id_02,id_02/normal/00000747.wav,0,7.082910060882568
id_00,id_02,id_02/normal/00000757.wav,0,10.088001251220703
id_00,id_02,id_02/normal/00000758.wav,0,9.190505981445312
id_00,id_02,id_02/normal/00000759.wav,0,9.201385498046875
id_00,id_02,id_02/normal/00000770.wav,0,7.730897903442383
id_00,id_02,id_02/normal/00000771.wav,0,8.261136054992676
id_00,id_02,id_02/normal/00000773.wav,0,7.645373821258545
id_00,id_02,id_02/normal/00000774.wav,0,6.74616813659668
id_00,id_02,id_02/normal/00000777.wav,0,7.059730052947998
id_00,id_02,id_02/normal/00000784.wav,0,7.319201946258545
id_00,id_02,id_02/normal/00000798.wav,0,7.268775939941406
id_00,id_02,id_02/normal/00000800.wav,0,10.260419845581055
id_00,id_02,id_02/normal/00000803.wav,0,7.247387409210205
id_00,id_02,id_02/normal/00000805.wav,0,9.611865043640137
id_00,id_02,id_02/normal/00000809.wav,0,7.002056121826172
id_00,id_02,id_02/normal/00000827.wav,0,8.915639877319336
id_00,id_02,id_02/normal/00000835.wav,0,7.169076919555664
id_00,id_02,id_02/normal/00000838.wav,0,10.703313827514648
id_00,id_02,id_02/normal/00000885.wav,0,7.129992961883545
id_00,id_02,id_02/normal/00000888.wav,0,9.269989013671875
id_00,id_02,id_02/normal/00000896.wav,0,9.30606746673584
id_00,id_02,id_02/normal/00000898.wav,0,9.139411926269531
id_00,id_02,id_02/normal/00000900.wav,0,8.690169334411621
id_00,id_02,id_02/normal/00000901.wav,0,9.846707344055176
id_00,id_02,id_02/normal/00000909.wav,0,12.1851224899292
id_00,id_02,id_02/normal/00000923.wav,0,8.835613250732422
id_00,id_02,id_02/normal/00000935.wav,0,7.14940881729126
id_00,id_02,id_02/normal/00000943.wav,0,9.08232593536377
id_00,id_02,id_02/normal/00000948.wav,0,8.75632381439209
id_00,id_02,id_02/normal/00000949.wav,0,9.290590286254883
id_00,id_02,id_02/normal/00000967.wav,0,8.37053108215332
id_00,id_02,id_02/normal/00000969.wav,0,7.3765549659729
id_00,id_02,id_02/normal/00000972.wav,0,7.540605068206787
id_00,id_02,id_02/normal/00000986.wav,0,7.74644660949707
id_00,id_02,id_02/normal/00000994.wav,0,9.47069263458252
id_00,id_02,id_02/normal/00001000.wav,0,7.003442764282227
id_00,id_02,id_02/normal/00001002.wav,0,8.78184986114502
id_00,id_02,id_02/abnormal/00000000.wav,1,9.19314193725586
id_00,id_02,id_02/abnormal/00000001.wav,1,9.367064476013184
id_00,id_02,id_02/abnormal/00000002.wav,1,6.204823970794678
id_00,id_02,id_02/abnormal/00000003.wav,1,11.050787925720215
id_00,id_02,id_02/abnormal/00000004.wav,1,9.015581130981445
id_00,id_02,id_02/abnormal/00000005.wav,1,9.4529447555542
id_00,id_02,id_02/abnormal/00000006.wav,1,7.546380043029785
id_00,id_02,id_02/abnormal/00000007.wav,1,6.308203220367432
id_00,id_02,id_02/abnormal/00000008.wav,1,9.022293090820312
id_00,id_02,id_02/abnormal/00000009.wav,1,6.958841800689697
id_00,id_02,id_02/abnormal/00000010.wav,1,9.413484573364258
id_00,id_02,id_02/abnormal/00000011.wav,1,6.384950637817383
id_00,id_02,id_02/abnormal/00000012.wav,1,6.557754993438721
id_00,id_02,id_02/abnormal/00000013.wav,1,10.675058364868164
id_00,id_02,id_02/abnormal/00000015.wav,1,6.628990173339844
id_00,id_02,id_02/abnormal/00000016.wav,1,6.065112113952637
id_00,id_02,id_02/abnormal/00000018.wav,1,8.405217170715332
id_00,id_02,id_02/abnormal/00000019.wav,1,8.937161445617676
id_00,id_02,id_02/abnormal/00000020.wav,1,9.628996849060059
id_00,id_02,id_02/abnormal/00000021.wav,1,17.455394744873047
id_00,id_02,id_02/abnormal/00000022.wav,1,7.34852933883667
id_00,id_02,id_02/abnormal/00000023.wav,1,9.681755065917969
id_00,id_02,id_02/abnormal/00000025.wav,1,11.310284614562988
id_00,id_02,id_02/abnormal/00000026.wav,1,7.727293014526367
id_00,id_02,id_02/abnormal/00000027.wav,1,9.092963218688965
id_00,id_02,id_02/abnormal/00000028.wav,1,14.00512981414795
id_00,id_02,id_02/abnormal/00000029.wav,1,10.004737854003906
id_00,id_02,id_02/abnormal/00000030.wav,1,14.911209106445312
id_00,id_02,id_02/abnormal/00000031.wav,1,6.218935966491699
id_00,id_02,id_02/abnormal/00000032.wav,1,9.573175430297852
id_00,id_02,id_02/abnormal/00000033.wav,1,9.036919593811035
id_00,id_02,id_02/abnormal/00000034.wav,1,11.389864921569824
id_00,id_02,id_02/abnormal/00000035.wav,1,7.212626934051514
id_00,id_02,id_02/abnormal/00000036.wav,1,9.832306861877441
id_00,id_02,id_02/abnormal/00000037.wav,1,8.997139930725098
id_00,id_02,id_02/abnormal/00000038.wav,1,10.214545249938965
id_00,id_02,id_02/abnormal/00000039.wav,1,6.166083812713623
id_00,id_02,id_02/abnormal/00000040.wav,1,8.400858879089355
id_00,id_02,id_02/abnormal/00000041.wav,1,6.164829254150391
id_00,id_02,id_02/abnormal/00000042.wav,1,6.88893461227417
id_00,id_02,id_02/abnormal/00000044.wav,1,9.9749174118042
id_00,id_02,id_02/abnormal/00000045.wav,1,7.4995222091674805
id_00,id_02,id_02/abnormal/00000046.wav,1,11.22147274017334
id_00,id_02,id_02/abnormal/00000047.wav,1,15.160225868225098
id_00,id_02,id_02/abnormal/00000048.wav,1,6.075151443481445
id_00,id_02,id_02/abnormal/00000049.wav,1,11.338462829589844
id_00,id_02,id_02/abnormal/00000050.wav,1,9.452014923095703
id_00,id_02,id_02/abnormal/00000052.wav,1,8.264339447021484
id_00,id_02,id_02/abnormal/00000053.wav,1,9.630463600158691
id_00,id_02,id_02/abnormal/00000054.wav,1,9.218099594116211
id_00,id_02,id_02/abnormal/00000055.wav,1,7.3803324699401855
id_00,id_02,id_02/abnormal/00000056.wav,1,6.16090726852417
id_00,id_02,id_02/abnormal/00000057.wav,1,10.244070053100586
id_00,id_02,id_02/abnormal/00000058.wav,1,6.456139087677002
id_00,id_02,id_02/abnormal/00000059.wav,1,8.501830101013184
id_00,id_02,id_02/abnormal/00000060.wav,1,8.12954044342041
id_00,id_02,id_02/abnormal/00000061.wav,1,9.516417503356934
id_00,id_02,id_02/abnormal/00000062.wav,1,9.623927116394043
id_00,id_02,id_02/abnormal/00000063.wav,1,15.959343910217285
id_00,id_02,id_02/abnormal/00000064.wav,1,10.9324369430542
id_00,id_02,id_02/abnormal/00000065.wav,1,7.945018768310547
id_00,id_02,id_02/abnormal/00000066.wav,1,6.324451446533203
id_00,id_02,id_02/abnormal/00000067.wav,1,9.32220458984375
id_00,id_02,id_02/abnormal/00000069.wav,1,8.058328628540039
id_00,id_02,id_02/abnormal/00000070.wav,1,8.88437271118164
id_00,id_02,id_02/abnormal/00000071.wav,1,6.224045276641846
id_00,id_02,id_02/abnormal/00000072.wav,1,9.602757453918457
id_00,id_02,id_02/abnormal/00000073.wav,1,10.952073097229004
id_00,id_02,id_02/abnormal/00000075.wav,1,9.709725379943848
id_00,id_02,id_02/abnormal/00000076.wav,1,7.6638383865356445
id_00,id_02,id_02/abnormal/00000077.wav,1,8.731425285339355
id_00,id_02,id_02/abnormal/00000078.wav,1,8.79306411743164
id_00,id_02,id_02/abnormal/00000079.wav,1,7.444250106811523
id_00,id_02,id_02/abnormal/00000080.wav,1,7.716160297393799
id_00,id_02,id_02/abnormal/00000081.wav,1,9.028752326965332
id_00,id_02,id_02/abnormal/00000082.wav,1,9.038154602050781
id_00,id_02,id_02/abnormal/00000083.wav,1,7.524898529052734
id_00,id_02,id_02/abnormal/00000084.wav,1,8.635810852050781
id_00,id_02,id_02/abnormal/00000085.wav,1,8.438440322875977
id_00,id_02,id_02/abnormal/00000086.wav,1,6.092469215393066
id_00,id_02,id_02/abnormal/00000087.wav,1,6.8634843826293945
id_00,id_02,id_02/abnormal/00000088.wav,1,7.592705726623535
id_00,id_02,id_02/abnormal/00000089.wav,1,6.175306797027588
id_00,id_02,id_02/abnormal/00000090.wav,1,6.263914108276367
id_00,id_02,id_02/abnormal/00000091.wav,1,6.161441326141357
id_00,id_02,id_02/abnormal/00000092.wav,1,9.552742958068848
id_00,id_02,id_02/abnormal/00000094.wav,1,8.94111442565918
id_00,id_02,id_02/abnormal/00000095.wav,1,7.952932357788086
id_00,id_02,id_02/abnormal/00000096.wav,1,12.427425384521484
id_00,id_02,id_02/abnormal/00000097.wav,1,6.235302925109863
id_00,id_02,id_02/abnormal/00000098.wav,1,8.794193267822266
id_00,id_02,id_02/abnormal/00000099.wav,1,6.096529960632324
id_00,id_02,id_02/abnormal/00000101.wav,1,6.318232536315918
id_00,id_02,id_02/abnormal/00000102.wav,1,7.782717704772949
id_00,id_02,id_02/abnormal/00000103.wav,1,7.471168041229248
id_00,id_02,id_02/abnormal/00000104.wav,1,10.207381248474121
id_00,id_02,id_02/abnormal/00000106.wav,1,8.764198303222656
id_00,id_02,id_02/abnormal/00000107.wav,1,10.560006141662598
id_00,id_02,id_02/abnormal/00000108.wav,1,13.430032730102539
id_00,id_02,id_02/abnormal/00000109.wav,1,8.843697547912598
id_00,id_02,id_02/abnormal/00000110.wav,1,9.204092025756836
id_00,id_02,id_02/abnormal/00000111.wav,1,7.832001686096191
id_00,id_02,id_02/abnormal/00000112.wav,1,9.764708518981934
id_00,id_02,id_02/abnormal/00000113.wav,1,8.502846717834473
id_00,id_02,id_02/abnormal/00000114.wav,1,9.496576309204102
id_00,id_02,id_02/abnormal/00000115.wav,1,6.072915077209473
id_00,id_02,id_02/abnormal/00000117.wav,1,9.804298400878906
id_00,id_02,id_02/abnormal/00000118.wav,1,8.397162437438965
id_00,id_02,id_02/abnormal/00000119.wav,1,6.3170623779296875
id_00,id_02,id_02/abnormal/00000120.wav,1,9.904229164123535
id_00,id_02,id_02/abnormal/00000121.wav,1,9.161430358886719
id_00,id_02,id_02/abnormal/00000124.wav,1,11.325146675109863
id_00,id_02,id_02/abnormal/00000125.wav,1,6.280506610870361
id_00,id_02,id_02/abnormal/00000126.wav,1,6.863836288452148
id_00,id_02,id_02/abnormal/00000127.wav,1,13.805102348327637
id_00,id_02,id_02/abnormal/00000128.wav,1,6.427571773529053
id_00,id_02,id_02/abnormal/00000129.wav,1,6.40135383605957
id_00,id_02,id_02/abnormal/00000130.wav,1,9.39616870880127
id_00,id_02,id_02/abnormal/00000131.wav,1,7.012158393859863
id_00,id_02,id_02/abnormal/00000132.wav,1,8.017440795898438
id_00,id_02,id_02/abnormal/00000134.wav,1,7.221476078033447
id_00,id_02,id_02/abnormal/00000135.wav,1,7.130428314208984
id_00,id_02,id_02/abnormal/00000136.wav,1,7.773636817932129
id_00,id_02,id_02/abnormal/00000137.wav,1,10.079304695129395
id_00,id_02,id_02/abnormal/00000139.wav,1,7.140617370605469
id_00,id_02,id_02/abnormal/00000140.wav,1,7.445301532745361
id_00,id_02,id_02/abnormal/00000141.wav,1,11.663359642028809
id_00,id_02,id_02/abnormal/00000142.wav,1,8.972021102905273
id_00,id_02,id_02/abnormal/00000143.wav,1,7.167181968688965
id_00,id_02,id_02/abnormal/00000144.wav,1,7.189209938049316
id_00,id_02,id_02/abnormal/00000145.wav,1,6.904207706451416
id_00,id_02,id_02/abnormal/00000146.wav,1,7.304047107696533
id_00,id_02,id_02/abnormal/00000147.wav,1,6.826319694519043
id_00,id_02,id_02/abnormal/00000148.wav,1,9.604514122009277
id_00,id_02,id_02/abnormal/00000149.wav,1,6.855323791503906
id_00,id_02,id_02/abnormal/00000150.wav,1,7.148823261260986
id_00,id_02,id_02/abnormal/00000151.wav,1,9.046699523925781
id_00,id_02,id_02/abnormal/00000152.wav,1,6.660983562469482
id_00,id_02,id_02/abnormal/00000153.wav,1,6.902159214019775
id_00,id_02,id_02/abnormal/00000154.wav,1,11.35684585571289
id_00,id_02,id_02/abnormal/00000155.wav,1,11.300804138183594
id_00,id_02,id_02/abnormal/00000156.wav,1,10.386881828308105
id_00,id_02,id_02/abnormal/00000157.wav,1,8.125507354736328
id_00,id_02,id_02/abnormal/00000158.wav,1,10.847350120544434
id_00,id_02,id_02/abnormal/00000159.wav,1,11.32992172241211
id_00,id_02,id_02/abnormal/00000160.wav,1,6.859208583831787
id_00,id_02,id_02/abnormal/00000161.wav,1,7.566161632537842
id_00,id_02,id_02/abnormal/00000163.wav,1,10.932852745056152
id_00,id_02,id_02/abnormal/00000164.wav,1,7.095466136932373
id_00,id_02,id_02/abnormal/00000165.wav,1,7.404189109802246
id_00,id_02,id_02/abnormal/00000166.wav,1,11.673325538635254
id_00,id_02,id_02/abnormal/00000167.wav,1,7.405494213104248
id_00,id_02,id_02/abnormal/00000168.wav,1,8.635499000549316
id_00,id_02,id_02/abnormal/00000170.wav,1,6.583542346954346
id_00,id_02,id_02/abnormal/00000171.wav,1,10.920372009277344
id_00,id_02,id_02/abnormal/00000172.wav,1,7.792647361755371
id_00,id_02,id_02/abnormal/00000173.wav,1,7.137080669403076
id_00,id_02,id_02/abnormal/00000174.wav,1,7.947657585144043
id_00,id_02,id_02/abnormal/00000175.wav,1,6.80824613571167
id_00,id_02,id_02/abnormal/00000176.wav,1,8.848944664001465
id_00,id_02,id_02/abnormal/00000178.wav,1,11.21701717376709
id_00,id_02,id_02/abnormal/00000180.wav,1,12.010090827941895
id_00,id_02,id_02/abnormal/00000181.wav,1,9.93033218383789
id_00,id_02,id_02/abnormal/00000182.wav,1,6.908343315124512
id_00,id_02,id_02/abnormal/00000183.wav,1,7.279914379119873
id_00,id_02,id_02/abnormal/00000184.wav,1,10.979668617248535
id_00,id_02,id_02/abnormal/00000185.wav,1,6.826840400695801
id_00,id_02,id_02/abnormal/00000188.wav,1,9.917990684509277
id_00,id_02,id_02/abnormal/00000189.wav,1,8.629916191101074
id_00,id_02,id_02/abnormal/00000191.wav,1,11.491372108459473
id_00,id_02,id_02/abnormal/00000192.wav,1,7.176995754241943
id_00,id_02,id_02/abnormal/00000193.wav,1,10.189298629760742
id_00,id_02,id_02/abnormal/00000194.wav,1,7.040817737579346
id_00,id_02,id_02/abnormal/00000195.wav,1,7.303083896636963
id_00,id_02,id_02/abnormal/00000196.wav,1,6.976670265197754
id_00,id_02,id_02/abnormal/00000197.wav,1,6.692038536071777
id_00,id_02,id_02/abnormal/00000198.wav,1,7.404821872711182
id_00,id_02,id_02/abnormal/00000199.wav,1,8.846150398254395
id_00,id_02,id_02/abnormal/00000200.wav,1,7.275052547454834
id_00,id_02,id_02/abnormal/00000201.wav,1,7.120324611663818
id_00,id_02,id_02/abnormal/00000202.wav,1,14.017247200012207
id_00,id_02,id_02/abnormal/00000203.wav,1,7.279417037963867
id_00,id_02,id_02/abnormal/00000204.wav,1,6.871330261230469
id_00,id_02,id_02/abnormal/00000205.wav,1,7.358306884765625
id_00,id_02,id_02/abnormal/00000206.wav,1,6.898529529571533
id_00,id_02,id_02/abnormal/00000207.wav,1,7.00642204284668
id_00,id_02,id_02/abnormal/00000208.wav,1,6.89675235748291
id_00,id_02,id_02/abnormal/00000209.wav,1,6.93871545791626
id_00,id_02,id_02/abnormal/00000210.wav,1,12.105860710144043
id_00,id_02,id_02/abnormal/00000211.wav,1,6.707005977630615
id_00,id_02,id_02/abnormal/00000212.wav,1,9.394360542297363
id_00,id_02,id_02/abnormal/00000213.wav,1,11.533673286437988
id_00,id_02,id_02/abnormal/00000214.wav,1,7.697006702423096
id_00,id_02,id_02/abnormal/00000215.wav,1,11.5322847366333
id_00,id_02,id_02/abnormal/00000216.wav,1,9.998151779174805
id_00,id_02,id_02/abnormal/00000217.wav,1,11.219613075256348
id_00,id_02,id_02/abnormal/00000218.wav,1,7.087466716766357
id_00,id_02,id_02/abnormal/00000221.wav,1,9.701226234436035
id_00,id_02,id_02/abnormal/00000222.wav,1,9.596311569213867
id_00,id_02,id_02/abnormal/00000223.wav,1,8.618016242980957
id_00,id_02,id_02/abnormal/00000224.wav,1,7.1190080642700195
id_00,id_02,id_02/abnormal/00000225.wav,1,11.00475788116455
id_00,id_02,id_02/abnormal/00000226.wav,1,11.33595085144043
id_00,id_02,id_02/abnormal/00000227.wav,1,13.867181777954102
id_00,id_02,id_02/abnormal/00000228.wav,1,9.478713035583496
id_00,id_02,id_02/abnormal/00000229.wav,1,8.781991958618164
id_00,id_02,id_02/abnormal/00000230.wav,1,8.77896499633789
id_00,id_02,id_02/abnormal/00000231.wav,1,12.801216125488281
id_00,id_02,id_02/abnormal/00000232.wav,1,8.622339248657227
id_00,id_02,id_02/abnormal/00000233.wav,1,8.041982650756836
id_00,id_02,id_02/abnormal/00000234.wav,1,6.923956394195557
id_00,id_02,id_02/abnormal/00000235.wav,1,10.85804557800293
id_00,id_02,id_02/abnormal/00000236.wav,1,8.256654739379883
id_00,id_02,id_02/abnormal/00000237.wav,1,7.817582130432129
id_00,id_02,id_02/abnormal/00000238.wav,1,7.8832316398620605
id_00,id_02,id_02/abnormal/00000239.wav,1,7.061875820159912
id_00,id_02,id_02/abnormal/00000241.wav,1,6.612387657165527
id_00,id_02,id_02/abnormal/00000242.wav,1,6.964132785797119
id_00,id_02,id_02/abnormal/00000243.wav,1,6.760728359222412
id_00,id_02,id_02/abnormal/00000244.wav,1,8.676899909973145
id_00,id_02,id_02/abnormal/00000245.wav,1,10.945154190063477
id_00,id_02,id_02/abnormal/00000246.wav,1,7.499034881591797
id_00,id_02,id_02/abnormal/00000247.wav,1,8.023404121398926
id_00,id_02,id_02/abnormal/00000249.wav,1,8.758535385131836
id_00,id_02,id_02/abnormal/00000251.wav,1,11.717917442321777
id_00,id_02,id_02/abnormal/00000252.wav,1,8.88693904876709
id_00,id_02,id_02/abnormal/00000253.wav,1,6.889420986175537
id_00,id_02,id_02/abnormal/00000254.wav,1,6.860775470733643
id_00,id_02,id_02/abnormal/00000255.wav,1,10.943056106567383
id_00,id_02,id_02/abnormal/00000256.wav,1,8.282625198364258
id_00,id_02,id_02/abnormal/00000257.wav,1,12.642380714416504
id_00,id_02,id_02/abnormal/00000258.wav,1,7.306571960449219
id_00,id_02,id_02/abnormal/00000261.wav,1,7.645384788513184
id_00,id_02,id_02/abnormal/00000262.wav,1,6.574095726013184
id_00,id_02,id_02/abnormal/00000263.wav,1,7.83922004699707
id_00,id_02,id_02/abnormal/00000264.wav,1,15.3014497756958
id_00,id_02,id_02/abnormal/00000265.wav,1,8.127908706665039
id_00,id_02,id_02/abnormal/00000266.wav,1,6.766983985900879
id_00,id_02,id_02/abnormal/00000267.wav,1,6.679116249084473
id_00,id_02,id_02/abnormal/00000268.wav,1,7.134062767028809
id_00,id_02,id_02/abnormal/00000270.wav,1,6.783748626708984
id_00,id_02,id_02/abnormal/00000271.wav,1,8.125059127807617
id_00,id_02,id_02/abnormal/00000272.wav,1,6.823603630065918
id_00,id_02,id_02/abnormal/00000273.wav,1,6.913862228393555
id_00,id_02,id_02/abnormal/00000274.wav,1,8.083234786987305
id_00,id_02,id_02/abnormal/00000275.wav,1,7.284845352172852
id_00,id_02,id_02/abnormal/00000276.wav,1,12.32033634185791
id_00,id_02,id_02/abnormal/00000277.wav,1,7.154696941375732
id_00,id_02,id_02/abnormal/00000278.wav,1,7.632442951202393
id_00,id_02,id_02/abnormal/00000279.wav,1,6.929292678833008
id_00,id_02,id_02/abnormal/00000280.wav,1,8.23332405090332
id_00,id_02,id_02/abnormal/00000281.wav,1,6.7956223487854
id_00,id_02,id_02/abnormal/00000282.wav,1,6.951869010925293
id_00,id_02,id_02/abnormal/00000283.wav,1,11.959123611450195
id_00,id_02,id_02/abnormal/00000284.wav,1,7.329706192016602
id_00,id_02,id_02/abnormal/00000285.wav,1,6.852855205535889
id_00,id_02,id_02/abnormal/00000286.wav,1,7.108739852905273
id_00,id_02,id_02/abnormal/00000289.wav,1,6.691243648529053
id_00,id_02,id_02/abnormal/00000290.wav,1,13.897489547729492
id_00,id_02,id_02/abnormal/00000291.wav,1,6.69812536239624
id_00,id_02,id_02/abnormal/00000292.wav,1,12.821819305419922
id_00,id_02,id_02/abnormal/00000293.wav,1,13.408594131469727
id_00,id_02,id_02/abnormal/00000294.wav,1,9.210193634033203
id_00,id_02,id_02/abnormal/00000295.wav,1,8.66434383392334
id_00,id_02,id_02/abnormal/00000296.wav,1,7.673275470733643
id_00,id_02,id_02/abnormal/00000298.wav,1,6.779428482055664
id_00,id_02,id_02/abnormal/00000299.wav,1,13.936781883239746
id_00,id_02,id_02/abnormal/00000300.wav,1,6.539502143859863
id_00,id_02,id_02/abnormal/00000301.wav,1,9.149782180786133
id_00,id_02,id_02/abnormal/00000302.wav,1,9.39181900024414
id_00,id_02,id_02/abnormal/00000303.wav,1,11.445733070373535
id_00,id_02,id_02/abnormal/00000304.wav,1,7.173262596130371
id_00,id_02,id_02/abnormal/00000305.wav,1,7.06057071685791
id_00,id_02,id_02/abnormal/00000306.wav,1,6.850602149963379
id_00,id_02,id_02/abnormal/00000307.wav,1,11.126628875732422
id_00,id_02,id_02/abnormal/00000308.wav,1,6.60548734664917
id_00,id_02,id_02/abnormal/00000309.wav,1,7.411376476287842
id_00,id_02,id_02/abnormal/00000310.wav,1,9.266687393188477
id_00,id_02,id_02/abnormal/00000311.wav,1,6.8192877769470215
id_00,id_02,id_02/abnormal/00000313.wav,1,9.280843734741211
id_00,id_02,id_02/abnormal/00000314.wav,1,7.1580400466918945
id_00,id_02,id_02/abnormal/00000315.wav,1,10.281899452209473
id_00,id_02,id_02/abnormal/00000316.wav,1,14.815030097961426
id_00,id_02,id_02/abnormal/00000317.wav,1,8.060391426086426
id_00,id_02,id_02/abnormal/00000318.wav,1,7.0391764640808105
id_00,id_02,id_02/abnormal/00000320.wav,1,10.614558219909668
id_00,id_02,id_02/abnormal/00000321.wav,1,12.105031967163086
id_00,id_02,id_02/abnormal/00000322.wav,1,7.37742280960083
id_00,id_02,id_02/abnormal/00000323.wav,1,7.137382507324219
id_00,id_02,id_02/abnormal/00000324.wav,1,8.509252548217773
id_00,id_02,id_02/abnormal/00000325.wav,1,11.223194122314453
id_00,id_02,id_02/abnormal/00000326.wav,1,6.88776969909668
id_00,id_02,id_02/abnormal/00000327.wav,1,6.764003753662109
id_00,id_02,id_02/abnormal/00000328.wav,1,14.783541679382324
id_00,id_02,id_02/abnormal/00000329.wav,1,8.421812057495117
id_00,id_02,id_02/abnormal/00000330.wav,1,13.382896423339844
id_00,id_02,id_02/abnormal/00000331.wav,1,6.676380157470703
id_00,id_02,id_02/abnormal/00000332.wav,1,6.949881076812744
id_00,id_02,id_02/abnormal/00000333.wav,1,6.836487770080566
id_00,id_02,id_02/abnormal/00000334.wav,1,14.496410369873047
id_00,id_02,id_02/abnormal/00000335.wav,1,7.3424835205078125
id_00,id_02,id_02/abnormal/00000336.wav,1,6.97429895401001
id_00,id_02,id_02/abnormal/00000337.wav,1,7.097342014312744
id_00,id_02,id_02/abnormal/00000338.wav,1,6.980095386505127
id_00,id_02,id_02/abnormal/00000339.wav,1,6.977532863616943
id_00,id_02,id_02/abnormal/00000340.wav,1,8.603699684143066
id_00,id_02,id_02/abnormal/00000341.wav,1,7.988408088684082
id_00,id_02,id_02/abnormal/00000343.wav,1,14.303227424621582
id_00,id_02,id_02/abnormal/00000344.wav,1,10.447444915771484
id_00,id_02,id_02/abnormal/00000345.wav,1,9.610902786254883
id_00,id_02,id_02/abnormal/00000346.wav,1,15.161934852600098
id_00,id_02,id_02/abnormal/00000347.wav,1,12.701204299926758
id_00,id_02,id_02/abnormal/00000348.wav,1,9.29617977142334
id_00,id_02,id_02/abnormal/00000352.wav,1,7.4094929695129395
id_00,id_02,id_02/abnormal/00000353.wav,1,12.98184585571289
id_00,id_02,id_02/abnormal/00000354.wav,1,9.784605026245117
id_00,id_02,id_02/abnormal/00000355.wav,1,6.875937461853027
id_00,id_02,id_02/abnormal/00000356.wav,1,7.525158405303955
id_00,id_02,id_02/abnormal/00000357.wav,1,9.434768676757812
id_00,id_02,id_02/abnormal/00000358.wav,1,6.667192459106445
id_00,id_04,id_04/normal/00000002.wav,0,7.893553256988525
id_00,id_04,id_04/normal/00000027.wav,0,6.889514446258545
id_00,id_04,id_04/normal/00000036.wav,0,10.889571189880371
id_00,id_04,id_04/normal/00000037.wav,0,6.5906877517700195
id_00,id_04,id_04/normal/00000050.wav,0,8.029851913452148
id_00,id_04,id_04/normal/00000052.wav,0,7.425995826721191
id_00,id_04,id_04/normal/00000058.wav,0,10.030904769897461
id_00,id_04,id_04/normal/00000071.wav,0,11.170527458190918
id_00,id_04,id_04/normal/00000080.wav,0,7.7698655128479
id_00,id_04,id_04/normal/00000084.wav,0,8.250589370727539
id_00,id_04,id_04/normal/00000095.wav,0,6.88674259185791
id_00,id_04,id_04/normal/00000104.wav,0,6.705374717712402
id_00,id_04,id_04/normal/00000105.wav,0,7.804139614105225
id_00,id_04,id_04/normal/00000119.wav,0,8.324666023254395
id_00,id_04,id_04/normal/00000122.wav,0,10.127473831176758
id_00,id_04,id_04/normal/00000123.wav,0,10.747889518737793
id_00,id_04,id_04/normal/00000140.wav,0,6.510169982910156
id_00,id_04,id_04/normal/00000151.wav,0,6.557900905609131
id_00,id_04,id_04/normal/00000152.wav,0,7.129854679107666
id_00,id_04,id_04/normal/00000159.wav,0,6.481990814208984
id_00,id_04,id_04/normal/00000172.wav,0,8.479406356811523
id_00,id_04,id_04/normal/00000174.wav,0,7.484468460083008
id_00,id_04,id_04/normal/00000187.wav,0,6.608504772186279
id_00,id_04,id_04/normal/00000191.wav,0,12.451512336730957
id_00,id_04,id_04/normal/00000192.wav,0,7.816716194152832
id_00,id_04,id_04/normal/00000207.wav,0,12.586766242980957
id_00,id_04,id_04/normal/00000210.wav,0,14.738208770751953
id_00,id_04,id_04/normal/00000213.wav,0,11.068547248840332
id_00,id_04,id_04/normal/00000216.wav,0,9.148603439331055
id_00,id_04,id_04/normal/00000221.wav,0,8.743077278137207
id_00,id_04,id_04/normal/00000228.wav,0,8.127558708190918
id_00,id_04,id_04/normal/00000230.wav,0,9.24167537689209
id_00,id_04,id_04/normal/00000240.wav,0,7.765111923217773
id_00,id_04,id_04/normal/00000257.wav,0,6.6440629959106445
id_00,id_04,id_04/normal/00000260.wav,0,6.518282413482666
id_00,id_04,id_04/normal/00000261.wav,0,7.726790428161621
id_00,id_04,id_04/normal/00000264.wav,0,6.3590898513793945
id_00,id_04,id_04/normal/00000265.wav,0,9.182994842529297
id_00,id_04,id_04/normal/00000269.wav,0,7.7179460525512695
id_00,id_04,id_04/normal/00000270.wav,0,9.538484573364258
id_00,id_04,id_04/normal/00000272.wav,0,8.051973342895508
id_00,id_04,id_04/normal/00000278.wav,0,8.456165313720703
id_00,id_04,id_04/normal/00000284.wav,0,7.94267463684082
id_00,id_04,id_04/normal/00000285.wav,0,11.419319152832031
id_00,id_04,id_04/normal/00000286.wav,0,6.50412130355835
id_00,id_04,id_04/normal/00000290.wav,0,7.585725784301758
id_00,id_04,id_04/normal/00000311.wav,0,11.994834899902344
id_00,id_04,id_04/normal/00000324.wav,0,7.38314151763916
id_00,id_04,id_04/normal/00000326.wav,0,12.512321472167969
id_00,id_04,id_04/normal/00000327.wav,0,6.527757167816162
id_00,id_04,id_04/normal/00000330.wav,0,8.114935874938965
id_00,id_04,id_04/normal/00000331.wav,0,8.952244758605957
id_00,id_04,id_04/normal/00000356.wav,0,6.509364604949951
id_00,id_04,id_04/normal/00000358.wav,0,6.784861087799072
id_00,id_04,id_04/normal/00000367.wav,0,7.81371545791626
id_00,id_04,id_04/normal/00000368.wav,0,10.691064834594727
id_00,id_04,id_04/normal/00000370.wav,0,11.168152809143066
id_00,id_04,id_04/normal/00000372.wav,0,11.453550338745117
id_00,id_04,id_04/normal/00000375.wav,0,6.87332820892334
id_00,id_04,id_04/normal/00000394.wav,0,8.751489639282227
id_00,id_04,id_04/normal/00000397.wav,0,10.286702156066895
id_00,id_04,id_04/normal/00000410.wav,0,9.231085777282715
id_00,id_04,id_04/normal/00000412.wav,0,10.977131843566895
id_00,id_04,id_04/normal/00000415.wav,0,9.247748374938965
id_00,id_04,id_04/normal/00000418.wav,0,8.950617790222168
id_00,id_04,id_04/normal/00000427.wav,0,12.613847732543945
id_00,id_04,id_04/normal/00000440.wav,0,6.289004325866699
id_00,id_04,id_04/normal/00000443.wav,0,6.733464241027832
id_00,id_04,id_04/normal/00000453.wav,0,8.945531845092773
id_00,id_04,id_04/normal/00000455.wav,0,6.452120780944824
id_00,id_04,id_04/normal/00000467.wav,0,10.787731170654297
id_00,id_04,id_04/normal/00000468.wav,0,6.343356132507324
id_00,id_04,id_04/normal/00000471.wav,0,6.869886875152588
id_00,id_04,id_04/normal/00000481.wav,0,10.537461280822754
id_00,id_04,id_04/normal/00000486.wav,0,8.049392700195312
id_00,id_04,id_04/normal/00000488.wav,0,10.292378425598145
id_00,id_04,id_04/normal/00000496.wav,0,11.517629623413086
id_00,id_04,id_04/normal/00000497.wav,0,8.9558687210083
id_00,id_04,id_04/normal/00000502.wav,0,8.860936164855957
id_00,id_04,id_04/normal/00000505.wav,0,11.303054809570312
id_00,id_04,id_04/normal/00000516.wav,0,8.33901309967041
id_00,id_04,id_04/normal/00000526.wav,0,7.844605922698975
id_00,id_04,id_04/normal/00000545.wav,0,6.428064823150635
id_00,id_04,id_04/normal/00000551.wav,0,9.081024169921875
id_00,id_04,id_04/normal/00000552.wav,0,6.556645393371582
id_00,id_04,id_04/normal/00000557.wav,0,6.596062660217285
id_00,id_04,id_04/normal/00000563.wav,0,7.830484390258789
id_00,id_04,id_04/normal/00000577.wav,0,6.586022853851318
id_00,id_04,id_04/normal/00000578.wav,0,8.792189598083496
id_00,id_04,id_04/normal/00000580.wav,0,10.522720336914062
id_00,id_04,id_04/normal/00000584.wav,0,9.076032638549805
id_00,id_04,id_04/normal/00000585.wav,0,6.440516948699951
id_00,id_04,id_04/normal/00000593.wav,0,6.574371337890625
id_00,id_04,id_04/normal/00000596.wav,0,8.968094825744629
id_00,id_04,id_04/normal/00000607.wav,0,9.130135536193848
id_00,id_04,id_04/normal/00000612.wav,0,6.5743937492370605
id_00,id_04,id_04/normal/00000631.wav,0,6.1792144775390625
id_00,id_04,id_04/normal/00000634.wav,0,7.90022087097168
id_00,id_04,id_04/normal/00000635.wav,0,7.724263668060303
id_00,id_04,id_04/normal/00000642.wav,0,8.060134887695312
id_00,id_04,id_04/normal/00000648.wav,0,7.998822212219238
id_00,id_04,id_04/normal/00000654.wav,0,8.013507843017578
id_00,id_04,id_04/normal/00000659.wav,0,6.5841827392578125
id_00,id_04,id_04/normal/00000666.wav,0,7.732202529907227
id_00,id_04,id_04/normal/00000668.wav,0,10.257383346557617
id_00,id_04,id_04/normal/00000670.wav,0,7.6292524337768555
id_00,id_04,id_04/normal/00000678.wav,0,6.567562580108643
id_00,id_04,id_04/normal/00000685.wav,0,7.755308151245117
id_00,id_04,id_04/normal/00000688.wav,0,6.6435627937316895
id_00,id_04,id_04/normal/00000697.wav,0,10.595663070678711
id_00,id_04,id_04/normal/00000703.wav,0,7.979781627655029
id_00,id_04,id_04/normal/00000709.wav,0,8.493443489074707
id_00,id_04,id_04/normal/00000710.wav,0,9.995213508605957
id_00,id_04,id_04/normal/00000711.wav,0,6.650913715362549
id_00,id_04,id_04/normal/00000729.wav,0,7.6934661865234375
id_00,id_04,id_04/normal/00000740.wav,0,7.973764419555664
id_00,id_04,id_04/normal/00000741.wav,0,13.334385871887207
id_00,id_04,id_04/normal/00000742.wav,0,8.74841594696045
id_00,id_04,id_04/normal/00000748.wav,0,10.392407417297363
id_00,id_04,id_04/normal/00000752.wav,0,6.493417739868164
id_00,id_04,id_04/normal/00000757.wav,0,11.150781631469727
id_00,id_04,id_04/normal/00000765.wav,0,6.155834674835205
id_00,id_04,id_04/normal/00000782.wav,0,11.225337028503418
id_00,id_04,id_04/normal/00000790.wav,0,8.043989181518555
id_00,id_04,id_04/normal/00000796.wav,0,10.6306791305542
id_00,id_04,id_04/normal/00000800.wav,0,10.461922645568848
id_00,id_04,id_04/normal/00000802.wav,0,6.758640766143799
id_00,id_04,id_04/normal/00000806.wav,0,9.095438003540039
id_00,id_04,id_04/normal/00000810.wav,0,6.719760894775391
id_00,id_04,id_04/normal/00000820.wav,0,8.383930206298828
id_00,id_04,id_04/normal/00000822.wav,0,8.495367050170898
id_00,id_04,id_04/normal/00000824.wav,0,8.474482536315918
id_00,id_04,id_04/normal/00000831.wav,0,16.331159591674805
id_00,id_04,id_04/normal/00000844.wav,0,7.933626174926758
id_00,id_04,id_04/normal/00000852.wav,0,8.98177433013916
id_00,id_04,id_04/normal/00000853.wav,0,9.707735061645508
id_00,id_04,id_04/normal/00000867.wav,0,6.476428985595703
id_00,id_04,id_04/normal/00000868.wav,0,10.076645851135254
id_00,id_04,id_04/normal/00000878.wav,0,6.2544660568237305
id_00,id_04,id_04/normal/00000881.wav,0,10.648515701293945
id_00,id_04,id_04/normal/00000884.wav,0,6.425817489624023
id_00,id_04,id_04/normal/00000889.wav,0,7.005147933959961
id_00,id_04,id_04/normal/00000897.wav,0,7.650609970092773
id_00,id_04,id_04/normal/00000898.wav,0,6.36402702331543
id_00,id_04,id_04/normal/00000915.wav,0,10.374773025512695
id_00,id_04,id_04/normal/00000920.wav,0,8.22091007232666
id_00,id_04,id_04/normal/00000922.wav,0,9.518305778503418
id_00,id_04,id_04/normal/00000923.wav,0,10.986742973327637
id_00,id_04,id_04/normal/00000926.wav,0,6.847867488861084
id_00,id_04,id_04/normal/00000936.wav,0,11.446030616760254
id_00,id_04,id_04/normal/00000948.wav,0,7.607870101928711
id_00,id_04,id_04/normal/00000953.wav,0,7.417110919952393
id_00,id_04,id_04/normal/00000968.wav,0,6.564052104949951
id_00,id_04,id_04/normal/00000971.wav,0,7.963933944702148
id_00,id_04,id_04/normal/00000974.wav,0,10.052619934082031
id_00,id_04,id_04/normal/00000989.wav,0,8.971428871154785
id_00,id_04,id_04/normal/00000990.wav,0,7.8058576583862305
id_00,id_04,id_04/normal/00001014.wav,0,8.98234748840332
id_00,id_04,id_04/normal/00001020.wav,0,6.5837483406066895
id_00,id_04,id_04/normal/00001031.wav,0,10.890288352966309
id_00,id_04,id_04/abnormal/00000001.wav,1,8.899861335754395
id_00,id_04,id_04/abnormal/00000002.wav,1,9.616275787353516
id_00,id_04,id_04/abnormal/00000003.wav,1,6.603542327880859
id_00,id_04,id_04/abnormal/00000005.wav,1,8.04854679107666
id_00,id_04,id_04/abnormal/00000006.wav,1,9.294770240783691
id_00,id_04,id_04/abnormal/00000007.wav,1,6.988015174865723
id_00,id_04,id_04/abnormal/00000008.wav,1,9.26504898071289
id_00,id_04,id_04/abnormal/00000009.wav,1,8.354155540466309
id_00,id_04,id_04/abnormal/00000010.wav,1,6.677251815795898
id_00,id_04,id_04/abnormal/00000011.wav,1,9.00161075592041
id_00,id_04,id_04/abnormal/00000012.wav,1,10.695984840393066
id_00,id_04,id_04/abnormal/00000013.wav,1,10.882074356079102
id_00,id_04,id_04/abnormal/00000014.wav,1,8.664554595947266
id_00,id_04,id_04/abnormal/00000015.wav,1,7.987895965576172
id_00,id_04,id_04/abnormal/00000016.wav,1,8.26629638671875
id_00,id_04,id_04/abnormal/00000017.wav,1,9.864922523498535
id_00,id_04,id_04/abnormal/00000018.wav,1,6.927609920501709
id_00,id_04,id_04/abnormal/00000019.wav,1,7.158982276916504
id_00,id_04,id_04/abnormal/00000020.wav,1,8.665986061096191
id_00,id_04,id_04/abnormal/00000021.wav,1,8.27938175201416
id_00,id_04,id_04/abnormal/00000022.wav,1,10.36901569366455
id_00,id_04,id_04/abnormal/00000023.wav,1,8.117440223693848
id_00,id_04,id_04/abnormal/00000024.wav,1,10.608821868896484
id_00,id_04,id_04/abnormal/00000025.wav,1,11.562148094177246
id_00,id_04,id_04/abnormal/00000026.wav,1,12.368447303771973
id_00,id_04,id_04/abnormal/00000027.wav,1,6.42795467376709
id_00,id_04,id_04/abnormal/00000028.wav,1,8.652156829833984
id_00,id_04,id_04/abnormal/00000029.wav,1,7.676059722900391
id_00,id_04,id_04/abnormal/00000030.wav,1,6.645981311798096
id_00,id_04,id_04/abnormal/00000031.wav,1,6.946934223175049
id_00,id_04,id_04/abnormal/00000033.wav,1,8.492807388305664
id_00,id_04,id_04/abnormal/00000034.wav,1,7.023899078369141
id_00,id_04,id_04/abnormal/00000035.wav,1,6.836200714111328
id_00,id_04,id_04/abnormal/00000036.wav,1,6.9502668380737305
id_00,id_04,id_04/abnormal/00000037.wav,1,8.360767364501953
id_00,id_04,id_04/abnormal/00000038.wav,1,6.9138503074646
id_00,id_04,id_04/abnormal/00000039.wav,1,8.3552885055542
id_00,id_04,id_04/abnormal/00000040.wav,1,6.762062072753906
id_00,id_04,id_04/abnormal/00000041.wav,1,7.422027111053467
id_00,id_04,id_04/abnormal/00000042.wav,1,6.871029376983643
id_00,id_04,id_04/abnormal/00000043.wav,1,11.637523651123047
id_00,id_04,id_04/abnormal/00000044.wav,1,9.441304206848145
id_00,id_04,id_04/abnormal/00000045.wav,1,8.40591812133789
id_00,id_04,id_04/abnormal/00000046.wav,1,8.843829154968262
id_00,id_04,id_04/abnormal/00000049.wav,1,8.724957466125488
id_00,id_04,id_04/abnormal/00000050.wav,1,7.546853065490723
id_00,id_04,id_04/abnormal/00000051.wav,1,7.795403957366943
id_00,id_04,id_04/abnormal/00000052.wav,1,7.769729137420654
id_00,id_04,id_04/abnormal/00000053.wav,1,6.562113285064697
id_00,id_04,id_04/abnormal/00000054.wav,1,6.591080188751221
id_00,id_04,id_04/abnormal/00000056.wav,1,6.682188510894775
id_00,id_04,id_04/abnormal/00000057.wav,1,9.579345703125
id_00,id_04,id_04/abnormal/00000058.wav,1,10.77062702178955
id_00,id_04,id_04/abnormal/00000059.wav,1,9.60220718383789
id_00,id_04,id_04/abnormal/00000060.wav,1,6.490261554718018
id_00,id_04,id_04/abnormal/00000061.wav,1,9.919373512268066
id_00,id_04,id_04/abnormal/00000062.wav,1,8.413837432861328
id_00,id_04,id_04/abnormal/00000063.wav,1,8.120804786682129
id_00,id_04,id_04/abnormal/00000064.wav,1,7.939451694488525
id_00,id_04,id_04/abnormal/00000065.wav,1,7.707056999206543
id_00,id_04,id_04/abnormal/00000066.wav,1,8.118536949157715
id_00,id_04,id_04/abnormal/00000067.wav,1,6.954729080200195
id_00,id_04,id_04/abnormal/00000068.wav,1,10.309622764587402
id_00,id_04,id_04/abnormal/00000069.wav,1,6.727410316467285
id_00,id_04,id_04/abnormal/00000070.wav,1,8.531917572021484
id_00,id_04,id_04/abnormal/00000071.wav,1,9.089852333068848
id_00,id_04,id_04/abnormal/00000072.wav,1,8.147943496704102
id_00,id_04,id_04/abnormal/00000073.wav,1,9.412688255310059
id_00,id_04,id_04/abnormal/00000074.wav,1,9.55848503112793
id_00,id_04,id_04/abnormal/00000075.wav,1,9.466462135314941
id_00,id_04,id_04/abnormal/00000076.wav,1,6.847112655639648
id_00,id_04,id_04/abnormal/00000077.wav,1,9.42040729522705
id_00,id_04,id_04/abnormal/00000078.wav,1,9.087940216064453
id_00,id_04,id_04/abnormal/00000079.wav,1,9.751757621765137
id_00,id_04,id_04/abnormal/00000080.wav,1,8.106077194213867
id_00,id_04,id_04/abnormal/00000081.wav,1,8.804191589355469
id_00,id_04,id_04/abnormal/00000082.wav,1,8.04530143737793
id_00,id_04,id_04/abnormal/00000083.wav,1,8.54011344909668
id_00,id_04,id_04/abnormal/00000084.wav,1,9.508862495422363
id_00,id_04,id_04/abnormal/00000085.wav,1,7.934605121612549
id_00,id_04,id_04/abnormal/00000086.wav,1,6.772603988647461
id_00,id_04,id_04/abnormal/00000087.wav,1,8.668033599853516
id_00,id_04,id_04/abnormal/00000088.wav,1,8.928695678710938
id_00,id_04,id_04/abnormal/00000089.wav,1,6.8872151374816895
id_00,id_04,id_04/abnormal/00000090.wav,1,10.15147876739502
id_00,id_04,id_04/abnormal/00000091.wav,1,9.153844833374023
id_00,id_04,id_04/abnormal/00000092.wav,1,11.573326110839844
id_00,id_04,id_04/abnormal/00000093.wav,1,6.4782609939575195
id_00,id_04,id_04/abnormal/00000094.wav,1,8.787348747253418
id_00,id_04,id_04/abnormal/00000095.wav,1,6.542131423950195
id_00,id_04,id_04/abnormal/00000096.wav,1,7.730205059051514
id_00,id_04,id_04/abnormal/00000097.wav,1,7.615878582000732
id_00,id_04,id_04/abnormal/00000098.wav,1,8.469143867492676
id_00,id_04,id_04/abnormal/00000099.wav,1,10.970231056213379
id_00,id_04,id_04/abnormal/00000100.wav,1,12.3668794631958
id_00,id_04,id_04/abnormal/00000101.wav,1,6.353151798248291
id_00,id_04,id_04/abnormal/00000102.wav,1,10.822683334350586
id_00,id_04,id_04/abnormal/00000103.wav,1,8.682475090026855
id_00,id_04,id_04/abnormal/00000104.wav,1,6.357738494873047
id_00,id_04,id_04/abnormal/00000106.wav,1,7.266157150268555
id_00,id_04,id_04/abnormal/00000107.wav,1,6.56297492980957
id_00,id_04,id_04/abnormal/00000108.wav,1,7.67264461517334
id_00,id_04,id_04/abnormal/00000109.wav,1,8.068500518798828
id_00,id_04,id_04/abnormal/00000110.wav,1,8.58985710144043
id_00,id_04,id_04/abnormal/00000111.wav,1,8.81506061553955
id_00,id_04,id_04/abnormal/00000112.wav,1,6.513044357299805
id_00,id_04,id_04/abnormal/00000113.wav,1,7.7100830078125
id_00,id_04,id_04/abnormal/00000114.wav,1,9.098289489746094
id_00,id_04,id_04/abnormal/00000115.wav,1,10.022540092468262
id_00,id_04,id_04/abnormal/00000116.wav,1,6.158822536468506
id_00,id_04,id_04/abnormal/00000117.wav,1,6.0328369140625
id_00,id_04,id_04/abnormal/00000118.wav,1,7.01547908782959
id_00,id_04,id_04/abnormal/00000119.wav,1,8.822307586669922
id_00,id_04,id_04/abnormal/00000120.wav,1,10.960005760192871
id_00,id_04,id_04/abnormal/00000121.wav,1,6.090583801269531
id_00,id_04,id_04/abnormal/00000122.wav,1,10.085773468017578
id_00,id_04,id_04/abnormal/00000123.wav,1,6.32763147354126
id_00,id_04,id_04/abnormal/00000124.wav,1,9.7367582321167
id_00,id_04,id_04/abnormal/00000125.wav,1,6.194932460784912
id_00,id_04,id_04/abnormal/00000126.wav,1,6.896779537200928
id_00,id_04,id_04/abnormal/00000127.wav,1,8.696837425231934
id_00,id_04,id_04/abnormal/00000128.wav,1,10.959284782409668
id_00,id_04,id_04/abnormal/00000129.wav,1,6.30269193649292
id_00,id_04,id_04/abnormal/00000130.wav,1,6.09523868560791
id_00,id_04,id_04/abnormal/00000132.wav,1,8.613295555114746
id_00,id_04,id_04/abnormal/00000133.wav,1,9.090184211730957
id_00,id_04,id_04/abnormal/00000134.wav,1,9.809548377990723
id_00,id_04,id_04/abnormal/00000135.wav,1,6.044122695922852
id_00,id_04,id_04/abnormal/00000137.wav,1,6.108850002288818
id_00,id_04,id_04/abnormal/00000138.wav,1,5.983133792877197
id_00,id_04,id_04/abnormal/00000140.wav,1,6.882804870605469
id_00,id_04,id_04/abnormal/00000141.wav,1,6.170504570007324
id_00,id_04,id_04/abnormal/00000142.wav,1,11.596006393432617
id_00,id_04,id_04/abnormal/00000143.wav,1,9.05412769317627
id_00,id_04,id_04/abnormal/00000144.wav,1,9.32156753540039
id_00,id_04,id_04/abnormal/00000145.wav,1,11.97008228302002
id_00,id_04,id_04/abnormal/00000146.wav,1,6.202854156494141
id_00,id_04,id_04/abnormal/00000147.wav,1,6.049707889556885
id_00,id_04,id_04/abnormal/00000148.wav,1,5.957864284515381
id_00,id_04,id_04/abnormal/00000150.wav,1,10.258014678955078
id_00,id_04,id_04/abnormal/00000151.wav,1,6.757198810577393
id_00,id_04,id_04/abnormal/00000152.wav,1,5.876102447509766
id_00,id_04,id_04/abnormal/00000153.wav,1,8.723280906677246
id_00,id_04,id_04/abnormal/00000154.wav,1,6.991418361663818
id_00,id_04,id_04/abnormal/00000155.wav,1,10.89211368560791
id_00,id_04,id_04/abnormal/00000156.wav,1,6.220504283905029
id_00,id_04,id_04/abnormal/00000157.wav,1,6.07973051071167
id_00,id_04,id_04/abnormal/00000158.wav,1,6.231198787689209
id_00,id_04,id_04/abnormal/00000159.wav,1,11.030333518981934
id_00,id_04,id_04/abnormal/00000160.wav,1,8.732495307922363
id_00,id_04,id_04/abnormal/00000161.wav,1,8.623337745666504
id_00,id_04,id_04/abnormal/00000162.wav,1,7.454154014587402
id_00,id_04,id_04/abnormal/00000163.wav,1,6.434170246124268
id_00,id_04,id_04/abnormal/00000164.wav,1,7.299281120300293
id_00,id_04,id_04/abnormal/00000165.wav,1,5.928371906280518
id_00,id_04,id_04/abnormal/00000167.wav,1,11.082060813903809
id_00,id_04,id_04/abnormal/00000168.wav,1,6.669512748718262
id_00,id_04,id_04/abnormal/00000169.wav,1,10.361746788024902
id_00,id_04,id_04/abnormal/00000170.wav,1,8.622000694274902
id_00,id_04,id_04/abnormal/00000171.wav,1,6.370601654052734
id_00,id_04,id_04/abnormal/00000172.wav,1,6.249917030334473
id_00,id_04,id_04/abnormal/00000173.wav,1,6.783378601074219
id_00,id_04,id_04/abnormal/00000174.wav,1,7.928178787231445
id_00,id_04,id_04/abnormal/00000175.wav,1,10.396605491638184
id_00,id_04,id_04/abnormal/00000176.wav,1,6.794095516204834
id_00,id_04,id_04/abnormal/00000177.wav,1,8.609991073608398
id_00,id_04,id_04/abnormal/00000178.wav,1,8.257579803466797
id_00,id_04,id_04/abnormal/00000179.wav,1,7.690863132476807
id_00,id_04,id_04/abnormal/00000180.wav,1,8.385290145874023
id_00,id_04,id_04/abnormal/00000181.wav,1,8.050623893737793
id_00,id_04,id_04/abnormal/00000182.wav,1,7.308018684387207
id_00,id_04,id_04/abnormal/00000184.wav,1,7.978011608123779
id_00,id_04,id_04/abnormal/00000185.wav,1,8.298890113830566
id_00,id_04,id_04/abnormal/00000186.wav,1,7.74100399017334
id_00,id_04,id_04/abnormal/00000187.wav,1,6.593676567077637
id_00,id_04,id_04/abnormal/00000188.wav,1,8.025186538696289
id_00,id_04,id_04/abnormal/00000189.wav,1,6.951123237609863
id_00,id_04,id_04/abnormal/00000190.wav,1,6.637948513031006
id_00,id_04,id_04/abnormal/00000191.wav,1,11.741496086120605
id_00,id_04,id_04/abnormal/00000192.wav,1,6.093872547149658
id_00,id_04,id_04/abnormal/00000193.wav,1,6.349588394165039
id_00,id_04,id_04/abnormal/00000194.wav,1,11.671746253967285
id_00,id_04,id_04/abnormal/00000195.wav,1,9.091644287109375
id_00,id_04,id_04/abnormal/00000196.wav,1,8.83478832244873
id_00,id_04,id_04/abnormal/00000197.wav,1,6.7608418464660645
id_00,id_04,id_04/abnormal/00000198.wav,1,12.877572059631348
id_00,id_04,id_04/abnormal/00000199.wav,1,8.963253021240234
id_00,id_04,id_04/abnormal/00000200.wav,1,8.769292831420898
id_00,id_04,id_04/abnormal/00000201.wav,1,11.463919639587402
id_00,id_04,id_04/abnormal/00000202.wav,1,6.3943095207214355
id_00,id_04,id_04/abnormal/00000203.wav,1,8.764896392822266
id_00,id_04,id_04/abnormal/00000205.wav,1,8.882665634155273
id_00,id_04,id_04/abnormal/00000206.wav,1,7.642564296722412
id_00,id_04,id_04/abnormal/00000207.wav,1,6.926647663116455
id_00,id_04,id_04/abnormal/00000208.wav,1,6.6452789306640625
id_00,id_04,id_04/abnormal/00000209.wav,1,6.002147674560547
id_00,id_04,id_04/abnormal/00000210.wav,1,9.43653678894043
id_00,id_04,id_04/abnormal/00000211.wav,1,6.375125885009766
id_00,id_04,id_04/abnormal/00000212.wav,1,9.714949607849121
id_00,id_04,id_04/abnormal/00000214.wav,1,6.018850326538086
id_00,id_04,id_04/abnormal/00000216.wav,1,6.008209228515625
id_00,id_04,id_04/abnormal/00000217.wav,1,6.645907878875732
id_00,id_04,id_04/abnormal/00000218.wav,1,6.631771564483643
id_00,id_04,id_04/abnormal/00000219.wav,1,8.282904624938965
id_00,id_04,id_04/abnormal/00000220.wav,1,10.290157318115234
id_00,id_04,id_04/abnormal/00000221.wav,1,8.380548477172852
id_00,id_04,id_04/abnormal/00000222.wav,1,6.500428199768066
id_00,id_04,id_04/abnormal/00000223.wav,1,9.559578895568848
id_00,id_04,id_04/abnormal/00000224.wav,1,7.2029619216918945
id_00,id_04,id_04/abnormal/00000225.wav,1,10.286795616149902
id_00,id_04,id_04/abnormal/00000226.wav,1,10.167953491210938
id_00,id_04,id_04/abnormal/00000227.wav,1,8.54157829284668
id_00,id_04,id_04/abnormal/00000228.wav,1,7.61051607131958
id_00,id_04,id_04/abnormal/00000229.wav,1,8.444311141967773
id_00,id_04,id_04/abnormal/00000231.wav,1,7.016650676727295
id_00,id_04,id_04/abnormal/00000232.wav,1,8.125716209411621
id_00,id_04,id_04/abnormal/00000233.wav,1,7.576450347900391
id_00,id_04,id_04/abnormal/00000234.wav,1,9.081672668457031
id_00,id_04,id_04/abnormal/00000235.wav,1,6.807896137237549
id_00,id_04,id_04/abnormal/00000237.wav,1,8.765732765197754
id_00,id_04,id_04/abnormal/00000238.wav,1,7.906989574432373
id_00,id_04,id_04/abnormal/00000239.wav,1,6.641300201416016
id_00,id_04,id_04/abnormal/00000240.wav,1,8.072219848632812
id_00,id_04,id_04/abnormal/00000241.wav,1,6.944089889526367
id_00,id_04,id_04/abnormal/00000242.wav,1,8.152766227722168
id_00,id_04,id_04/abnormal/00000243.wav,1,7.362884998321533
id_00,id_04,id_04/abnormal/00000244.wav,1,10.086237907409668
id_00,id_04,id_04/abnormal/00000245.wav,1,7.424792289733887
id_00,id_04,id_04/abnormal/00000246.wav,1,7.606823444366455
id_00,id_04,id_04/abnormal/00000247.wav,1,7.321625232696533
id_00,id_04,id_04/abnormal/00000248.wav,1,8.009293556213379
id_00,id_04,id_04/abnormal/00000249.wav,1,6.884422302246094
id_00,id_04,id_04/abnormal/00000250.wav,1,10.049178123474121
id_00,id_04,id_04/abnormal/00000251.wav,1,8.184213638305664
id_00,id_04,id_04/abnormal/00000252.wav,1,9.37087631225586
id_00,id_04,id_04/abnormal/00000253.wav,1,9.381341934204102
id_00,id_04,id_04/abnormal/00000254.wav,1,9.445755958557129
id_00,id_04,id_04/abnormal/00000255.wav,1,8.799081802368164
id_00,id_04,id_04/abnormal/00000256.wav,1,8.233782768249512
id_00,id_04,id_04/abnormal/00000257.wav,1,7.852877616882324
id_00,id_04,id_04/abnormal/00000260.wav,1,6.721822261810303
id_00,id_04,id_04/abnormal/00000261.wav,1,10.069230079650879
id_00,id_04,id_04/abnormal/00000262.wav,1,9.254928588867188
id_00,id_04,id_04/abnormal/00000263.wav,1,9.071067810058594
id_00,id_04,id_04/abnormal/00000265.wav,1,6.847504615783691
id_00,id_04,id_04/abnormal/00000266.wav,1,7.7242889404296875
id_00,id_04,id_04/abnormal/00000267.wav,1,8.107524871826172
id_00,id_04,id_04/abnormal/00000268.wav,1,9.323223114013672
id_00,id_04,id_04/abnormal/00000269.wav,1,7.6669182777404785
id_00,id_04,id_04/abnormal/00000270.wav,1,7.597311019897461
id_00,id_04,id_04/abnormal/00000271.wav,1,7.409606456756592
id_00,id_04,id_04/abnormal/00000273.wav,1,7.205873966217041
id_00,id_04,id_04/abnormal/00000274.wav,1,9.917258262634277
id_00,id_04,id_04/abnormal/00000275.wav,1,7.300620079040527
id_00,id_04,id_04/abnormal/00000277.wav,1,8.45730972290039
id_00,id_04,id_04/abnormal/00000278.wav,1,8.017193794250488
id_00,id_04,id_04/abnormal/00000279.wav,1,10.165995597839355
id_00,id_04,id_04/abnormal/00000280.wav,1,7.694721698760986
id_00,id_04,id_04/abnormal/00000281.wav,1,7.272468090057373
id_00,id_04,id_04/abnormal/00000282.wav,1,13.42471694946289
id_00,id_04,id_04/abnormal/00000283.wav,1,6.900060653686523
id_00,id_04,id_04/abnormal/00000284.wav,1,6.688470363616943
id_00,id_04,id_04/abnormal/00000285.wav,1,7.373287200927734
id_00,id_04,id_04/abnormal/00000286.wav,1,6.64237117767334
id_00,id_04,id_04/abnormal/00000287.wav,1,7.802276611328125
id_00,id_04,id_04/abnormal/00000288.wav,1,7.305854797363281
id_00,id_04,id_04/abnormal/00000290.wav,1,8.854313850402832
id_00,id_04,id_04/abnormal/00000291.wav,1,7.731602191925049
id_00,id_04,id_04/abnormal/00000292.wav,1,8.868064880371094
id_00,id_04,id_04/abnormal/00000293.wav,1,9.912029266357422
id_00,id_04,id_04/abnormal/00000294.wav,1,7.275680065155029
id_00,id_04,id_04/abnormal/00000295.wav,1,7.2406439781188965
id_00,id_04,id_04/abnormal/00000296.wav,1,7.897443771362305
id_00,id_04,id_04/abnormal/00000297.wav,1,7.24635648727417
id_00,id_04,id_04/abnormal/00000298.wav,1,6.910431385040283
id_00,id_04,id_04/abnormal/00000300.wav,1,8.796897888183594
id_00,id_04,id_04/abnormal/00000301.wav,1,10.094837188720703
id_00,id_04,id_04/abnormal/00000302.wav,1,8.614006996154785
id_00,id_04,id_04/abnormal/00000303.wav,1,7.190650939941406
id_00,id_04,id_04/abnormal/00000304.wav,1,9.039306640625
id_00,id_04,id_04/abnormal/00000305.wav,1,11.538753509521484
id_00,id_04,id_04/abnormal/00000306.wav,1,6.980753421783447
id_00,id_04,id_04/abnormal/00000307.wav,1,7.461246490478516
id_00,id_04,id_04/abnormal/00000309.wav,1,7.030750751495361
id_00,id_04,id_04/abnormal/00000310.wav,1,6.783310890197754
id_00,id_04,id_04/abnormal/00000311.wav,1,10.293959617614746
id_00,id_04,id_04/abnormal/00000312.wav,1,10.7489652633667
id_00,id_04,id_04/abnormal/00000313.wav,1,8.42453670501709
id_00,id_04,id_04/abnormal/00000314.wav,1,8.91844654083252
id_00,id_04,id_04/abnormal/00000315.wav,1,8.821321487426758
id_00,id_04,id_04/abnormal/00000316.wav,1,8.612943649291992
id_00,id_04,id_04/abnormal/00000317.wav,1,7.494446754455566
id_00,id_04,id_04/abnormal/00000318.wav,1,7.122054576873779
id_00,id_04,id_04/abnormal/00000320.wav,1,6.869809150695801
id_00,id_04,id_04/abnormal/00000321.wav,1,8.097554206848145
id_00,id_04,id_04/abnormal/00000322.wav,1,7.102553367614746
id_00,id_04,id_04/abnormal/00000323.wav,1,10.614487648010254
id_00,id_04,id_04/abnormal/00000324.wav,1,6.869749069213867
id_00,id_04,id_04/abnormal/00000325.wav,1,6.775868892669678
id_00,id_04,id_04/abnormal/00000326.wav,1,7.300631523132324
id_00,id_04,id_04/abnormal/00000327.wav,1,7.271726608276367
id_00,id_04,id_04/abnormal/00000328.wav,1,7.4979047775268555
id_00,id_04,id_04/abnormal/00000329.wav,1,6.7396674156188965
id_00,id_04,id_04/abnormal/00000330.wav,1,9.767038345336914
id_00,id_04,id_04/abnormal/00000331.wav,1,10.739206314086914
id_00,id_04,id_04/abnormal/00000332.wav,1,6.461214065551758
id_00,id_04,id_04/abnormal/00000333.wav,1,6.855758190155029
id_00,id_04,id_04/abnormal/00000334.wav,1,10.695223808288574
id_00,id_04,id_04/abnormal/00000335.wav,1,8.470002174377441
id_00,id_04,id_04/abnormal/00000336.wav,1,8.981928825378418
id_00,id_04,id_04/abnormal/00000337.wav,1,6.894895076751709
id_00,id_04,id_04/abnormal/00000338.wav,1,9.494743347167969
id_00,id_04,id_04/abnormal/00000339.wav,1,6.9825119972229
id_00,id_04,id_04/abnormal/00000340.wav,1,8.691405296325684
id_00,id_04,id_04/abnormal/00000342.wav,1,6.757894992828369
id_00,id_04,id_04/abnormal/00000343.wav,1,8.141273498535156
id_00,id_04,id_04/abnormal/00000344.wav,1,8.01941967010498
id_00,id_04,id_04/abnormal/00000345.wav,1,7.474397659301758
id_00,id_04,id_04/abnormal/00000346.wav,1,6.897051811218262
id_00,id_04,id_04/abnormal/00000347.wav,1,7.583859920501709
id_00,id_06,id_06/normal/00000001.wav,0,23.171594619750977
id_00,id_06,id_06/normal/00000003.wav,0,18.756431579589844
id_00,id_06,id_06/normal/00000008.wav,0,16.668886184692383
id_00,id_06,id_06/normal/00000009.wav,0,14.431931495666504
id_00,id_06,id_06/normal/00000013.wav,0,15.491893768310547
id_00,id_06,id_06/normal/00000017.wav,0,14.575793266296387
id_00,id_06,id_06/normal/00000025.wav,0,16.692462921142578
id_00,id_06,id_06/normal/00000027.wav,0,19.199472427368164
id_00,id_06,id_06/normal/00000028.wav,0,14.269831657409668
id_00,id_06,id_06/normal/00000031.wav,0,14.233619689941406
id_00,id_06,id_06/normal/00000032.wav,0,13.912814140319824
id_00,id_06,id_06/normal/00000034.wav,0,14.489457130432129
id_00,id_06,id_06/normal/00000035.wav,0,17.94151496887207
id_00,id_06,id_06/normal/00000043.wav,0,21.892995834350586
id_00,id_06,id_06/normal/00000044.wav,0,13.635908126831055
id_00,id_06,id_06/normal/00000048.wav,0,22.536252975463867
id_00,id_06,id_06/normal/00000058.wav,0,20.968814849853516
id_00,id_06,id_06/normal/00000059.wav,0,13.633081436157227
id_00,id_06,id_06/normal/00000062.wav,0,13.582281112670898
id_00,id_06,id_06/normal/00000063.wav,0,14.233133316040039
id_00,id_06,id_06/normal/00000074.wav,0,21.35834312438965
id_00,id_06,id_06/normal/00000091.wav,0,16.812007904052734
id_00,id_06,id_06/normal/00000092.wav,0,15.814974784851074
id_00,id_06,id_06/normal/00000115.wav,0,16.156885147094727
id_00,id_06,id_06/normal/00000120.wav,0,20.064167022705078
id_00,id_06,id_06/normal/00000125.wav,0,17.907779693603516
id_00,id_06,id_06/normal/00000139.wav,0,20.958669662475586
id_00,id_06,id_06/normal/00000149.wav,0,16.036897659301758
id_00,id_06,id_06/normal/00000151.wav,0,21.957170486450195
id_00,id_06,id_06/normal/00000152.wav,0,18.759506225585938
id_00,id_06,id_06/normal/00000156.wav,0,13.2185640335083
id_00,id_06,id_06/normal/00000162.wav,0,18.285188674926758
id_00,id_06,id_06/normal/00000163.wav,0,13.47161865234375
id_00,id_06,id_06/normal/00000167.wav,0,17.32887077331543
id_00,id_06,id_06/normal/00000176.wav,0,13.5474853515625
id_00,id_06,id_06/normal/00000177.wav,0,19.368640899658203
id_00,id_06,id_06/normal/00000188.wav,0,12.768559455871582
id_00,id_06,id_06/normal/00000194.wav,0,17.234407424926758
id_00,id_06,id_06/normal/00000197.wav,0,18.8316707611084
id_00,id_06,id_06/normal/00000212.wav,0,11.95828628540039
id_00,id_06,id_06/normal/00000214.wav,0,12.380017280578613
id_00,id_06,id_06/normal/00000215.wav,0,16.7720947265625
id_00,id_06,id_06/normal/00000218.wav,0,12.119800567626953
id_00,id_06,id_06/normal/00000222.wav,0,12.668474197387695
id_00,id_06,id_06/normal/00000230.wav,0,14.184348106384277
id_00,id_06,id_06/normal/00000231.wav,0,13.207101821899414
id_00,id_06,id_06/normal/00000232.wav,0,11.82647705078125
id_00,id_06,id_06/normal/00000245.wav,0,15.192730903625488
id_00,id_06,id_06/normal/00000252.wav,0,15.503469467163086
id_00,id_06,id_06/normal/00000253.wav,0,18.475317001342773
id_00,id_06,id_06/normal/00000279.wav,0,21.45056915283203
id_00,id_06,id_06/normal/00000292.wav,0,13.448840141296387
id_00,id_06,id_06/normal/00000294.wav,0,19.85250473022461
id_00,id_06,id_06/normal/00000300.wav,0,19.589092254638672
id_00,id_06,id_06/normal/00000305.wav,0,12.033594131469727
id_00,id_06,id_06/normal/00000309.wav,0,12.823073387145996
id_00,id_06,id_06/normal/00000313.wav,0,12.997286796569824
id_00,id_06,id_06/normal/00000316.wav,0,15.611254692077637
id_00,id_06,id_06/normal/00000320.wav,0,11.942562103271484
id_00,id_06,id_06/normal/00000322.wav,0,21.228593826293945
id_00,id_06,id_06/normal/00000324.wav,0,16.673717498779297
id_00,id_06,id_06/normal/00000337.wav,0,11.935957908630371
id_00,id_06,id_06/normal/00000343.wav,0,16.303377151489258
id_00,id_06,id_06/normal/00000346.wav,0,13.118583679199219
id_00,id_06,id_06/normal/00000356.wav,0,13.916426658630371
id_00,id_06,id_06/normal/00000367.wav,0,11.491570472717285
id_00,id_06,id_06/normal/00000385.wav,0,12.524681091308594
id_00,id_06,id_06/normal/00000394.wav,0,16.47733497619629
id_00,id_06,id_06/normal/00000396.wav,0,12.427014350891113
id_00,id_06,id_06/normal/00000401.wav,0,18.949342727661133
id_00,id_06,id_06/normal/00000423.wav,0,20.039567947387695
id_00,id_06,id_06/normal/00000426.wav,0,12.768260955810547
id_00,id_06,id_06/normal/00000443.wav,0,12.699965476989746
id_00,id_06,id_06/normal/00000457.wav,0,13.175535202026367
id_00,id_06,id_06/normal/00000478.wav,0,16.061975479125977
id_00,id_06,id_06/normal/00000482.wav,0,18.672048568725586
id_00,id_06,id_06/normal/00000487.wav,0,19.692962646484375
id_00,id_06,id_06/normal/00000492.wav,0,17.517528533935547
id_00,id_06,id_06/normal/00000493.wav,0,11.809065818786621
id_00,id_06,id_06/normal/00000510.wav,0,17.01421546936035
id_00,id_06,id_06/normal/00000512.wav,0,13.661136627197266
id_00,id_06,id_06/normal/00000513.wav,0,12.627615928649902
id_00,id_06,id_06/normal/00000519.wav,0,20.630849838256836
id_00,id_06,id_06/normal/00000525.wav,0,19.357864379882812
id_00,id_06,id_06/normal/00000529.wav,0,13.570265769958496
id_00,id_06,id_06/normal/00000531.wav,0,14.776433944702148
id_00,id_06,id_06/normal/00000532.wav,0,18.83013153076172
id_00,id_06,id_06/normal/00000544.wav,0,19.608427047729492
id_00,id_06,id_06/normal/00000559.wav,0,20.749160766601562
id_00,id_06,id_06/normal/00000560.wav,0,13.755086898803711
id_00,id_06,id_06/normal/00000565.wav,0,18.99065399169922
id_00,id_06,id_06/normal/00000570.wav,0,13.111526489257812
id_00,id_06,id_06/normal/00000576.wav,0,16.2087459564209
id_00,id_06,id_06/normal/00000577.wav,0,18.853782653808594
id_00,id_06,id_06/normal/00000579.wav,0,12.939556121826172
id_00,id_06,id_06/normal/00000601.wav,0,23.309921264648438
id_00,id_06,id_06/normal/00000610.wav,0,12.86188793182373
id_00,id_06,id_06/normal/00000634.wav,0,16.182157516479492
id_00,id_06,id_06/normal/00000650.wav,0,15.973620414733887
id_00,id_06,id_06/normal/00000670.wav,0,17.218486785888672
id_00,id_06,id_06/normal/00000683.wav,0,14.376112937927246
id_00,id_06,id_06/normal/00000684.wav,0,13.033190727233887
id_00,id_06,id_06/normal/00000686.wav,0,20.7651424407959
id_00,id_06,id_06/normal/00000690.wav,0,20.484586715698242
id_00,id_06,id_06/normal/00000694.wav,0,16.004623413085938
id_00,id_06,id_06/normal/00000697.wav,0,11.991742134094238
id_00,id_06,id_06/normal/00000701.wav,0,12.068486213684082
id_00,id_06,id_06/normal/00000705.wav,0,16.153194427490234
id_00,id_06,id_06/normal/00000706.wav,0,16.731599807739258
id_00,id_06,id_06/normal/00000707.wav,0,11.665103912353516
id_00,id_06,id_06/normal/00000710.wav,0,14.422444343566895
id_00,id_06,id_06/normal/00000723.wav,0,19.52955436706543
id_00,id_06,id_06/normal/00000734.wav,0,16.217777252197266
id_00,id_06,id_06/normal/00000745.wav,0,18.177467346191406
id_00,id_06,id_06/normal/00000751.wav,0,15.556327819824219
id_00,id_06,id_06/normal/00000761.wav,0,20.740676879882812
id_00,id_06,id_06/normal/00000767.wav,0,30.282546997070312
id_00,id_06,id_06/normal/00000773.wav,0,15.089400291442871
id_00,id_06,id_06/normal/00000785.wav,0,13.837573051452637
id_00,id_06,id_06/normal/00000792.wav,0,15.873336791992188
id_00,id_06,id_06/normal/00000797.wav,0,15.0397310256958
id_00,id_06,id_06/normal/00000798.wav,0,26.555816650390625
id_00,id_06,id_06/normal/00000799.wav,0,15.601566314697266
id_00,id_06,id_06/normal/00000809.wav,0,16.162845611572266
id_00,id_06,id_06/normal/00000810.wav,0,27.038372039794922
id_00,id_06,id_06/normal/00000812.wav,0,19.27724266052246
id_00,id_06,id_06/normal/00000813.wav,0,26.656803131103516
id_00,id_06,id_06/normal/00000819.wav,0,12.32547378540039
id_00,id_06,id_06/normal/00000821.wav,0,21.395771026611328
id_00,id_06,id_06/normal/00000832.wav,0,15.628992080688477
id_00,id_06,id_06/normal/00000844.wav,0,15.015968322753906
id_00,id_06,id_06/normal/00000850.wav,0,15.332612991333008
id_00,id_06,id_06/normal/00000853.wav,0,16.980541229248047
id_00,id_06,id_06/normal/00000854.wav,0,17.78417205810547
id_00,id_06,id_06/normal/00000860.wav,0,17.16984748840332
id_00,id_06,id_06/normal/00000863.wav,0,15.036346435546875
id_00,id_06,id_06/normal/00000865.wav,0,17.813066482543945
id_00,id_06,id_06/normal/00000868.wav,0,15.6679048538208
id_00,id_06,id_06/normal/00000873.wav,0,12.725530624389648
id_00,id_06,id_06/normal/00000875.wav,0,16.01953887939453
id_00,id_06,id_06/normal/00000876.wav,0,17.66431999206543
id_00,id_06,id_06/normal/00000880.wav,0,15.524872779846191
id_00,id_06,id_06/normal/00000881.wav,0,14.298588752746582
id_00,id_06,id_06/normal/00000882.wav,0,13.260207176208496
id_00,id_06,id_06/normal/00000883.wav,0,18.56817054748535
id_00,id_06,id_06/normal/00000886.wav,0,21.3566837310791
id_00,id_06,id_06/normal/00000896.wav,0,18.271102905273438
id_00,id_06,id_06/normal/00000899.wav,0,12.682354927062988
id_00,id_06,id_06/normal/00000901.wav,0,14.551155090332031
id_00,id_06,id_06/normal/00000911.wav,0,22.819257736206055
id_00,id_06,id_06/normal/00000915.wav,0,17.83053970336914
id_00,id_06,id_06/normal/00000948.wav,0,11.416457176208496
id_00,id_06,id_06/normal/00000952.wav,0,12.113889694213867
id_00,id_06,id_06/normal/00000954.wav,0,11.943460464477539
id_00,id_06,id_06/normal/00000955.wav,0,13.141688346862793
id_00,id_06,id_06/normal/00000957.wav,0,12.40661907196045
id_00,id_06,id_06/normal/00000972.wav,0,11.996061325073242
id_00,id_06,id_06/normal/00000983.wav,0,12.14530086517334
id_00,id_06,id_06/normal/00001011.wav,0,23.70856475830078
id_00,id_06,id_06/normal/00001013.wav,0,21.39402198791504
id_00,id_06,id_06/abnormal/00000000.wav,1,5.406207084655762
id_00,id_06,id_06/abnormal/00000001.wav,1,10.40933895111084
id_00,id_06,id_06/abnormal/00000003.wav,1,5.324380874633789
id_00,id_06,id_06/abnormal/00000004.wav,1,7.647710800170898
id_00,id_06,id_06/abnormal/00000005.wav,1,5.43378210067749
id_00,id_06,id_06/abnormal/00000006.wav,1,8.616721153259277
id_00,id_06,id_06/abnormal/00000007.wav,1,8.441750526428223
id_00,id_06,id_06/abnormal/00000008.wav,1,12.253785133361816
id_00,id_06,id_06/abnormal/00000009.wav,1,7.612077236175537
id_00,id_06,id_06/abnormal/00000010.wav,1,7.173978328704834
id_00,id_06,id_06/abnormal/00000011.wav,1,10.86999225616455
id_00,id_06,id_06/abnormal/00000012.wav,1,5.153235912322998
id_00,id_06,id_06/abnormal/00000013.wav,1,8.848626136779785
id_00,id_06,id_06/abnormal/00000014.wav,1,5.1153950691223145
id_00,id_06,id_06/abnormal/00000015.wav,1,5.334569454193115
id_00,id_06,id_06/abnormal/00000017.wav,1,9.000516891479492
id_00,id_06,id_06/abnormal/00000018.wav,1,8.155257225036621
id_00,id_06,id_06/abnormal/00000019.wav,1,8.572221755981445
id_00,id_06,id_06/abnormal/00000020.wav,1,8.253146171569824
id_00,id_06,id_06/abnormal/00000021.wav,1,8.549772262573242
id_00,id_06,id_06/abnormal/00000022.wav,1,8.079962730407715
id_00,id_06,id_06/abnormal/00000023.wav,1,6.488304615020752
id_00,id_06,id_06/abnormal/00000024.wav,1,5.260760307312012
id_00,id_06,id_06/abnormal/00000025.wav,1,5.610563278198242
id_00,id_06,id_06/abnormal/00000026.wav,1,7.736355304718018
id_00,id_06,id_06/abnormal/00000027.wav,1,5.481191158294678
id_00,id_06,id_06/abnormal/00000028.wav,1,7.4627203941345215
id_00,id_06,id_06/abnormal/00000029.wav,1,8.238665580749512
id_00,id_06,id_06/abnormal/00000031.wav,1,9.081828117370605
id_00,id_06,id_06/abnormal/00000033.wav,1,5.257918834686279
id_00,id_06,id_06/abnormal/00000034.wav,1,7.933878421783447
id_00,id_06,id_06/abnormal/00000035.wav,1,17.109342575073242
id_00,id_06,id_06/abnormal/00000036.wav,1,11.570234298706055
id_00,id_06,id_06/abnormal/00000037.wav,1,7.39940071105957
id_00,id_06,id_06/abnormal/00000038.wav,1,8.135133743286133
id_00,id_06,id_06/abnormal/00000039.wav,1,5.311183929443359
id_00,id_06,id_06/abnormal/00000040.wav,1,5.40854549407959
id_00,id_06,id_06/abnormal/00000041.wav,1,6.875223159790039
id_00,id_06,id_06/abnormal/00000043.wav,1,7.384547710418701
id_00,id_06,id_06/abnormal/00000044.wav,1,9.951628684997559
id_00,id_06,id_06/abnormal/00000045.wav,1,8.3821382522583
id_00,id_06,id_06/abnormal/00000046.wav,1,8.506417274475098
id_00,id_06,id_06/abnormal/00000047.wav,1,5.2908172607421875
id_00,id_06,id_06/abnormal/00000048.wav,1,6.398293495178223
id_00,id_06,id_06/abnormal/00000049.wav,1,8.762256622314453
id_00,id_06,id_06/abnormal/00000051.wav,1,7.661234378814697
id_00,id_06,id_06/abnormal/00000052.wav,1,6.51049280166626
id_00,id_06,id_06/abnormal/00000053.wav,1,5.429039478302002
id_00,id_06,id_06/abnormal/00000054.wav,1,8.304744720458984
id_00,id_06,id_06/abnormal/00000056.wav,1,11.139779090881348
id_00,id_06,id_06/abnormal/00000057.wav,1,5.225592613220215
id_00,id_06,id_06/abnormal/00000058.wav,1,11.123464584350586
id_00,id_06,id_06/abnormal/00000059.wav,1,16.181001663208008
id_00,id_06,id_06/abnormal/00000061.wav,1,7.976366996765137
id_00,id_06,id_06/abnormal/00000062.wav,1,7.964814186096191
id_00,id_06,id_06/abnormal/00000063.wav,1,4.967426300048828
id_00,id_06,id_06/abnormal/00000064.wav,1,5.1996235847473145
id_00,id_06,id_06/abnormal/00000067.wav,1,5.168521881103516
id_00,id_06,id_06/abnormal/00000068.wav,1,7.016236782073975
id_00,id_06,id_06/abnormal/00000069.wav,1,5.992753028869629
id_00,id_06,id_06/abnormal/00000071.wav,1,7.507198810577393
id_00,id_06,id_06/abnormal/00000072.wav,1,8.083341598510742
id_00,id_06,id_06/abnormal/00000074.wav,1,7.788100242614746
id_00,id_06,id_06/abnormal/00000075.wav,1,7.994633674621582
id_00,id_06,id_06/abnormal/00000076.wav,1,7.63709020614624
id_00,id_06,id_06/abnormal/00000077.wav,1,8.413067817687988
id_00,id_06,id_06/abnormal/00000078.wav,1,7.593101501464844
id_00,id_06,id_06/abnormal/00000079.wav,1,6.385995864868164
id_00,id_06,id_06/abnormal/00000080.wav,1,9.263163566589355
id_00,id_06,id_06/abnormal/00000081.wav,1,12.67819595336914
id_00,id_06,id_06/abnormal/00000082.wav,1,9.101764678955078
id_00,id_06,id_06/abnormal/00000084.wav,1,7.48987340927124
id_00,id_06,id_06/abnormal/00000085.wav,1,8.002579689025879
id_00,id_06,id_06/abnormal/00000087.wav,1,5.377838134765625
id_00,id_06,id_06/abnormal/00000088.wav,1,7.845470428466797
id_00,id_06,id_06/abnormal/00000089.wav,1,7.267367362976074
id_00,id_06,id_06/abnormal/00000090.wav,1,7.796631813049316
id_00,id_06,id_06/abnormal/00000091.wav,1,7.139570236206055
id_00,id_06,id_06/abnormal/00000092.wav,1,9.078041076660156
id_00,id_06,id_06/abnormal/00000093.wav,1,9.551393508911133
id_00,id_06,id_06/abnormal/00000094.wav,1,7.5963006019592285
id_00,id_06,id_06/abnormal/00000095.wav,1,8.13586711883545
id_00,id_06,id_06/abnormal/00000096.wav,1,7.969976425170898
id_00,id_06,id_06/abnormal/00000097.wav,1,5.483761310577393
id_00,id_06,id_06/abnormal/00000098.wav,1,7.754241466522217
id_00,id_06,id_06/abnormal/00000099.wav,1,8.975842475891113
id_00,id_06,id_06/abnormal/00000100.wav,1,10.72838020324707
id_00,id_06,id_06/abnormal/00000101.wav,1,7.44618558883667
id_00,id_06,id_06/abnormal/00000102.wav,1,7.774914264678955
id_00,id_06,id_06/abnormal/00000103.wav,1,6.4819135665893555
id_00,id_06,id_06/abnormal/00000104.wav,1,7.616802215576172
id_00,id_06,id_06/abnormal/00000105.wav,1,7.303657531738281
id_00,id_06,id_06/abnormal/00000106.wav,1,8.766222953796387
id_00,id_06,id_06/abnormal/00000107.wav,1,7.445970058441162
id_00,id_06,id_06/abnormal/00000108.wav,1,8.054302215576172
id_00,id_06,id_06/abnormal/00000109.wav,1,5.966372489929199
id_00,id_06,id_06/abnormal/00000110.wav,1,7.781588554382324
id_00,id_06,id_06/abnormal/00000111.wav,1,7.954253673553467
id_00,id_06,id_06/abnormal/00000112.wav,1,7.846490383148193
id_00,id_06,id_06/abnormal/00000113.wav,1,9.186386108398438
id_00,id_06,id_06/abnormal/00000114.wav,1,5.090032577514648
id_00,id_06,id_06/abnormal/00000116.wav,1,7.514790058135986
id_00,id_06,id_06/abnormal/00000117.wav,1,7.426732063293457
id_00,id_06,id_06/abnormal/00000118.wav,1,5.441607475280762
id_00,id_06,id_06/abnormal/00000119.wav,1,5.400389671325684
id_00,id_06,id_06/abnormal/00000121.wav,1,11.548229217529297
id_00,id_06,id_06/abnormal/00000122.wav,1,7.776674747467041
id_00,id_06,id_06/abnormal/00000123.wav,1,8.009027481079102
id_00,id_06,id_06/abnormal/00000124.wav,1,5.129759788513184
id_00,id_06,id_06/abnormal/00000125.wav,1,5.473731994628906
id_00,id_06,id_06/abnormal/00000126.wav,1,5.281153678894043
id_00,id_06,id_06/abnormal/00000127.wav,1,5.408527374267578
id_00,id_06,id_06/abnormal/00000128.wav,1,6.2609477043151855
id_00,id_06,id_06/abnormal/00000129.wav,1,7.591948986053467
id_00,id_06,id_06/abnormal/00000130.wav,1,6.218903541564941
id_00,id_06,id_06/abnormal/00000131.wav,1,34.543006896972656
id_00,id_06,id_06/abnormal/00000133.wav,1,23.429317474365234
id_00,id_06,id_06/abnormal/00000134.wav,1,25.147314071655273
id_00,id_06,id_06/abnormal/00000135.wav,1,23.977317810058594
id_00,id_06,id_06/abnormal/00000137.wav,1,21.548696517944336
id_00,id_06,id_06/abnormal/00000138.wav,1,17.5817928314209
id_00,id_06,id_06/abnormal/00000139.wav,1,16.680124282836914
id_00,id_06,id_06/abnormal/00000140.wav,1,21.813199996948242
id_00,id_06,id_06/abnormal/00000141.wav,1,18.268510818481445
id_00,id_06,id_06/abnormal/00000142.wav,1,28.548566818237305
id_00,id_06,id_06/abnormal/00000143.wav,1,19.031780242919922
id_00,id_06,id_06/abnormal/00000144.wav,1,22.06282615661621
id_00,id_06,id_06/abnormal/00000145.wav,1,20.860225677490234
id_00,id_06,id_06/abnormal/00000146.wav,1,24.075363159179688
id_00,id_06,id_06/abnormal/00000147.wav,1,28.44049644470215
id_00,id_06,id_06/abnormal/00000149.wav,1,18.505477905273438
id_00,id_06,id_06/abnormal/00000151.wav,1,19.267780303955078
id_00,id_06,id_06/abnormal/00000152.wav,1,18.720216751098633
id_00,id_06,id_06/abnormal/00000153.wav,1,18.205867767333984
id_00,id_06,id_06/abnormal/00000154.wav,1,19.087724685668945
id_00,id_06,id_06/abnormal/00000155.wav,1,18.213645935058594
id_00,id_06,id_06/abnormal/00000156.wav,1,23.736356735229492
id_00,id_06,id_06/abnormal/00000157.wav,1,26.75307846069336
id_00,id_06,id_06/abnormal/00000158.wav,1,23.95511245727539
id_00,id_06,id_06/abnormal/00000159.wav,1,19.20024871826172
id_00,id_06,id_06/abnormal/00000160.wav,1,21.661380767822266
id_00,id_06,id_06/abnormal/00000161.wav,1,23.123111724853516
id_00,id_06,id_06/abnormal/00000162.wav,1,19.320215225219727
id_00,id_06,id_06/abnormal/00000163.wav,1,23.701356887817383
id_00,id_06,id_06/abnormal/00000164.wav,1,22.863725662231445
id_00,id_06,id_06/abnormal/00000165.wav,1,26.416126251220703
id_00,id_06,id_06/abnormal/00000166.wav,1,17.785160064697266
id_00,id_06,id_06/abnormal/00000167.wav,1,18.867267608642578
id_00,id_06,id_06/abnormal/00000168.wav,1,17.458650588989258
id_00,id_06,id_06/abnormal/00000169.wav,1,23.094274520874023
id_00,id_06,id_06/abnormal/00000170.wav,1,27.229591369628906
id_00,id_06,id_06/abnormal/00000171.wav,1,20.597217559814453
id_00,id_06,id_06/abnormal/00000172.wav,1,18.844064712524414
id_00,id_06,id_06/abnormal/00000173.wav,1,21.872873306274414
id_00,id_06,id_06/abnormal/00000174.wav,1,23.302417755126953
id_00,id_06,id_06/abnormal/00000175.wav,1,25.48213005065918
id_00,id_06,id_06/abnormal/00000176.wav,1,26.482952117919922
id_00,id_06,id_06/abnormal/00000178.wav,1,20.46790313720703
id_00,id_06,id_06/abnormal/00000179.wav,1,42.19398498535156
id_00,id_06,id_06/abnormal/00000180.wav,1,27.89383316040039
id_00,id_06,id_06/abnormal/00000181.wav,1,19.81363296508789
id_00,id_06,id_06/abnormal/00000182.wav,1,16.492313385009766
id_00,id_06,id_06/abnormal/00000183.wav,1,19.852556228637695
id_00,id_06,id_06/abnormal/00000184.wav,1,23.528432846069336
id_00,id_06,id_06/abnormal/00000185.wav,1,21.345577239990234
id_00,id_06,id_06/abnormal/00000186.wav,1,18.519758224487305
id_00,id_06,id_06/abnormal/00000187.wav,1,16.796483993530273
id_00,id_06,id_06/abnormal/00000188.wav,1,21.65227699279785
id_00,id_06,id_06/abnormal/00000189.wav,1,22.878332138061523
id_00,id_06,id_06/abnormal/00000190.wav,1,24.624006271362305
id_00,id_06,id_06/abnormal/00000191.wav,1,22.32846450805664
id_00,id_06,id_06/abnormal/00000192.wav,1,17.096092224121094
id_00,id_06,id_06/abnormal/00000194.wav,1,26.824077606201172
id_00,id_06,id_06/abnormal/00000195.wav,1,22.457717895507812
id_00,id_06,id_06/abnormal/00000198.wav,1,17.30078125
id_00,id_06,id_06/abnormal/00000199.wav,1,35.8441276550293
id_00,id_06,id_06/abnormal/00000200.wav,1,18.20566749572754
id_00,id_06,id_06/abnormal/00000201.wav,1,29.733877182006836
id_00,id_06,id_06/abnormal/00000202.wav,1,17.99847984313965
id_00,id_06,id_06/abnormal/00000203.wav,1,20.254295349121094
id_00,id_06,id_06/abnormal/00000204.wav,1,18.062196731567383
id_00,id_06,id_06/abnormal/00000205.wav,1,21.794382095336914
id_00,id_06,id_06/abnormal/00000206.wav,1,20.787220001220703
id_00,id_06,id_06/abnormal/00000207.wav,1,22.759510040283203
id_00,id_06,id_06/abnormal/00000208.wav,1,21.992238998413086
id_00,id_06,id_06/abnormal/00000209.wav,1,21.76321792602539
id_00,id_06,id_06/abnormal/00000211.wav,1,24.684856414794922
id_00,id_06,id_06/abnormal/00000212.wav,1,17.35129737854004
id_00,id_06,id_06/abnormal/00000213.wav,1,16.856903076171875
id_00,id_06,id_06/abnormal/00000216.wav,1,27.942564010620117
id_00,id_06,id_06/abnormal/00000217.wav,1,27.012630462646484
id_00,id_06,id_06/abnormal/00000218.wav,1,26.182174682617188
id_00,id_06,id_06/abnormal/00000219.wav,1,22.381052017211914
id_00,id_06,id_06/abnormal/00000220.wav,1,18.55073356628418
id_00,id_06,id_06/abnormal/00000221.wav,1,19.961214065551758
id_00,id_06,id_06/abnormal/00000223.wav,1,17.068862915039062
id_00,id_06,id_06/abnormal/00000224.wav,1,25.915340423583984
id_00,id_06,id_06/abnormal/00000225.wav,1,17.3705997467041
id_00,id_06,id_06/abnormal/00000227.wav,1,20.61760711669922
id_00,id_06,id_06/abnormal/00000228.wav,1,24.9683780670166
id_00,id_06,id_06/abnormal/00000229.wav,1,27.111448287963867
id_00,id_06,id_06/abnormal/00000230.wav,1,28.44459342956543
id_00,id_06,id_06/abnormal/00000232.wav,1,23.944290161132812
id_00,id_06,id_06/abnormal/00000233.wav,1,18.78097152709961
id_00,id_06,id_06/abnormal/00000234.wav,1,17.410680770874023
id_00,id_06,id_06/abnormal/00000236.wav,1,21.68597412109375
id_00,id_06,id_06/abnormal/00000237.wav,1,10.011855125427246
id_00,id_06,id_06/abnormal/00000238.wav,1,5.472038745880127
id_00,id_06,id_06/abnormal/00000239.wav,1,5.610404014587402
id_00,id_06,id_06/abnormal/00000240.wav,1,7.799523830413818
id_00,id_06,id_06/abnormal/00000241.wav,1,10.517415046691895
id_00,id_06,id_06/abnormal/00000242.wav,1,9.724177360534668
id_00,id_06,id_06/abnormal/00000244.wav,1,7.329862594604492
id_00,id_06,id_06/abnormal/00000245.wav,1,5.453985691070557
id_00,id_06,id_06/abnormal/00000246.wav,1,9.03728199005127
id_00,id_06,id_06/abnormal/00000247.wav,1,5.710943222045898
id_00,id_06,id_06/abnormal/00000248.wav,1,6.873950958251953
id_00,id_06,id_06/abnormal/00000250.wav,1,7.664517879486084
id_00,id_06,id_06/abnormal/00000251.wav,1,5.4253411293029785
id_00,id_06,id_06/abnormal/00000252.wav,1,6.782561779022217
id_00,id_06,id_06/abnormal/00000253.wav,1,9.38184928894043
id_00,id_06,id_06/abnormal/00000255.wav,1,10.740645408630371
id_00,id_06,id_06/abnormal/00000256.wav,1,11.14063835144043
id_00,id_06,id_06/abnormal/00000257.wav,1,10.444768905639648
id_00,id_06,id_06/abnormal/00000258.wav,1,6.422379970550537
id_00,id_06,id_06/abnormal/00000259.wav,1,9.031499862670898
id_00,id_06,id_06/abnormal/00000260.wav,1,8.971405029296875
id_00,id_06,id_06/abnormal/00000261.wav,1,8.329829216003418
id_00,id_06,id_06/abnormal/00000262.wav,1,9.22707748413086
id_00,id_06,id_06/abnormal/00000263.wav,1,8.966512680053711
id_00,id_06,id_06/abnormal/00000264.wav,1,9.474821090698242
id_00,id_06,id_06/abnormal/00000267.wav,1,6.382678985595703
id_00,id_06,id_06/abnormal/00000268.wav,1,5.450634956359863
id_00,id_06,id_06/abnormal/00000269.wav,1,6.845739841461182
id_00,id_06,id_06/abnormal/00000270.wav,1,7.511557102203369
id_00,id_06,id_06/abnormal/00000271.wav,1,7.066996097564697
id_00,id_06,id_06/abnormal/00000272.wav,1,11.605511665344238
id_00,id_06,id_06/abnormal/00000273.wav,1,10.952352523803711
id_00,id_06,id_06/abnormal/00000274.wav,1,7.410811424255371
id_00,id_06,id_06/abnormal/00000275.wav,1,10.770572662353516
id_00,id_06,id_06/abnormal/00000276.wav,1,7.270896911621094
id_00,id_06,id_06/abnormal/00000277.wav,1,10.755511283874512
id_00,id_06,id_06/abnormal/00000278.wav,1,6.518820285797119
id_00,id_06,id_06/abnormal/00000279.wav,1,7.365865230560303
id_00,id_06,id_06/abnormal/00000280.wav,1,10.13599967956543
id_00,id_06,id_06/abnormal/00000281.wav,1,5.413313865661621
id_00,id_06,id_06/abnormal/00000282.wav,1,9.229689598083496
id_00,id_06,id_06/abnormal/00000283.wav,1,8.933034896850586
id_00,id_06,id_06/abnormal/00000284.wav,1,10.758291244506836
id_00,id_06,id_06/abnormal/00000285.wav,1,8.397481918334961
id_00,id_06,id_06/abnormal/00000286.wav,1,5.429629802703857
id_00,id_06,id_06/abnormal/00000287.wav,1,6.907653331756592
id_00,id_06,id_06/abnormal/00000288.wav,1,6.397737979888916
id_00,id_06,id_06/abnormal/00000289.wav,1,8.939641952514648
id_00,id_06,id_06/abnormal/00000290.wav,1,7.939834117889404
id_00,id_06,id_06/abnormal/00000291.wav,1,6.219573020935059
id_00,id_06,id_06/abnormal/00000292.wav,1,9.874696731567383
id_00,id_06,id_06/abnormal/00000293.wav,1,7.082432746887207
id_00,id_06,id_06/abnormal/00000294.wav,1,8.183294296264648
id_00,id_06,id_06/abnormal/00000296.wav,1,8.975072860717773
id_00,id_06,id_06/abnormal/00000297.wav,1,22.553558349609375
id_00,id_06,id_06/abnormal/00000298.wav,1,5.460792541503906
id_00,id_06,id_06/abnormal/00000299.wav,1,9.948994636535645
id_00,id_06,id_06/abnormal/00000301.wav,1,6.489949703216553
id_00,id_06,id_06/abnormal/00000302.wav,1,8.44690227508545
id_00,id_06,id_06/abnormal/00000303.wav,1,10.531235694885254
id_00,id_06,id_06/abnormal/00000304.wav,1,6.407646179199219
id_00,id_06,id_06/abnormal/00000305.wav,1,5.340603351593018
id_00,id_06,id_06/abnormal/00000306.wav,1,7.624454498291016
id_00,id_06,id_06/abnormal/00000307.wav,1,7.1454386711120605
id_00,id_06,id_06/abnormal/00000308.wav,1,15.070530891418457
id_00,id_06,id_06/abnormal/00000309.wav,1,7.670729637145996
id_00,id_06,id_06/abnormal/00000310.wav,1,7.199474811553955
id_00,id_06,id_06/abnormal/00000311.wav,1,5.591073989868164
id_00,id_06,id_06/abnormal/00000312.wav,1,7.062783241271973
id_00,id_06,id_06/abnormal/00000313.wav,1,6.51176643371582
id_00,id_06,id_06/abnormal/00000314.wav,1,5.438089370727539
id_00,id_06,id_06/abnormal/00000315.wav,1,6.306247711181641
id_00,id_06,id_06/abnormal/00000316.wav,1,10.586894989013672
id_00,id_06,id_06/abnormal/00000317.wav,1,6.924060821533203
id_00,id_06,id_06/abnormal/00000318.wav,1,5.505548477172852
id_00,id_06,id_06/abnormal/00000319.wav,1,8.611282348632812
id_00,id_06,id_06/abnormal/00000320.wav,1,9.378620147705078
id_00,id_06,id_06/abnormal/00000321.wav,1,11.941431045532227
id_00,id_06,id_06/abnormal/00000322.wav,1,6.035195350646973
id_00,id_06,id_06/abnormal/00000323.wav,1,5.440438747406006
id_00,id_06,id_06/abnormal/00000324.wav,1,8.00460147857666
id_00,id_06,id_06/abnormal/00000325.wav,1,5.210326194763184
id_00,id_06,id_06/abnormal/00000326.wav,1,9.883370399475098
id_00,id_06,id_06/abnormal/00000327.wav,1,5.580564022064209
id_00,id_06,id_06/abnormal/00000328.wav,1,5.631935119628906
id_00,id_06,id_06/abnormal/00000329.wav,1,5.549374580383301
id_00,id_06,id_06/abnormal/00000330.wav,1,6.053017616271973
id_00,id_06,id_06/abnormal/00000331.wav,1,7.288346767425537
id_00,id_06,id_06/abnormal/00000332.wav,1,7.471909046173096
id_00,id_06,id_06/abnormal/00000333.wav,1,6.703036785125732
id_00,id_06,id_06/abnormal/00000334.wav,1,10.288521766662598
id_00,id_06,id_06/abnormal/00000335.wav,1,8.814398765563965
id_00,id_06,id_06/abnormal/00000336.wav,1,9.380026817321777
id_00,id_06,id_06/abnormal/00000337.wav,1,7.43952751159668
id_00,id_06,id_06/abnormal/00000338.wav,1,5.418858528137207
id_00,id_06,id_06/abnormal/00000339.wav,1,9.37101936340332
id_00,id_06,id_06/abnormal/00000341.wav,1,5.1781721115112305
id_00,id_06,id_06/abnormal/00000342.wav,1,14.627294540405273
id_00,id_06,id_06/abnormal/00000343.wav,1,8.019292831420898
id_00,id_06,id_06/abnormal/00000344.wav,1,8.161131858825684
id_00,id_06,id_06/abnormal/00000345.wav,1,5.511029243469238
id_00,id_06,id_06/abnormal/00000346.wav,1,8.525984764099121
id_00,id_06,id_06/abnormal/00000348.wav,1,10.252764701843262
id_00,id_06,id_06/abnormal/00000349.wav,1,6.096556663513184
id_00,id_06,id_06/abnormal/00000350.wav,1,7.966434478759766
id_00,id_06,id_06/abnormal/00000351.wav,1,5.178767681121826
id_00,id_06,id_06/abnormal/00000352.wav,1,10.19714069366455
id_00,id_06,id_06/abnormal/00000353.wav,1,8.350483894348145
id_00,id_06,id_06/abnormal/00000354.wav,1,7.926520824432373
id_00,id_06,id_06/abnormal/00000355.wav,1,5.308881759643555
id_00,id_06,id_06/abnormal/00000356.wav,1,13.254524230957031
id_00,id_06,id_06/abnormal/00000357.wav,1,6.227622032165527
id_00,id_06,id_06/abnormal/00000358.wav,1,5.470569610595703
id_00,id_06,id_06/abnormal/00000359.wav,1,5.426183223724365
id_02,id_00,id_00/normal/00000005.wav,0,10.771492958068848
id_02,id_00,id_00/normal/00000006.wav,0,19.812137603759766
id_02,id_00,id_00/normal/00000007.wav,0,19.6246395111084
id_02,id_00,id_00/normal/00000028.wav,0,7.835005283355713
id_02,id_00,id_00/normal/00000032.wav,0,11.31321907043457
id_02,id_00,id_00/normal/00000040.wav,0,19.098569869995117
id_02,id_00,id_00/normal/00000042.wav,0,15.227372169494629
id_02,id_00,id_00/normal/00000049.wav,0,20.091169357299805
id_02,id_00,id_00/normal/00000063.wav,0,9.967517852783203
id_02,id_00,id_00/normal/00000066.wav,0,10.44089126586914
id_02,id_00,id_00/normal/00000070.wav,0,18.936323165893555
id_02,id_00,id_00/normal/00000091.wav,0,12.033137321472168
id_02,id_00,id_00/normal/00000098.wav,0,8.809584617614746
id_02,id_00,id_00/normal/00000099.wav,0,18.497665405273438
id_02,id_00,id_00/normal/00000100.wav,0,7.817527770996094
id_02,id_00,id_00/normal/00000108.wav,0,11.731597900390625
id_02,id_00,id_00/normal/00000114.wav,0,24.139896392822266
id_02,id_00,id_00/normal/00000118.wav,0,9.265419960021973
id_02,id_00,id_00/normal/00000120.wav,0,15.062699317932129
id_02,id_00,id_00/normal/00000129.wav,0,18.6396427154541
id_02,id_00,id_00/normal/00000132.wav,0,13.991999626159668
id_02,id_00,id_00/normal/00000133.wav,0,9.22644329071045
id_02,id_00,id_00/normal/00000137.wav,0,10.444686889648438
id_02,id_00,id_00/normal/00000144.wav,0,7.905381202697754
id_02,id_00,id_00/normal/00000159.wav,0,17.515106201171875
id_02,id_00,id_00/normal/00000162.wav,0,7.755690574645996
id_02,id_00,id_00/normal/00000164.wav,0,10.252729415893555
id_02,id_00,id_00/normal/00000169.wav,0,10.463946342468262
id_02,id_00,id_00/normal/00000171.wav,0,7.719510555267334
id_02,id_00,id_00/normal/00000182.wav,0,9.758569717407227
id_02,id_00,id_00/normal/00000193.wav,0,20.936412811279297
id_02,id_00,id_00/normal/00000197.wav,0,10.625601768493652
id_02,id_00,id_00/normal/00000198.wav,0,21.749027252197266
id_02,id_00,id_00/normal/00000206.wav,0,9.122746467590332
id_02,id_00,id_00/normal/00000208.wav,0,19.8817081451416
id_02,id_00,id_00/normal/00000217.wav,0,19.61161231994629
id_02,id_00,id_00/normal/00000223.wav,0,14.753684043884277
id_02,id_00,id_00/normal/00000240.wav,0,9.375940322875977
id_02,id_00,id_00/normal/00000245.wav,0,8.271796226501465
id_02,id_00,id_00/normal/00000249.wav,0,17.907155990600586
id_02,id_00,id_00/normal/00000254.wav,0,22.684284210205078
id_02,id_00,id_00/normal/00000257.wav,0,23.13589859008789
id_02,id_00,id_00/normal/00000261.wav,0,9.295825958251953
id_02,id_00,id_00/normal/00000271.wav,0,7.715822219848633
id_02,id_00,id_00/normal/00000272.wav,0,10.03468132019043
id_02,id_00,id_00/normal/00000273.wav,0,9.564337730407715
id_02,id_00,id_00/normal/00000274.wav,0,9.933028221130371
id_02,id_00,id_00/normal/00000286.wav,0,11.563196182250977
id_02,id_00,id_00/normal/00000293.wav,0,10.3184232711792
id_02,id_00,id_00/normal/00000297.wav,0,21.082096099853516
id_02,id_00,id_00/normal/00000298.wav,0,11.533146858215332
id_02,id_00,id_00/normal/00000300.wav,0,17.858449935913086
id_02,id_00,id_00/normal/00000301.wav,0,9.410898208618164
id_02,id_00,id_00/normal/00000307.wav,0,7.38455867767334
id_02,id_00,id_00/normal/00000313.wav,0,8.918973922729492
id_02,id_00,id_00/normal/00000315.wav,0,10.800127029418945
id_02,id_00,id_00/normal/00000320.wav,0,9.792243957519531
id_02,id_00,id_00/normal/00000322.wav,0,11.360501289367676
id_02,id_00,id_00/normal/00000325.wav,0,10.243149757385254
id_02,id_00,id_00/normal/00000330.wav,0,20.323413848876953
id_02,id_00,id_00/normal/00000331.wav,0,15.962464332580566
id_02,id_00,id_00/normal/00000334.wav,0,21.899051666259766
id_02,id_00,id_00/normal/00000339.wav,0,19.088882446289062
id_02,id_00,id_00/normal/00000373.wav,0,9.340506553649902
id_02,id_00,id_00/normal/00000378.wav,0,10.519244194030762
id_02,id_00,id_00/normal/00000386.wav,0,10.13277530670166
id_02,id_00,id_00/normal/00000391.wav,0,12.967535018920898
id_02,id_00,id_00/normal/00000394.wav,0,10.528018951416016
id_02,id_00,id_00/normal/00000404.wav,0,11.443598747253418
id_02,id_00,id_00/normal/00000417.wav,0,8.26212215423584
id_02,id_00,id_00/normal/00000429.wav,0,9.031913757324219
id_02,id_00,id_00/normal/00000434.wav,0,10.257614135742188
id_02,id_00,id_00/normal/00000449.wav,0,11.48792839050293
id_02,id_00,id_00/normal/00000467.wav,0,12.981940269470215
id_02,id_00,id_00/normal/00000475.wav,0,9.781227111816406
id_02,id_00,id_00/normal/00000480.wav,0,9.977413177490234
id_02,id_00,id_00/normal/00000493.wav,0,9.765159606933594
id_02,id_00,id_00/normal/00000501.wav,0,9.754992485046387
id_02,id_00,id_00/normal/00000509.wav,0,8.744980812072754
id_02,id_00,id_00/normal/00000516.wav,0,7.876795291900635
id_02,id_00,id_00/normal/00000517.wav,0,18.76112937927246
id_02,id_00,id_00/normal/00000528.wav,0,10.201864242553711
id_02,id_00,id_00/normal/00000539.wav,0,9.356396675109863
id_02,id_00,id_00/normal/00000549.wav,0,20.1829776763916
id_02,id_00,id_00/normal/00000552.wav,0,8.409652709960938
id_02,id_00,id_00/normal/00000559.wav,0,9.97641658782959
id_02,id_00,id_00/normal/00000561.wav,0,10.195717811584473
id_02,id_00,id_00/normal/00000563.wav,0,9.325846672058105
id_02,id_00,id_00/normal/00000564.wav,0,19.10672950744629
id_02,id_00,id_00/normal/00000569.wav,0,10.430721282958984
id_02,id_00,id_00/normal/00000573.wav,0,18.147184371948242
id_02,id_00,id_00/normal/00000589.wav,0,18.87017059326172
id_02,id_00,id_00/normal/00000590.wav,0,7.814537048339844
id_02,id_00,id_00/normal/00000597.wav,0,11.293065071105957
id_02,id_00,id_00/normal/00000607.wav,0,17.57071876525879
id_02,id_00,id_00/normal/00000623.wav,0,8.96452522277832
id_02,id_00,id_00/normal/00000635.wav,0,10.009568214416504
id_02,id_00,id_00/normal/00000637.wav,0,10.949264526367188
id_02,id_00,id_00/normal/00000655.wav,0,23.731874465942383
id_02,id_00,id_00/normal/00000656.wav,0,8.007877349853516
id_02,id_00,id_00/normal/00000667.wav,0,19.598304748535156
id_02,id_00,id_00/normal/00000675.wav,0,10.189814567565918
id_02,id_00,id_00/normal/00000676.wav,0,20.635236740112305
id_02,id_00,id_00/normal/00000677.wav,0,9.743638038635254
id_02,id_00,id_00/normal/00000681.wav,0,8.15361213684082
id_02,id_00,id_00/normal/00000686.wav,0,8.948040008544922
id_02,id_00,id_00/normal/00000687.wav,0,18.4858455657959
id_02,id_00,id_00/normal/00000690.wav,0,9.55764102935791
id_02,id_00,id_00/normal/00000691.wav,0,8.997323989868164
id_02,id_00,id_00/normal/00000695.wav,0,11.724637985229492
id_02,id_00,id_00/normal/00000702.wav,0,17.95564079284668
id_02,id_00,id_00/normal/00000717.wav,0,9.422410011291504
id_02,id_00,id_00/normal/00000720.wav,0,9.980596542358398
id_02,id_00,id_00/normal/00000725.wav,0,22.202253341674805
id_02,id_00,id_00/normal/00000726.wav,0,10.004576683044434
id_02,id_00,id_00/normal/00000727.wav,0,9.493942260742188
id_02,id_00,id_00/normal/00000730.wav,0,9.707649230957031
id_02,id_00,id_00/normal/00000732.wav,0,10.150712013244629
id_02,id_00,id_00/normal/00000740.wav,0,11.187535285949707
id_02,id_00,id_00/normal/00000747.wav,0,26.983203887939453
id_02,id_00,id_00/normal/00000754.wav,0,20.014970779418945
id_02,id_00,id_00/normal/00000755.wav,0,9.524613380432129
id_02,id_00,id_00/normal/00000758.wav,0,23.413949966430664
id_02,id_00,id_00/normal/00000763.wav,0,17.767539978027344
id_02,id_00,id_00/normal/00000764.wav,0,8.257617950439453
id_02,id_00,id_00/normal/00000773.wav,0,12.827226638793945
id_02,id_00,id_00/normal/00000776.wav,0,10.324228286743164
id_02,id_00,id_00/normal/00000778.wav,0,10.387336730957031
id_02,id_00,id_00/normal/00000780.wav,0,17.862525939941406
id_02,id_00,id_00/normal/00000785.wav,0,21.464374542236328
id_02,id_00,id_00/normal/00000804.wav,0,16.101945877075195
id_02,id_00,id_00/normal/00000817.wav,0,21.223539352416992
id_02,id_00,id_00/normal/00000818.wav,0,21.78619384765625
id_02,id_00,id_00/normal/00000823.wav,0,11.078373908996582
id_02,id_00,id_00/normal/00000827.wav,0,11.890850067138672
id_02,id_00,id_00/normal/00000833.wav,0,9.95920181274414
id_02,id_00,id_00/normal/00000842.wav,0,12.24301815032959
id_02,id_00,id_00/normal/00000848.wav,0,10.839710235595703
id_02,id_00,id_00/normal/00000850.wav,0,9.63355827331543
id_02,id_00,id_00/normal/00000854.wav,0,9.80155086517334
id_02,id_00,id_00/normal/00000858.wav,0,18.625370025634766
id_02,id_00,id_00/normal/00000862.wav,0,7.472883224487305
id_02,id_00,id_00/normal/00000863.wav,0,20.849878311157227
id_02,id_00,id_00/normal/00000885.wav,0,24.443073272705078
id_02,id_00,id_00/normal/00000888.wav,0,9.36766529083252
id_02,id_00,id_00/normal/00000895.wav,0,10.121337890625
id_02,id_00,id_00/normal/00000903.wav,0,22.150768280029297
id_02,id_00,id_00/normal/00000915.wav,0,7.533044338226318
id_02,id_00,id_00/normal/00000919.wav,0,20.587862014770508
id_02,id_00,id_00/normal/00000929.wav,0,12.688272476196289
id_02,id_00,id_00/normal/00000930.wav,0,8.334680557250977
id_02,id_00,id_00/normal/00000931.wav,0,7.989859580993652
id_02,id_00,id_00/normal/00000942.wav,0,10.818763732910156
id_02,id_00,id_00/normal/00000951.wav,0,11.04689884185791
id_02,id_00,id_00/normal/00000953.wav,0,16.433290481567383
id_02,id_00,id_00/normal/00000954.wav,0,7.851630687713623
id_02,id_00,id_00/normal/00000961.wav,0,10.561541557312012
id_02,id_00,id_00/normal/00000967.wav,0,23.50274085998535
id_02,id_00,id_00/normal/00000977.wav,0,10.670143127441406
id_02,id_00,id_00/normal/00000997.wav,0,19.68259048461914
id_02,id_00,id_00/abnormal/00000000.wav,1,28.850425720214844
id_02,id_00,id_00/abnormal/00000001.wav,1,35.243812561035156
id_02,id_00,id_00/abnormal/00000002.wav,1,27.656055450439453
id_02,id_00,id_00/abnormal/00000003.wav,1,34.30658721923828
id_02,id_00,id_00/abnormal/00000004.wav,1,10.65794563293457
id_02,id_00,id_00/abnormal/00000006.wav,1,13.630141258239746
id_02,id_00,id_00/abnormal/00000007.wav,1,14.303946495056152
id_02,id_00,id_00/abnormal/00000008.wav,1,13.611222267150879
id_02,id_00,id_00/abnormal/00000010.wav,1,14.306098937988281
id_02,id_00,id_00/abnormal/00000011.wav,1,11.728181838989258
id_02,id_00,id_00/abnormal/00000012.wav,1,29.766788482666016
id_02,id_00,id_00/abnormal/00000013.wav,1,33.081825256347656
id_02,id_00,id_00/abnormal/00000014.wav,1,29.91248893737793
id_02,id_00,id_00/abnormal/00000016.wav,1,11.942913055419922
id_02,id_00,id_00/abnormal/00000017.wav,1,25.4721736907959
id_02,id_00,id_00/abnormal/00000018.wav,1,15.83914566040039
id_02,id_00,id_00/abnormal/00000019.wav,1,10.667696952819824
id_02,id_00,id_00/abnormal/00000020.wav,1,14.06640338897705
id_02,id_00,id_00/abnormal/00000022.wav,1,28.695354461669922
id_02,id_00,id_00/abnormal/00000023.wav,1,12.389705657958984
id_02,id_00,id_00/abnormal/00000024.wav,1,9.594099998474121
id_02,id_00,id_00/abnormal/00000025.wav,1,13.700384140014648
id_02,id_00,id_00/abnormal/00000026.wav,1,28.59311866760254
id_02,id_00,id_00/abnormal/00000027.wav,1,14.266579627990723
id_02,id_00,id_00/abnormal/00000028.wav,1,17.544818878173828
id_02,id_00,id_00/abnormal/00000031.wav,1,12.8413724899292
id_02,id_00,id_00/abnormal/00000032.wav,1,12.9190673828125
id_02,id_00,id_00/abnormal/00000033.wav,1,14.262641906738281
id_02,id_00,id_00/abnormal/00000034.wav,1,13.708514213562012
id_02,id_00,id_00/abnormal/00000035.wav,1,27.25821876525879
id_02,id_00,id_00/abnormal/00000036.wav,1,12.713664054870605
id_02,id_00,id_00/abnormal/00000038.wav,1,9.716479301452637
id_02,id_00,id_00/abnormal/00000040.wav,1,17.6145076751709
id_02,id_00,id_00/abnormal/00000042.wav,1,9.695913314819336
id_02,id_00,id_00/abnormal/00000043.wav,1,14.611673355102539
id_02,id_00,id_00/abnormal/00000045.wav,1,17.652402877807617
id_02,id_00,id_00/abnormal/00000046.wav,1,14.50610637664795
id_02,id_00,id_00/abnormal/00000047.wav,1,15.955822944641113
id_02,id_00,id_00/abnormal/00000048.wav,1,16.465087890625
id_02,id_00,id_00/abnormal/00000050.wav,1,13.38121509552002
id_02,id_00,id_00/abnormal/00000052.wav,1,14.820107460021973
id_02,id_00,id_00/abnormal/00000053.wav,1,13.556634902954102
id_02,id_00,id_00/abnormal/00000054.wav,1,10.203211784362793
id_02,id_00,id_00/abnormal/00000055.wav,1,11.011540412902832
id_02,id_00,id_00/abnormal/00000056.wav,1,20.244277954101562
id_02,id_00,id_00/abnormal/00000057.wav,1,29.29779815673828
id_02,id_00,id_00/abnormal/00000058.wav,1,9.28746509552002
id_02,id_00,id_00/abnormal/00000060.wav,1,14.034041404724121
id_02,id_00,id_00/abnormal/00000063.wav,1,13.338505744934082
id_02,id_00,id_00/abnormal/00000064.wav,1,18.511598587036133
id_02,id_00,id_00/abnormal/00000065.wav,1,28.454774856567383
id_02,id_00,id_00/abnormal/00000067.wav,1,11.513072967529297
id_02,id_00,id_00/abnormal/00000068.wav,1,25.734834671020508
id_02,id_00,id_00/abnormal/00000069.wav,1,13.161706924438477
id_02,id_00,id_00/abnormal/00000070.wav,1,10.576027870178223
id_02,id_00,id_00/abnormal/00000071.wav,1,12.351174354553223
id_02,id_00,id_00/abnormal/00000072.wav,1,15.564298629760742
id_02,id_00,id_00/abnormal/00000073.wav,1,26.187162399291992
id_02,id_00,id_00/abnormal/00000075.wav,1,13.69774341583252
id_02,id_00,id_00/abnormal/00000077.wav,1,29.428401947021484
id_02,id_00,id_00/abnormal/00000078.wav,1,18.562244415283203
id_02,id_00,id_00/abnormal/00000079.wav,1,27.94829750061035
id_02,id_00,id_00/abnormal/00000080.wav,1,9.255873680114746
id_02,id_00,id_00/abnormal/00000082.wav,1,10.197025299072266
id_02,id_00,id_00/abnormal/00000084.wav,1,14.084712028503418
id_02,id_00,id_00/abnormal/00000086.wav,1,10.211791038513184
id_02,id_00,id_00/abnormal/00000088.wav,1,14.05829906463623
id_02,id_00,id_00/abnormal/00000089.wav,1,29.408090591430664
id_02,id_00,id_00/abnormal/00000090.wav,1,20.468320846557617
id_02,id_00,id_00/abnormal/00000091.wav,1,15.490032196044922
id_02,id_00,id_00/abnormal/00000092.wav,1,13.495152473449707
id_02,id_00,id_00/abnormal/00000093.wav,1,28.37204933166504
id_02,id_00,id_00/abnormal/00000094.wav,1,17.44860076904297
id_02,id_00,id_00/abnormal/00000095.wav,1,9.724900245666504
id_02,id_00,id_00/abnormal/00000096.wav,1,14.492758750915527
id_02,id_00,id_00/abnormal/00000097.wav,1,28.990020751953125
id_02,id_00,id_00/abnormal/00000099.wav,1,10.219629287719727
id_02,id_00,id_00/abnormal/00000100.wav,1,30.944927215576172
id_02,id_00,id_00/abnormal/00000101.wav,1,30.41713523864746
id_02,id_00,id_00/abnormal/00000102.wav,1,9.233841896057129
id_02,id_00,id_00/abnormal/00000103.wav,1,11.073883056640625
id_02,id_00,id_00/abnormal/00000104.wav,1,28.932538986206055
id_02,id_00,id_00/abnormal/00000106.wav,1,25.314905166625977
id_02,id_00,id_00/abnormal/00000107.wav,1,25.4477596282959
id_02,id_00,id_00/abnormal/00000109.wav,1,13.614754676818848
id_02,id_00,id_00/abnormal/00000111.wav,1,10.757757186889648
id_02,id_00,id_00/abnormal/00000112.wav,1,13.764389991760254
id_02,id_00,id_00/abnormal/00000113.wav,1,10.762639999389648
id_02,id_00,id_00/abnormal/00000114.wav,1,12.361839294433594
id_02,id_00,id_00/abnormal/00000116.wav,1,32.214988708496094
id_02,id_00,id_00/abnormal/00000117.wav,1,22.045820236206055
id_02,id_00,id_00/abnormal/00000118.wav,1,20.32822608947754
id_02,id_00,id_00/abnormal/00000119.wav,1,24.755901336669922
id_02,id_00,id_00/abnormal/00000121.wav,1,18.07352066040039
id_02,id_00,id_00/abnormal/00000124.wav,1,26.641721725463867
id_02,id_00,id_00/abnormal/00000125.wav,1,26.503429412841797
id_02,id_00,id_00/abnormal/00000126.wav,1,12.935935020446777
id_02,id_00,id_00/abnormal/00000127.wav,1,26.844911575317383
id_02,id_00,id_00/abnormal/00000128.wav,1,20.383604049682617
id_02,id_00,id_00/abnormal/00000129.wav,1,9.616744995117188
id_02,id_00,id_00/abnormal/00000130.wav,1,29.43263053894043
id_02,id_00,id_00/abnormal/00000131.wav,1,13.635080337524414
id_02,id_00,id_00/abnormal/00000132.wav,1,14.360408782958984
id_02,id_00,id_00/abnormal/00000133.wav,1,31.661611557006836
id_02,id_00,id_00/abnormal/00000134.wav,1,13.088464736938477
id_02,id_00,id_00/abnormal/00000136.wav,1,18.358549118041992
id_02,id_00,id_00/abnormal/00000137.wav,1,14.843263626098633
id_02,id_00,id_00/abnormal/00000138.wav,1,13.978399276733398
id_02,id_00,id_00/abnormal/00000141.wav,1,13.750322341918945
id_02,id_00,id_00/abnormal/00000142.wav,1,15.689849853515625
id_02,id_00,id_00/abnormal/00000143.wav,1,29.967689514160156
id_02,id_00,id_00/abnormal/00000144.wav,1,12.560699462890625
id_02,id_00,id_00/abnormal/00000145.wav,1,29.32660675048828
id_02,id_00,id_00/abnormal/00000146.wav,1,14.857611656188965
id_02,id_00,id_00/abnormal/00000147.wav,1,12.871225357055664
id_02,id_00,id_00/abnormal/00000148.wav,1,10.161234855651855
id_02,id_00,id_00/abnormal/00000149.wav,1,11.189080238342285
id_02,id_00,id_00/abnormal/00000150.wav,1,26.241365432739258
id_02,id_00,id_00/abnormal/00000151.wav,1,33.81550216674805
id_02,id_00,id_00/abnormal/00000152.wav,1,22.599624633789062
id_02,id_00,id_00/abnormal/00000153.wav,1,9.999725341796875
id_02,id_00,id_00/abnormal/00000155.wav,1,9.220315933227539
id_02,id_00,id_00/abnormal/00000156.wav,1,10.966656684875488
id_02,id_00,id_00/abnormal/00000158.wav,1,20.14589500427246
id_02,id_00,id_00/abnormal/00000159.wav,1,18.414554595947266
id_02,id_00,id_00/abnormal/00000160.wav,1,9.606026649475098
id_02,id_00,id_00/abnormal/00000162.wav,1,7.3622589111328125
id_02,id_00,id_00/abnormal/00000164.wav,1,9.634783744812012
id_02,id_00,id_00/abnormal/00000165.wav,1,7.557259559631348
id_02,id_00,id_00/abnormal/00000166.wav,1,10.879942893981934
id_02,id_00,id_00/abnormal/00000167.wav,1,22.336402893066406
id_02,id_00,id_00/abnormal/00000169.wav,1,8.737349510192871
id_02,id_00,id_00/abnormal/00000170.wav,1,10.507451057434082
id_02,id_00,id_00/abnormal/00000171.wav,1,9.403541564941406
id_02,id_00,id_00/abnormal/00000172.wav,1,8.432272911071777
id_02,id_00,id_00/abnormal/00000175.wav,1,9.757739067077637
id_02,id_00,id_00/abnormal/00000176.wav,1,10.770885467529297
id_02,id_00,id_00/abnormal/00000177.wav,1,13.632948875427246
id_02,id_00,id_00/abnormal/00000179.wav,1,19.90260124206543
id_02,id_00,id_00/abnormal/00000180.wav,1,8.259309768676758
id_02,id_00,id_00/abnormal/00000181.wav,1,8.234922409057617
id_02,id_00,id_00/abnormal/00000182.wav,1,10.333938598632812
id_02,id_00,id_00/abnormal/00000183.wav,1,22.044788360595703
id_02,id_00,id_00/abnormal/00000184.wav,1,16.45199203491211
id_02,id_00,id_00/abnormal/00000185.wav,1,13.536335945129395
id_02,id_00,id_00/abnormal/00000186.wav,1,10.032319068908691
id_02,id_00,id_00/abnormal/00000187.wav,1,18.46930694580078
id_02,id_00,id_00/abnormal/00000189.wav,1,11.59752082824707
id_02,id_00,id_00/abnormal/00000190.wav,1,7.1199727058410645
id_02,id_00,id_00/abnormal/00000191.wav,1,10.542417526245117
id_02,id_00,id_00/abnormal/00000192.wav,1,10.477049827575684
id_02,id_00,id_00/abnormal/00000194.wav,1,10.163825035095215
id_02,id_00,id_00/abnormal/00000195.wav,1,7.977834224700928
id_02,id_00,id_00/abnormal/00000196.wav,1,25.194900512695312
id_02,id_00,id_00/abnormal/00000197.wav,1,23.43777847290039
id_02,id_00,id_00/abnormal/00000198.wav,1,9.517112731933594
id_02,id_00,id_00/abnormal/00000200.wav,1,9.446781158447266
id_02,id_00,id_00/abnormal/00000201.wav,1,9.687944412231445
id_02,id_00,id_00/abnormal/00000203.wav,1,7.486459732055664
id_02,id_00,id_00/abnormal/00000204.wav,1,8.732308387756348
id_02,id_00,id_00/abnormal/00000205.wav,1,18.748701095581055
id_02,id_00,id_00/abnormal/00000206.wav,1,7.1578216552734375
id_02,id_00,id_00/abnormal/00000207.wav,1,8.054580688476562
id_02,id_00,id_00/abnormal/00000208.wav,1,6.888927936553955
id_02,id_00,id_00/abnormal/00000209.wav,1,7.347694396972656
id_02,id_00,id_00/abnormal/00000210.wav,1,9.427867889404297
id_02,id_00,id_00/abnormal/00000211.wav,1,12.611004829406738
id_02,id_00,id_00/abnormal/00000213.wav,1,8.37332534790039
id_02,id_00,id_00/abnormal/00000214.wav,1,10.590065002441406
id_02,id_00,id_00/abnormal/00000216.wav,1,7.688416957855225
id_02,id_00,id_00/abnormal/00000218.wav,1,21.840778350830078
id_02,id_00,id_00/abnormal/00000219.wav,1,11.11099624633789
id_02,id_00,id_00/abnormal/00000221.wav,1,10.016200065612793
id_02,id_00,id_00/abnormal/00000222.wav,1,22.18800926208496
id_02,id_00,id_00/abnormal/00000223.wav,1,10.086368560791016
id_02,id_00,id_00/abnormal/00000224.wav,1,8.473981857299805
id_02,id_00,id_00/abnormal/00000225.wav,1,12.259832382202148
id_02,id_00,id_00/abnormal/00000226.wav,1,10.593864440917969
id_02,id_00,id_00/abnormal/00000227.wav,1,7.769588470458984
id_02,id_00,id_00/abnormal/00000228.wav,1,21.806798934936523
id_02,id_00,id_00/abnormal/00000229.wav,1,8.693177223205566
id_02,id_00,id_00/abnormal/00000230.wav,1,7.531909942626953
id_02,id_00,id_00/abnormal/00000231.wav,1,9.006217956542969
id_02,id_00,id_00/abnormal/00000232.wav,1,10.582916259765625
id_02,id_00,id_00/abnormal/00000233.wav,1,10.66079044342041
id_02,id_00,id_00/abnormal/00000234.wav,1,21.17780113220215
id_02,id_00,id_00/abnormal/00000235.wav,1,11.94543743133545
id_02,id_00,id_00/abnormal/00000236.wav,1,9.578543663024902
id_02,id_00,id_00/abnormal/00000238.wav,1,10.087055206298828
id_02,id_00,id_00/abnormal/00000239.wav,1,20.600309371948242
id_02,id_00,id_00/abnormal/00000240.wav,1,16.46831703186035
id_02,id_00,id_00/abnormal/00000241.wav,1,21.00509262084961
id_02,id_00,id_00/abnormal/00000242.wav,1,9.655167579650879
id_02,id_00,id_00/abnormal/00000243.wav,1,7.039107799530029
id_02,id_00,id_00/abnormal/00000244.wav,1,20.772008895874023
id_02,id_00,id_00/abnormal/00000247.wav,1,8.828276634216309
id_02,id_00,id_00/abnormal/00000248.wav,1,14.145641326904297
id_02,id_00,id_00/abnormal/00000250.wav,1,9.592975616455078
id_02,id_00,id_00/abnormal/00000251.wav,1,24.044458389282227
id_02,id_00,id_00/abnormal/00000252.wav,1,21.131099700927734
id_02,id_00,id_00/abnormal/00000253.wav,1,21.220703125
id_02,id_00,id_00/abnormal/00000254.wav,1,9.378631591796875
id_02,id_00,id_00/abnormal/00000255.wav,1,23.126638412475586
id_02,id_00,id_00/abnormal/00000256.wav,1,10.738709449768066
id_02,id_00,id_00/abnormal/00000259.wav,1,16.416183471679688
id_02,id_00,id_00/abnormal/00000260.wav,1,11.09073257446289
id_02,id_00,id_00/abnormal/00000261.wav,1,7.715200901031494
id_02,id_00,id_00/abnormal/00000262.wav,1,23.815013885498047
id_02,id_00,id_00/abnormal/00000263.wav,1,20.62706184387207
id_02,id_00,id_00/abnormal/00000264.wav,1,15.544342041015625
id_02,id_00,id_00/abnormal/00000265.wav,1,10.459430694580078
id_02,id_00,id_00/abnormal/00000266.wav,1,8.476438522338867
id_02,id_00,id_00/abnormal/00000267.wav,1,10.493483543395996
id_02,id_00,id_00/abnormal/00000268.wav,1,7.8527936935424805
id_02,id_00,id_00/abnormal/00000269.wav,1,22.622600555419922
id_02,id_00,id_00/abnormal/00000270.wav,1,11.117082595825195
id_02,id_00,id_00/abnormal/00000272.wav,1,18.093917846679688
id_02,id_00,id_00/abnormal/00000273.wav,1,18.479616165161133
id_02,id_00,id_00/abnormal/00000274.wav,1,9.561347961425781
id_02,id_00,id_00/abnormal/00000275.wav,1,7.917446136474609
id_02,id_00,id_00/abnormal/00000276.wav,1,22.222726821899414
id_02,id_00,id_00/abnormal/00000277.wav,1,9.369855880737305
id_02,id_00,id_00/abnormal/00000278.wav,1,8.194920539855957
id_02,id_00,id_00/abnormal/00000279.wav,1,21.800928115844727
id_02,id_00,id_00/abnormal/00000280.wav,1,9.758219718933105
id_02,id_00,id_00/abnormal/00000281.wav,1,9.804753303527832
id_02,id_00,id_00/abnormal/00000282.wav,1,22.46535301208496
id_02,id_00,id_00/abnormal/00000283.wav,1,10.68563461303711
id_02,id_00,id_00/abnormal/00000284.wav,1,10.625386238098145
id_02,id_00,id_00/abnormal/00000285.wav,1,10.61050796508789
id_02,id_00,id_00/abnormal/00000286.wav,1,9.98622989654541
id_02,id_00,id_00/abnormal/00000287.wav,1,21.435413360595703
id_02,id_00,id_00/abnormal/00000288.wav,1,9.184041023254395
id_02,id_00,id_00/abnormal/00000289.wav,1,18.449914932250977
id_02,id_00,id_00/abnormal/00000290.wav,1,18.199872970581055
id_02,id_00,id_00/abnormal/00000292.wav,1,8.883891105651855
id_02,id_00,id_00/abnormal/00000293.wav,1,19.684608459472656
id_02,id_00,id_00/abnormal/00000294.wav,1,8.56303596496582
id_02,id_00,id_00/abnormal/00000295.wav,1,18.548675537109375
id_02,id_00,id_00/abnormal/00000296.wav,1,8.976297378540039
id_02,id_00,id_00/abnormal/00000298.wav,1,11.784151077270508
id_02,id_00,id_00/abnormal/00000300.wav,1,17.935361862182617
id_02,id_00,id_00/abnormal/00000301.wav,1,8.712922096252441
id_02,id_00,id_00/abnormal/00000302.wav,1,21.91716766357422
id_02,id_00,id_00/abnormal/00000303.wav,1,7.926630020141602
id_02,id_00,id_00/abnormal/00000304.wav,1,8.553528785705566
id_02,id_00,id_00/abnormal/00000306.wav,1,9.360580444335938
id_02,id_00,id_00/abnormal/00000308.wav,1,8.557572364807129
id_02,id_00,id_00/abnormal/00000309.wav,1,19.16136360168457
id_02,id_00,id_00/abnormal/00000311.wav,1,18.366771697998047
id_02,id_00,id_00/abnormal/00000313.wav,1,21.16207504272461
id_02,id_00,id_00/abnormal/00000314.wav,1,15.579668045043945
id_02,id_00,id_00/abnormal/00000316.wav,1,8.466826438903809
id_02,id_00,id_00/abnormal/00000317.wav,1,10.2876558303833
id_02,id_00,id_00/abnormal/00000318.wav,1,22.258930206298828
id_02,id_00,id_00/abnormal/00000319.wav,1,7.610297203063965
id_02,id_00,id_00/abnormal/00000320.wav,1,9.471430778503418
id_02,id_00,id_00/abnormal/00000321.wav,1,9.924504280090332
id_02,id_00,id_00/abnormal/00000322.wav,1,9.950003623962402
id_02,id_00,id_00/abnormal/00000323.wav,1,16.495397567749023
id_02,id_00,id_00/abnormal/00000324.wav,1,7.808126926422119
id_02,id_00,id_00/abnormal/00000325.wav,1,18.756227493286133
id_02,id_00,id_00/abnormal/00000327.wav,1,10.510418891906738
id_02,id_00,id_00/abnormal/00000328.wav,1,10.385148048400879
id_02,id_00,id_00/abnormal/00000329.wav,1,11.923028945922852
id_02,id_00,id_00/abnormal/00000330.wav,1,10.852821350097656
id_02,id_00,id_00/abnormal/00000331.wav,1,10.7142915725708
id_02,id_00,id_00/abnormal/00000332.wav,1,7.184372425079346
id_02,id_00,id_00/abnormal/00000333.wav,1,11.189617156982422
id_02,id_00,id_00/abnormal/00000334.wav,1,12.8404541015625
id_02,id_00,id_00/abnormal/00000337.wav,1,18.420513153076172
id_02,id_00,id_00/abnormal/00000338.wav,1,10.993534088134766
id_02,id_00,id_00/abnormal/00000339.wav,1,19.091150283813477
id_02,id_00,id_00/abnormal/00000340.wav,1,21.495342254638672
id_02,id_00,id_00/abnormal/00000341.wav,1,10.324389457702637
id_02,id_00,id_00/abnormal/00000344.wav,1,20.33176040649414
id_02,id_00,id_00/abnormal/00000345.wav,1,14.281288146972656
id_02,id_00,id_00/abnormal/00000346.wav,1,19.0217342376709
id_02,id_00,id_00/abnormal/00000347.wav,1,18.647184371948242
id_02,id_00,id_00/abnormal/00000348.wav,1,10.02235221862793
id_02,id_00,id_00/abnormal/00000349.wav,1,14.37752914428711
id_02,id_00,id_00/abnormal/00000351.wav,1,23.24961280822754
id_02,id_00,id_00/abnormal/00000352.wav,1,10.352507591247559
id_02,id_00,id_00/abnormal/00000355.wav,1,9.355072021484375
id_02,id_00,id_00/abnormal/00000357.wav,1,9.657846450805664
id_02,id_00,id_00/abnormal/00000359.wav,1,10.507352828979492
id_02,id_00,id_00/abnormal/00000360.wav,1,20.10097312927246
id_02,id_00,id_00/abnormal/00000361.wav,1,10.850521087646484
id_02,id_00,id_00/abnormal/00000362.wav,1,9.154891967773438
id_02,id_00,id_00/abnormal/00000363.wav,1,7.975952625274658
id_02,id_00,id_00/abnormal/00000364.wav,1,10.446149826049805
id_02,id_00,id_00/abnormal/00000365.wav,1,21.049177169799805
id_02,id_00,id_00/abnormal/00000367.wav,1,17.904102325439453
id_02,id_00,id_00/abnormal/00000368.wav,1,21.795421600341797
id_02,id_00,id_00/abnormal/00000371.wav,1,19.532115936279297
id_02,id_00,id_00/abnormal/00000373.wav,1,11.425057411193848
id_02,id_00,id_00/abnormal/00000374.wav,1,11.949045181274414
id_02,id_00,id_00/abnormal/00000375.wav,1,9.092385292053223
id_02,id_00,id_00/abnormal/00000377.wav,1,8.060729026794434
id_02,id_00,id_00/abnormal/00000378.wav,1,20.938312530517578
id_02,id_00,id_00/abnormal/00000379.wav,1,9.676139831542969
id_02,id_00,id_00/abnormal/00000380.wav,1,9.73880672454834
id_02,id_00,id_00/abnormal/00000382.wav,1,10.042153358459473
id_02,id_00,id_00/abnormal/00000383.wav,1,22.91766929626465
id_02,id_00,id_00/abnormal/00000384.wav,1,22.0098934173584
id_02,id_00,id_00/abnormal/00000385.wav,1,8.914011001586914
id_02,id_00,id_00/abnormal/00000389.wav,1,25.39651107788086
id_02,id_00,id_00/abnormal/00000390.wav,1,10.616975784301758
id_02,id_00,id_00/abnormal/00000391.wav,1,7.953510761260986
id_02,id_00,id_00/abnormal/00000392.wav,1,20.989912033081055
id_02,id_00,id_00/abnormal/00000393.wav,1,7.268403053283691
id_02,id_00,id_00/abnormal/00000395.wav,1,17.17804718017578
id_02,id_00,id_00/abnormal/00000396.wav,1,21.253938674926758
id_02,id_00,id_00/abnormal/00000397.wav,1,20.614700317382812
id_02,id_00,id_00/abnormal/00000398.wav,1,20.212739944458008
id_02,id_00,id_00/abnormal/00000400.wav,1,22.951478958129883
id_02,id_00,id_00/abnormal/00000402.wav,1,8.057044982910156
id_02,id_00,id_00/abnormal/00000403.wav,1,8.114441871643066
id_02,id_00,id_00/abnormal/00000404.wav,1,9.369279861450195
id_02,id_00,id_00/abnormal/00000405.wav,1,8.105639457702637
id_02,id_04,id_04/normal/00000002.wav,0,9.583887100219727
id_02,id_04,id_04/normal/00000027.wav,0,9.060654640197754
id_02,id_04,id_04/normal/00000036.wav,0,13.441160202026367
id_02,id_04,id_04/normal/00000037.wav,0,8.588602066040039
id_02,id_04,id_04/normal/00000050.wav,0,9.337425231933594
id_02,id_04,id_04/normal/00000052.wav,0,9.038683891296387
id_02,id_04,id_04/normal/00000058.wav,0,12.417996406555176
id_02,id_04,id_04/normal/00000071.wav,0,10.009925842285156
id_02,id_04,id_04/normal/00000080.wav,0,9.476655960083008
id_02,id_04,id_04/normal/00000084.wav,0,10.156373977661133
id_02,id_04,id_04/normal/00000095.wav,0,8.992863655090332
id_02,id_04,id_04/normal/00000104.wav,0,8.276938438415527
id_02,id_04,id_04/normal/00000105.wav,0,9.97179126739502
id_02,id_04,id_04/normal/00000119.wav,0,7.8498125076293945
id_02,id_04,id_04/normal/00000122.wav,0,11.122148513793945
id_02,id_04,id_04/normal/00000123.wav,0,11.5645170211792
id_02,id_04,id_04/normal/00000140.wav,0,8.367619514465332
id_02,id_04,id_04/normal/00000151.wav,0,8.498929023742676
id_02,id_04,id_04/normal/00000152.wav,0,8.847105026245117
id_02,id_04,id_04/normal/00000159.wav,0,8.292186737060547
id_02,id_04,id_04/normal/00000172.wav,0,8.982477188110352
id_02,id_04,id_04/normal/00000174.wav,0,9.0906343460083
id_02,id_04,id_04/normal/00000187.wav,0,8.469132423400879
id_02,id_04,id_04/normal/00000191.wav,0,14.39554500579834
id_02,id_04,id_04/normal/00000192.wav,0,8.491636276245117
id_02,id_04,id_04/normal/00000207.wav,0,12.775810241699219
id_02,id_04,id_04/normal/00000210.wav,0,11.008119583129883
id_02,id_04,id_04/normal/00000213.wav,0,11.777064323425293
id_02,id_04,id_04/normal/00000216.wav,0,10.781268119812012
id_02,id_04,id_04/normal/00000221.wav,0,10.980879783630371
id_02,id_04,id_04/normal/00000228.wav,0,9.133798599243164
id_02,id_04,id_04/normal/00000230.wav,0,10.444188117980957
id_02,id_04,id_04/normal/00000240.wav,0,9.663588523864746
id_02,id_04,id_04/normal/00000257.wav,0,8.689705848693848
id_02,id_04,id_04/normal/00000260.wav,0,8.510129928588867
id_02,id_04,id_04/normal/00000261.wav,0,9.23108959197998
id_02,id_04,id_04/normal/00000264.wav,0,8.508535385131836
id_02,id_04,id_04/normal/00000265.wav,0,10.491299629211426
id_02,id_04,id_04/normal/00000269.wav,0,9.541288375854492
id_02,id_04,id_04/normal/00000270.wav,0,12.673437118530273
id_02,id_04,id_04/normal/00000272.wav,0,9.686456680297852
id_02,id_04,id_04/normal/00000278.wav,0,11.077628135681152
id_02,id_04,id_04/normal/00000284.wav,0,12.210916519165039
id_02,id_04,id_04/normal/00000285.wav,0,9.956900596618652
id_02,id_04,id_04/normal/00000286.wav,0,8.749239921569824
id_02,id_04,id_04/normal/00000290.wav,0,9.220526695251465
id_02,id_04,id_04/normal/00000311.wav,0,10.484353065490723
id_02,id_04,id_04/normal/00000324.wav,0,9.202288627624512
id_02,id_04,id_04/normal/00000326.wav,0,10.745931625366211
id_02,id_04,id_04/normal/00000327.wav,0,8.628241539001465
id_02,id_04,id_04/normal/00000330.wav,0,10.152329444885254
id_02,id_04,id_04/normal/00000331.wav,0,10.09653377532959
id_02,id_04,id_04/normal/00000356.wav,0,8.378661155700684
id_02,id_04,id_04/normal/00000358.wav,0,8.962719917297363
id_02,id_04,id_04/normal/00000367.wav,0,9.863839149475098
id_02,id_04,id_04/normal/00000368.wav,0,10.463380813598633
id_02,id_04,id_04/normal/00000370.wav,0,10.287970542907715
id_02,id_04,id_04/normal/00000372.wav,0,9.771409034729004
id_02,id_04,id_04/normal/00000375.wav,0,8.848986625671387
id_02,id_04,id_04/normal/00000394.wav,0,10.628021240234375
id_02,id_04,id_04/normal/00000397.wav,0,10.534257888793945
id_02,id_04,id_04/normal/00000410.wav,0,10.88998031616211
id_02,id_04,id_04/normal/00000412.wav,0,10.0462007522583
id_02,id_04,id_04/normal/00000415.wav,0,11.689689636230469
id_02,id_04,id_04/normal/00000418.wav,0,7.7272467613220215
id_02,id_04,id_04/normal/00000427.wav,0,12.976035118103027
id_02,id_04,id_04/normal/00000440.wav,0,8.545963287353516
id_02,id_04,id_04/normal/00000443.wav,0,8.831496238708496
id_02,id_04,id_04/normal/00000453.wav,0,10.695097923278809
id_02,id_04,id_04/normal/00000455.wav,0,8.631030082702637
id_02,id_04,id_04/normal/00000467.wav,0,10.351290702819824
id_02,id_04,id_04/normal/00000468.wav,0,8.741536140441895
id_02,id_04,id_04/normal/00000471.wav,0,8.862835884094238
id_02,id_04,id_04/normal/00000481.wav,0,9.619833946228027
id_02,id_04,id_04/normal/00000486.wav,0,9.588382720947266
id_02,id_04,id_04/normal/00000488.wav,0,11.115986824035645
id_02,id_04,id_04/normal/00000496.wav,0,9.78921890258789
id_02,id_04,id_04/normal/00000497.wav,0,11.537109375
id_02,id_04,id_04/normal/00000502.wav,0,9.751787185668945
id_02,id_04,id_04/normal/00000505.wav,0,10.959209442138672
id_02,id_04,id_04/normal/00000516.wav,0,9.083380699157715
id_02,id_04,id_04/normal/00000526.wav,0,9.98336410522461
id_02,id_04,id_04/normal/00000545.wav,0,8.678604125976562
id_02,id_04,id_04/normal/00000551.wav,0,10.586535453796387
id_02,id_04,id_04/normal/00000552.wav,0,8.753683090209961
id_02,id_04,id_04/normal/00000557.wav,0,8.84411334991455
id_02,id_04,id_04/normal/00000563.wav,0,9.499580383300781
id_02,id_04,id_04/normal/00000577.wav,0,8.63135051727295
id_02,id_04,id_04/normal/00000578.wav,0,7.9021897315979
id_02,id_04,id_04/normal/00000580.wav,0,11.462596893310547
id_02,id_04,id_04/normal/00000584.wav,0,10.562968254089355
id_02,id_04,id_04/normal/00000585.wav,0,8.127241134643555
id_02,id_04,id_04/normal/00000593.wav,0,8.8858642578125
id_02,id_04,id_04/normal/00000596.wav,0,10.493329048156738
id_02,id_04,id_04/normal/00000607.wav,0,11.882015228271484
id_02,id_04,id_04/normal/00000612.wav,0,8.819045066833496
id_02,id_04,id_04/normal/00000631.wav,0,8.173150062561035
id_02,id_04,id_04/normal/00000634.wav,0,9.944595336914062
id_02,id_04,id_04/normal/00000635.wav,0,9.157641410827637
id_02,id_04,id_04/normal/00000642.wav,0,10.197676658630371
id_02,id_04,id_04/normal/00000648.wav,0,9.92672061920166
id_02,id_04,id_04/normal/00000654.wav,0,8.845311164855957
id_02,id_04,id_04/normal/00000659.wav,0,8.35784912109375
id_02,id_04,id_04/normal/00000666.wav,0,10.02977466583252
id_02,id_04,id_04/normal/00000668.wav,0,9.747476577758789
id_02,id_04,id_04/normal/00000670.wav,0,9.683393478393555
id_02,id_04,id_04/normal/00000678.wav,0,8.630084037780762
id_02,id_04,id_04/normal/00000685.wav,0,8.740530014038086
id_02,id_04,id_04/normal/00000688.wav,0,9.01533317565918
id_02,id_04,id_04/normal/00000697.wav,0,9.878299713134766
id_02,id_04,id_04/normal/00000703.wav,0,9.58319091796875
id_02,id_04,id_04/normal/00000709.wav,0,10.580002784729004
id_02,id_04,id_04/normal/00000710.wav,0,10.32789134979248
id_02,id_04,id_04/normal/00000711.wav,0,8.604453086853027
id_02,id_04,id_04/normal/00000729.wav,0,9.346416473388672
id_02,id_04,id_04/normal/00000740.wav,0,10.900818824768066
id_02,id_04,id_04/normal/00000741.wav,0,11.732025146484375
id_02,id_04,id_04/normal/00000742.wav,0,7.5987396240234375
id_02,id_04,id_04/normal/00000748.wav,0,11.00538444519043
id_02,id_04,id_04/normal/00000752.wav,0,8.884881019592285
id_02,id_04,id_04/normal/00000757.wav,0,12.592280387878418
id_02,id_04,id_04/normal/00000765.wav,0,8.1448392868042
id_02,id_04,id_04/normal/00000782.wav,0,11.801969528198242
id_02,id_04,id_04/normal/00000790.wav,0,10.016105651855469
id_02,id_04,id_04/normal/00000796.wav,0,11.137251853942871
id_02,id_04,id_04/normal/00000800.wav,0,12.337969779968262
id_02,id_04,id_04/normal/00000802.wav,0,8.567399024963379
id_02,id_04,id_04/normal/00000806.wav,0,11.36966609954834
id_02,id_04,id_04/normal/00000810.wav,0,9.003198623657227
id_02,id_04,id_04/normal/00000820.wav,0,9.810972213745117
id_02,id_04,id_04/normal/00000822.wav,0,10.011829376220703
id_02,id_04,id_04/normal/00000824.wav,0,9.84349250793457
id_02,id_04,id_04/normal/00000831.wav,0,16.044811248779297
id_02,id_04,id_04/normal/00000844.wav,0,8.53004264831543
id_02,id_04,id_04/normal/00000852.wav,0,11.105246543884277
id_02,id_04,id_04/normal/00000853.wav,0,10.605207443237305
id_02,id_04,id_04/normal/00000867.wav,0,8.536749839782715
id_02,id_04,id_04/normal/00000868.wav,0,12.80888843536377
id_02,id_04,id_04/normal/00000878.wav,0,8.689565658569336
id_02,id_04,id_04/normal/00000881.wav,0,11.374202728271484
id_02,id_04,id_04/normal/00000884.wav,0,8.92786693572998
id_02,id_04,id_04/normal/00000889.wav,0,8.181757926940918
id_02,id_04,id_04/normal/00000897.wav,0,9.427305221557617
id_02,id_04,id_04/normal/00000898.wav,0,8.327021598815918
id_02,id_04,id_04/normal/00000915.wav,0,12.258963584899902
id_02,id_04,id_04/normal/00000920.wav,0,9.461625099182129
id_02,id_04,id_04/normal/00000922.wav,0,10.850486755371094
id_02,id_04,id_04/normal/00000923.wav,0,10.666158676147461
id_02,id_04,id_04/normal/00000926.wav,0,8.896120071411133
id_02,id_04,id_04/normal/00000936.wav,0,9.818889617919922
id_02,id_04,id_04/normal/00000948.wav,0,9.6691312789917
id_02,id_04,id_04/normal/00000953.wav,0,9.305994987487793
id_02,id_04,id_04/normal/00000968.wav,0,8.202402114868164
id_02,id_04,id_04/normal/00000971.wav,0,13.105831146240234
id_02,id_04,id_04/normal/00000974.wav,0,13.215453147888184
id_02,id_04,id_04/normal/00000989.wav,0,9.79714584350586
id_02,id_04,id_04/normal/00000990.wav,0,8.519672393798828
id_02,id_04,id_04/normal/00001014.wav,0,10.861034393310547
id_02,id_04,id_04/normal/00001020.wav,0,8.598356246948242
id_02,id_04,id_04/normal/00001031.wav,0,10.34852409362793
id_02,id_04,id_04/abnormal/00000001.wav,1,22.140310287475586
id_02,id_04,id_04/abnormal/00000002.wav,1,20.314241409301758
id_02,id_04,id_04/abnormal/00000003.wav,1,13.358808517456055
id_02,id_04,id_04/abnormal/00000005.wav,1,17.652368545532227
id_02,id_04,id_04/abnormal/00000006.wav,1,10.660858154296875
id_02,id_04,id_04/abnormal/00000007.wav,1,13.936222076416016
id_02,id_04,id_04/abnormal/00000008.wav,1,21.80472755432129
id_02,id_04,id_04/abnormal/00000009.wav,1,22.205429077148438
id_02,id_04,id_04/abnormal/00000010.wav,1,12.53316593170166
id_02,id_04,id_04/abnormal/00000011.wav,1,15.476927757263184
id_02,id_04,id_04/abnormal/00000012.wav,1,11.220041275024414
id_02,id_04,id_04/abnormal/00000013.wav,1,19.12314224243164
id_02,id_04,id_04/abnormal/00000014.wav,1,16.201416015625
id_02,id_04,id_04/abnormal/00000015.wav,1,14.383526802062988
id_02,id_04,id_04/abnormal/00000016.wav,1,16.736568450927734
id_02,id_04,id_04/abnormal/00000017.wav,1,11.202141761779785
id_02,id_04,id_04/abnormal/00000018.wav,1,14.68201732635498
id_02,id_04,id_04/abnormal/00000019.wav,1,10.362238883972168
id_02,id_04,id_04/abnormal/00000020.wav,1,18.62166404724121
id_02,id_04,id_04/abnormal/00000021.wav,1,21.321813583374023
id_02,id_04,id_04/abnormal/00000022.wav,1,16.924558639526367
id_02,id_04,id_04/abnormal/00000023.wav,1,13.580443382263184
id_02,id_04,id_04/abnormal/00000024.wav,1,18.03723907470703
id_02,id_04,id_04/abnormal/00000025.wav,1,16.909095764160156
id_02,id_04,id_04/abnormal/00000026.wav,1,17.362037658691406
id_02,id_04,id_04/abnormal/00000027.wav,1,13.055049896240234
id_02,id_04,id_04/abnormal/00000028.wav,1,18.442594528198242
id_02,id_04,id_04/abnormal/00000029.wav,1,8.863826751708984
id_02,id_04,id_04/abnormal/00000030.wav,1,13.329249382019043
id_02,id_04,id_04/abnormal/00000031.wav,1,15.129131317138672
id_02,id_04,id_04/abnormal/00000033.wav,1,21.951065063476562
id_02,id_04,id_04/abnormal/00000034.wav,1,13.910258293151855
id_02,id_04,id_04/abnormal/00000035.wav,1,14.719788551330566
id_02,id_04,id_04/abnormal/00000036.wav,1,14.00559139251709
id_02,id_04,id_04/abnormal/00000037.wav,1,10.726532936096191
id_02,id_04,id_04/abnormal/00000038.wav,1,15.030084609985352
id_02,id_04,id_04/abnormal/00000039.wav,1,17.482650756835938
id_02,id_04,id_04/abnormal/00000040.wav,1,12.618555068969727
id_02,id_04,id_04/abnormal/00000041.wav,1,11.438858032226562
id_02,id_04,id_04/abnormal/00000042.wav,1,14.963876724243164
id_02,id_04,id_04/abnormal/00000043.wav,1,12.32329273223877
id_02,id_04,id_04/abnormal/00000044.wav,1,20.19635009765625
id_02,id_04,id_04/abnormal/00000045.wav,1,22.389596939086914
id_02,id_04,id_04/abnormal/00000046.wav,1,19.730737686157227
id_02,id_04,id_04/abnormal/00000049.wav,1,8.84263801574707
id_02,id_04,id_04/abnormal/00000050.wav,1,12.484724998474121
id_02,id_04,id_04/abnormal/00000051.wav,1,13.704171180725098
id_02,id_04,id_04/abnormal/00000052.wav,1,11.761313438415527
id_02,id_04,id_04/abnormal/00000053.wav,1,14.503026962280273
id_02,id_04,id_04/abnormal/00000054.wav,1,12.147193908691406
id_02,id_04,id_04/abnormal/00000056.wav,1,12.437914848327637
id_02,id_04,id_04/abnormal/00000057.wav,1,20.19355010986328
id_02,id_04,id_04/abnormal/00000058.wav,1,20.773494720458984
id_02,id_04,id_04/abnormal/00000059.wav,1,21.052946090698242
id_02,id_04,id_04/abnormal/00000060.wav,1,14.013688087463379
id_02,id_04,id_04/abnormal/00000061.wav,1,19.42280387878418
id_02,id_04,id_04/abnormal/00000062.wav,1,15.297492980957031
id_02,id_04,id_04/abnormal/00000063.wav,1,16.44625473022461
id_02,id_04,id_04/abnormal/00000064.wav,1,17.262435913085938
id_02,id_04,id_04/abnormal/00000065.wav,1,14.01166820526123
id_02,id_04,id_04/abnormal/00000066.wav,1,17.67839241027832
id_02,id_04,id_04/abnormal/00000067.wav,1,13.84063720703125
id_02,id_04,id_04/abnormal/00000068.wav,1,12.031136512756348
id_02,id_04,id_04/abnormal/00000069.wav,1,12.476003646850586
id_02,id_04,id_04/abnormal/00000070.wav,1,20.753114700317383
id_02,id_04,id_04/abnormal/00000071.wav,1,17.729904174804688
id_02,id_04,id_04/abnormal/00000072.wav,1,21.77982521057129
id_02,id_04,id_04/abnormal/00000073.wav,1,21.654733657836914
id_02,id_04,id_04/abnormal/00000074.wav,1,22.39569854736328
id_02,id_04,id_04/abnormal/00000075.wav,1,20.548864364624023
id_02,id_04,id_04/abnormal/00000076.wav,1,11.899435043334961
id_02,id_04,id_04/abnormal/00000077.wav,1,20.017175674438477
id_02,id_04,id_04/abnormal/00000078.wav,1,22.919343948364258
id_02,id_04,id_04/abnormal/00000079.wav,1,10.181127548217773
id_02,id_04,id_04/abnormal/00000080.wav,1,19.00119400024414
id_02,id_04,id_04/abnormal/00000081.wav,1,18.04303550720215
id_02,id_04,id_04/abnormal/00000082.wav,1,16.678386688232422
id_02,id_04,id_04/abnormal/00000083.wav,1,16.930055618286133
id_02,id_04,id_04/abnormal/00000084.wav,1,19.441884994506836
id_02,id_04,id_04/abnormal/00000085.wav,1,20.805227279663086
id_02,id_04,id_04/abnormal/00000086.wav,1,12.966683387756348
id_02,id_04,id_04/abnormal/00000087.wav,1,20.902790069580078
id_02,id_04,id_04/abnormal/00000088.wav,1,17.97427749633789
id_02,id_04,id_04/abnormal/00000089.wav,1,14.460350036621094
id_02,id_04,id_04/abnormal/00000090.wav,1,13.096417427062988
id_02,id_04,id_04/abnormal/00000091.wav,1,13.392748832702637
id_02,id_04,id_04/abnormal/00000092.wav,1,11.324281692504883
id_02,id_04,id_04/abnormal/00000093.wav,1,14.29759407043457
id_02,id_04,id_04/abnormal/00000094.wav,1,19.328920364379883
id_02,id_04,id_04/abnormal/00000095.wav,1,12.03725814819336
id_02,id_04,id_04/abnormal/00000096.wav,1,10.2761812210083
id_02,id_04,id_04/abnormal/00000097.wav,1,14.321608543395996
id_02,id_04,id_04/abnormal/00000098.wav,1,16.802881240844727
id_02,id_04,id_04/abnormal/00000099.wav,1,18.12190818786621
id_02,id_04,id_04/abnormal/00000100.wav,1,19.174388885498047
id_02,id_04,id_04/abnormal/00000101.wav,1,12.68198299407959
id_02,id_04,id_04/abnormal/00000102.wav,1,16.7224063873291
id_02,id_04,id_04/abnormal/00000103.wav,1,10.052525520324707
id_02,id_04,id_04/abnormal/00000104.wav,1,12.525293350219727
id_02,id_04,id_04/abnormal/00000106.wav,1,14.495674133300781
id_02,id_04,id_04/abnormal/00000107.wav,1,13.627299308776855
id_02,id_04,id_04/abnormal/00000108.wav,1,13.295820236206055
id_02,id_04,id_04/abnormal/00000109.wav,1,17.42472267150879
id_02,id_04,id_04/abnormal/00000110.wav,1,22.8461971282959
id_02,id_04,id_04/abnormal/00000111.wav,1,9.916959762573242
id_02,id_04,id_04/abnormal/00000112.wav,1,7.364472389221191
id_02,id_04,id_04/abnormal/00000113.wav,1,8.754449844360352
id_02,id_04,id_04/abnormal/00000114.wav,1,9.26466178894043
id_02,id_04,id_04/abnormal/00000115.wav,1,10.748984336853027
id_02,id_04,id_04/abnormal/00000116.wav,1,7.219203948974609
id_02,id_04,id_04/abnormal/00000117.wav,1,7.213833332061768
id_02,id_04,id_04/abnormal/00000118.wav,1,7.535079002380371
id_02,id_04,id_04/abnormal/00000119.wav,1,9.731364250183105
id_02,id_04,id_04/abnormal/00000120.wav,1,8.14825439453125
id_02,id_04,id_04/abnormal/00000121.wav,1,7.078498840332031
id_02,id_04,id_04/abnormal/00000122.wav,1,8.834356307983398
id_02,id_04,id_04/abnormal/00000123.wav,1,6.996952056884766
id_02,id_04,id_04/abnormal/00000124.wav,1,10.324074745178223
id_02,id_04,id_04/abnormal/00000125.wav,1,7.276897430419922
id_02,id_04,id_04/abnormal/00000126.wav,1,7.8621625900268555
id_02,id_04,id_04/abnormal/00000127.wav,1,9.241118431091309
id_02,id_04,id_04/abnormal/00000128.wav,1,10.404562950134277
id_02,id_04,id_04/abnormal/00000129.wav,1,7.441906452178955
id_02,id_04,id_04/abnormal/00000130.wav,1,7.359840393066406
id_02,id_04,id_04/abnormal/00000132.wav,1,8.556188583374023
id_02,id_04,id_04/abnormal/00000133.wav,1,10.11255168914795
id_02,id_04,id_04/abnormal/00000134.wav,1,9.961766242980957
id_02,id_04,id_04/abnormal/00000135.wav,1,7.377724647521973
id_02,id_04,id_04/abnormal/00000137.wav,1,7.341577529907227
id_02,id_04,id_04/abnormal/00000138.wav,1,7.267985820770264
id_02,id_04,id_04/abnormal/00000140.wav,1,7.80948543548584
id_02,id_04,id_04/abnormal/00000141.wav,1,7.204823970794678
id_02,id_04,id_04/abnormal/00000142.wav,1,11.486741065979004
id_02,id_04,id_04/abnormal/00000143.wav,1,10.195061683654785
id_02,id_04,id_04/abnormal/00000144.wav,1,9.250791549682617
id_02,id_04,id_04/abnormal/00000145.wav,1,10.317658424377441
id_02,id_04,id_04/abnormal/00000146.wav,1,7.297120094299316
id_02,id_04,id_04/abnormal/00000147.wav,1,7.312062740325928
id_02,id_04,id_04/abnormal/00000148.wav,1,7.083926200866699
id_02,id_04,id_04/abnormal/00000150.wav,1,9.065797805786133
id_02,id_04,id_04/abnormal/00000151.wav,1,7.4293742179870605
id_02,id_04,id_04/abnormal/00000152.wav,1,7.273094654083252
id_02,id_04,id_04/abnormal/00000153.wav,1,10.742563247680664
id_02,id_04,id_04/abnormal/00000154.wav,1,7.834940433502197
id_02,id_04,id_04/abnormal/00000155.wav,1,11.198090553283691
id_02,id_04,id_04/abnormal/00000156.wav,1,7.009895324707031
id_02,id_04,id_04/abnormal/00000157.wav,1,6.956866264343262
id_02,id_04,id_04/abnormal/00000158.wav,1,7.244035720825195
id_02,id_04,id_04/abnormal/00000159.wav,1,9.932053565979004
id_02,id_04,id_04/abnormal/00000160.wav,1,9.474630355834961
id_02,id_04,id_04/abnormal/00000161.wav,1,9.399308204650879
id_02,id_04,id_04/abnormal/00000162.wav,1,7.302066802978516
id_02,id_04,id_04/abnormal/00000163.wav,1,7.87540340423584
id_02,id_04,id_04/abnormal/00000164.wav,1,7.561185359954834
id_02,id_04,id_04/abnormal/00000165.wav,1,6.7849273681640625
id_02,id_04,id_04/abnormal/00000167.wav,1,10.0280179977417
id_02,id_04,id_04/abnormal/00000168.wav,1,7.671521186828613
id_02,id_04,id_04/abnormal/00000169.wav,1,10.722457885742188
id_02,id_04,id_04/abnormal/00000170.wav,1,8.382062911987305
id_02,id_04,id_04/abnormal/00000171.wav,1,7.293686389923096
id_02,id_04,id_04/abnormal/00000172.wav,1,7.351949691772461
id_02,id_04,id_04/abnormal/00000173.wav,1,7.650425434112549
id_02,id_04,id_04/abnormal/00000174.wav,1,8.257155418395996
id_02,id_04,id_04/abnormal/00000175.wav,1,10.193459510803223
id_02,id_04,id_04/abnormal/00000176.wav,1,7.454071044921875
id_02,id_04,id_04/abnormal/00000177.wav,1,10.347816467285156
id_02,id_04,id_04/abnormal/00000178.wav,1,9.027867317199707
id_02,id_04,id_04/abnormal/00000179.wav,1,7.763986587524414
id_02,id_04,id_04/abnormal/00000180.wav,1,9.309566497802734
id_02,id_04,id_04/abnormal/00000181.wav,1,9.576751708984375
id_02,id_04,id_04/abnormal/00000182.wav,1,8.29641342163086
id_02,id_04,id_04/abnormal/00000184.wav,1,9.932982444763184
id_02,id_04,id_04/abnormal/00000185.wav,1,9.578434944152832
id_02,id_04,id_04/abnormal/00000186.wav,1,8.06247615814209
id_02,id_04,id_04/abnormal/00000187.wav,1,6.825300693511963
id_02,id_04,id_04/abnormal/00000188.wav,1,7.850568771362305
id_02,id_04,id_04/abnormal/00000189.wav,1,7.923303604125977
id_02,id_04,id_04/abnormal/00000190.wav,1,7.368827819824219
id_02,id_04,id_04/abnormal/00000191.wav,1,9.22103214263916
id_02,id_04,id_04/abnormal/00000192.wav,1,7.313810348510742
id_02,id_04,id_04/abnormal/00000193.wav,1,7.4170050621032715
id_02,id_04,id_04/abnormal/00000194.wav,1,8.753986358642578
id_02,id_04,id_04/abnormal/00000195.wav,1,9.948895454406738
id_02,id_04,id_04/abnormal/00000196.wav,1,9.090433120727539
id_02,id_04,id_04/abnormal/00000197.wav,1,7.781571865081787
id_02,id_04,id_04/abnormal/00000198.wav,1,8.7085599899292
id_02,id_04,id_04/abnormal/00000199.wav,1,8.506631851196289
id_02,id_04,id_04/abnormal/00000200.wav,1,10.63136100769043
id_02,id_04,id_04/abnormal/00000201.wav,1,8.475040435791016
id_02,id_04,id_04/abnormal/00000202.wav,1,7.391446113586426
id_02,id_04,id_04/abnormal/00000203.wav,1,9.579710006713867
id_02,id_04,id_04/abnormal/00000205.wav,1,9.187556266784668
id_02,id_04,id_04/abnormal/00000206.wav,1,7.8691020011901855
id_02,id_04,id_04/abnormal/00000207.wav,1,7.958608627319336
id_02,id_04,id_04/abnormal/00000208.wav,1,7.413608551025391
id_02,id_04,id_04/abnormal/00000209.wav,1,7.22840690612793
id_02,id_04,id_04/abnormal/00000210.wav,1,10.602579116821289
id_02,id_04,id_04/abnormal/00000211.wav,1,7.2681355476379395
id_02,id_04,id_04/abnormal/00000212.wav,1,10.577862739562988
id_02,id_04,id_04/abnormal/00000214.wav,1,7.3541717529296875
id_02,id_04,id_04/abnormal/00000216.wav,1,7.132025241851807
id_02,id_04,id_04/abnormal/00000217.wav,1,7.270026683807373
id_02,id_04,id_04/abnormal/00000218.wav,1,7.35807466506958
id_02,id_04,id_04/abnormal/00000219.wav,1,10.09646224975586
id_02,id_04,id_04/abnormal/00000220.wav,1,9.21267318725586
id_02,id_04,id_04/abnormal/00000221.wav,1,9.224968910217285
id_02,id_04,id_04/abnormal/00000222.wav,1,8.775226593017578
id_02,id_04,id_04/abnormal/00000223.wav,1,13.316864967346191
id_02,id_04,id_04/abnormal/00000224.wav,1,8.7454195022583
id_02,id_04,id_04/abnormal/00000225.wav,1,12.824518203735352
id_02,id_04,id_04/abnormal/00000226.wav,1,13.196345329284668
id_02,id_04,id_04/abnormal/00000227.wav,1,12.500749588012695
id_02,id_04,id_04/abnormal/00000228.wav,1,9.650032997131348
id_02,id_04,id_04/abnormal/00000229.wav,1,9.966035842895508
id_02,id_04,id_04/abnormal/00000231.wav,1,8.913317680358887
id_02,id_04,id_04/abnormal/00000232.wav,1,8.405296325683594
id_02,id_04,id_04/abnormal/00000233.wav,1,9.69764232635498
id_02,id_04,id_04/abnormal/00000234.wav,1,11.898411750793457
id_02,id_04,id_04/abnormal/00000235.wav,1,9.081330299377441
id_02,id_04,id_04/abnormal/00000237.wav,1,13.36217212677002
id_02,id_04,id_04/abnormal/00000238.wav,1,9.591647148132324
id_02,id_04,id_04/abnormal/00000239.wav,1,8.856406211853027
id_02,id_04,id_04/abnormal/00000240.wav,1,8.58857250213623
id_02,id_04,id_04/abnormal/00000241.wav,1,8.763611793518066
id_02,id_04,id_04/abnormal/00000242.wav,1,9.342097282409668
id_02,id_04,id_04/abnormal/00000243.wav,1,9.253814697265625
id_02,id_04,id_04/abnormal/00000244.wav,1,13.053595542907715
id_02,id_04,id_04/abnormal/00000245.wav,1,9.66937255859375
id_02,id_04,id_04/abnormal/00000246.wav,1,9.520750045776367
id_02,id_04,id_04/abnormal/00000247.wav,1,9.231459617614746
id_02,id_04,id_04/abnormal/00000248.wav,1,9.842985153198242
id_02,id_04,id_04/abnormal/00000249.wav,1,9.146206855773926
id_02,id_04,id_04/abnormal/00000250.wav,1,11.24448299407959
id_02,id_04,id_04/abnormal/00000251.wav,1,9.298433303833008
id_02,id_04,id_04/abnormal/00000252.wav,1,10.060661315917969
id_02,id_04,id_04/abnormal/00000253.wav,1,13.138315200805664
id_02,id_04,id_04/abnormal/00000254.wav,1,12.053468704223633
id_02,id_04,id_04/abnormal/00000255.wav,1,10.269966125488281
id_02,id_04,id_04/abnormal/00000256.wav,1,9.886174201965332
id_02,id_04,id_04/abnormal/00000257.wav,1,10.444748878479004
id_02,id_04,id_04/abnormal/00000260.wav,1,8.816654205322266
id_02,id_04,id_04/abnormal/00000261.wav,1,12.181106567382812
id_02,id_04,id_04/abnormal/00000262.wav,1,14.193108558654785
id_02,id_04,id_04/abnormal/00000263.wav,1,12.663612365722656
id_02,id_04,id_04/abnormal/00000265.wav,1,9.206445693969727
id_02,id_04,id_04/abnormal/00000266.wav,1,9.57116413116455
id_02,id_04,id_04/abnormal/00000267.wav,1,12.752765655517578
id_02,id_04,id_04/abnormal/00000268.wav,1,9.861318588256836
id_02,id_04,id_04/abnormal/00000269.wav,1,9.896818161010742
id_02,id_04,id_04/abnormal/00000270.wav,1,9.300824165344238
id_02,id_04,id_04/abnormal/00000271.wav,1,8.900089263916016
id_02,id_04,id_04/abnormal/00000273.wav,1,8.674628257751465
id_02,id_04,id_04/abnormal/00000274.wav,1,12.732072830200195
id_02,id_04,id_04/abnormal/00000275.wav,1,9.576875686645508
id_02,id_04,id_04/abnormal/00000277.wav,1,11.723959922790527
id_02,id_04,id_04/abnormal/00000278.wav,1,9.7427396774292
id_02,id_04,id_04/abnormal/00000279.wav,1,12.601272583007812
id_02,id_04,id_04/abnormal/00000280.wav,1,9.565034866333008
id_02,id_04,id_04/abnormal/00000281.wav,1,8.602127075195312
id_02,id_04,id_04/abnormal/00000282.wav,1,14.585378646850586
id_02,id_04,id_04/abnormal/00000283.wav,1,8.999414443969727
id_02,id_04,id_04/abnormal/00000284.wav,1,8.537784576416016
id_02,id_04,id_04/abnormal/00000285.wav,1,8.986560821533203
id_02,id_04,id_04/abnormal/00000286.wav,1,8.695834159851074
id_02,id_04,id_04/abnormal/00000287.wav,1,8.767657279968262
id_02,id_04,id_04/abnormal/00000288.wav,1,9.450228691101074
id_02,id_04,id_04/abnormal/00000290.wav,1,12.611024856567383
id_02,id_04,id_04/abnormal/00000291.wav,1,9.38857650756836
id_02,id_04,id_04/abnormal/00000292.wav,1,12.734642028808594
id_02,id_04,id_04/abnormal/00000293.wav,1,13.676666259765625
id_02,id_04,id_04/abnormal/00000294.wav,1,8.598933219909668
id_02,id_04,id_04/abnormal/00000295.wav,1,8.848885536193848
id_02,id_04,id_04/abnormal/00000296.wav,1,9.500651359558105
id_02,id_04,id_04/abnormal/00000297.wav,1,9.08189868927002
id_02,id_04,id_04/abnormal/00000298.wav,1,8.909927368164062
id_02,id_04,id_04/abnormal/00000300.wav,1,9.84226131439209
id_02,id_04,id_04/abnormal/00000301.wav,1,11.206544876098633
id_02,id_04,id_04/abnormal/00000302.wav,1,10.021929740905762
id_02,id_04,id_04/abnormal/00000303.wav,1,8.939512252807617
id_02,id_04,id_04/abnormal/00000304.wav,1,12.532188415527344
id_02,id_04,id_04/abnormal/00000305.wav,1,13.079129219055176
id_02,id_04,id_04/abnormal/00000306.wav,1,8.504611015319824
id_02,id_04,id_04/abnormal/00000307.wav,1,9.48781967163086
id_02,id_04,id_04/abnormal/00000309.wav,1,9.799173355102539
id_02,id_04,id_04/abnormal/00000310.wav,1,8.894050598144531
id_02,id_04,id_04/abnormal/00000311.wav,1,12.84964370727539
id_02,id_04,id_04/abnormal/00000312.wav,1,12.403387069702148
id_02,id_04,id_04/abnormal/00000313.wav,1,9.983126640319824
id_02,id_04,id_04/abnormal/00000314.wav,1,12.701234817504883
id_02,id_04,id_04/abnormal/00000315.wav,1,12.7681884765625
id_02,id_04,id_04/abnormal/00000316.wav,1,14.076863288879395
id_02,id_04,id_04/abnormal/00000317.wav,1,9.249391555786133
id_02,id_04,id_04/abnormal/00000318.wav,1,9.205903053283691
id_02,id_04,id_04/abnormal/00000320.wav,1,8.702465057373047
id_02,id_04,id_04/abnormal/00000321.wav,1,9.447738647460938
id_02,id_04,id_04/abnormal/00000322.wav,1,9.053448677062988
id_02,id_04,id_04/abnormal/00000323.wav,1,12.657724380493164
id_02,id_04,id_04/abnormal/00000324.wav,1,8.845965385437012
id_02,id_04,id_04/abnormal/00000325.wav,1,8.886653900146484
id_02,id_04,id_04/abnormal/00000326.wav,1,9.80097770690918
id_02,id_04,id_04/abnormal/00000327.wav,1,9.070069313049316
id_02,id_04,id_04/abnormal/00000328.wav,1,9.403358459472656
id_02,id_04,id_04/abnormal/00000329.wav,1,8.366108894348145
id_02,id_04,id_04/abnormal/00000330.wav,1,12.606291770935059
id_02,id_04,id_04/abnormal/00000331.wav,1,12.176197052001953
id_02,id_04,id_04/abnormal/00000332.wav,1,8.513801574707031
id_02,id_04,id_04/abnormal/00000333.wav,1,8.8447904586792
id_02,id_04,id_04/abnormal/00000334.wav,1,12.125179290771484
id_02,id_04,id_04/abnormal/00000335.wav,1,12.545974731445312
id_02,id_04,id_04/abnormal/00000336.wav,1,14.381087303161621
id_02,id_04,id_04/abnormal/00000337.wav,1,8.924239158630371
id_02,id_04,id_04/abnormal/00000338.wav,1,12.64248275756836
id_02,id_04,id_04/abnormal/00000339.wav,1,9.112342834472656
id_02,id_04,id_04/abnormal/00000340.wav,1,12.70286750793457
id_02,id_04,id_04/abnormal/00000342.wav,1,8.918778419494629
id_02,id_04,id_04/abnormal/00000343.wav,1,9.9014310836792
id_02,id_04,id_04/abnormal/00000344.wav,1,8.745085716247559
id_02,id_04,id_04/abnormal/00000345.wav,1,8.084287643432617
id_02,id_04,id_04/abnormal/00000346.wav,1,9.186172485351562
id_02,id_04,id_04/abnormal/00000347.wav,1,9.758729934692383
id_02,id_06,id_06/normal/00000001.wav,0,20.46666145324707
id_02,id_06,id_06/normal/00000003.wav,0,20.88315773010254
id_02,id_06,id_06/normal/00000008.wav,0,17.885704040527344
id_02,id_06,id_06/normal/00000009.wav,0,16.806095123291016
id_02,id_06,id_06/normal/00000013.wav,0,15.465182304382324
id_02,id_06,id_06/normal/00000017.wav,0,17.10072135925293
id_02,id_06,id_06/normal/00000025.wav,0,20.30397605895996
id_02,id_06,id_06/normal/00000027.wav,0,21.029937744140625
id_02,id_06,id_06/normal/00000028.wav,0,16.168794631958008
id_02,id_06,id_06/normal/00000031.wav,0,17.11212158203125
id_02,id_06,id_06/normal/00000032.wav,0,16.85795021057129
id_02,id_06,id_06/normal/00000034.wav,0,14.66218376159668
id_02,id_06,id_06/normal/00000035.wav,0,15.997320175170898
id_02,id_06,id_06/normal/00000043.wav,0,23.4908504486084
id_02,id_06,id_06/normal/00000044.wav,0,16.234697341918945
id_02,id_06,id_06/normal/00000048.wav,0,16.642480850219727
id_02,id_06,id_06/normal/00000058.wav,0,24.97637176513672
id_02,id_06,id_06/normal/00000059.wav,0,16.452104568481445
id_02,id_06,id_06/normal/00000062.wav,0,16.682952880859375
id_02,id_06,id_06/normal/00000063.wav,0,17.398454666137695
id_02,id_06,id_06/normal/00000074.wav,0,16.904193878173828
id_02,id_06,id_06/normal/00000091.wav,0,14.395386695861816
id_02,id_06,id_06/normal/00000092.wav,0,15.920388221740723
id_02,id_06,id_06/normal/00000115.wav,0,18.250131607055664
id_02,id_06,id_06/normal/00000120.wav,0,19.28824806213379
id_02,id_06,id_06/normal/00000125.wav,0,15.285709381103516
id_02,id_06,id_06/normal/00000139.wav,0,21.060850143432617
id_02,id_06,id_06/normal/00000149.wav,0,18.423362731933594
id_02,id_06,id_06/normal/00000151.wav,0,18.764415740966797
id_02,id_06,id_06/normal/00000152.wav,0,19.81090545654297
id_02,id_06,id_06/normal/00000156.wav,0,12.862770080566406
id_02,id_06,id_06/normal/00000162.wav,0,18.46356773376465
id_02,id_06,id_06/normal/00000163.wav,0,16.79258918762207
id_02,id_06,id_06/normal/00000167.wav,0,17.812210083007812
id_02,id_06,id_06/normal/00000176.wav,0,16.96177864074707
id_02,id_06,id_06/normal/00000177.wav,0,21.558177947998047
id_02,id_06,id_06/normal/00000188.wav,0,15.19604778289795
id_02,id_06,id_06/normal/00000194.wav,0,18.30495834350586
id_02,id_06,id_06/normal/00000197.wav,0,20.522518157958984
id_02,id_06,id_06/normal/00000212.wav,0,16.624887466430664
id_02,id_06,id_06/normal/00000214.wav,0,14.820732116699219
id_02,id_06,id_06/normal/00000215.wav,0,18.7096004486084
id_02,id_06,id_06/normal/00000218.wav,0,14.753948211669922
id_02,id_06,id_06/normal/00000222.wav,0,15.247329711914062
id_02,id_06,id_06/normal/00000230.wav,0,16.8057918548584
id_02,id_06,id_06/normal/00000231.wav,0,15.984725952148438
id_02,id_06,id_06/normal/00000232.wav,0,14.032858848571777
id_02,id_06,id_06/normal/00000245.wav,0,17.36079216003418
id_02,id_06,id_06/normal/00000252.wav,0,17.319089889526367
id_02,id_06,id_06/normal/00000253.wav,0,19.205066680908203
id_02,id_06,id_06/normal/00000279.wav,0,16.828344345092773
id_02,id_06,id_06/normal/00000292.wav,0,16.281965255737305
id_02,id_06,id_06/normal/00000294.wav,0,15.123139381408691
id_02,id_06,id_06/normal/00000300.wav,0,22.56427001953125
id_02,id_06,id_06/normal/00000305.wav,0,15.144775390625
id_02,id_06,id_06/normal/00000309.wav,0,15.83934211730957
id_02,id_06,id_06/normal/00000313.wav,0,15.455009460449219
id_02,id_06,id_06/normal/00000316.wav,0,17.884754180908203
id_02,id_06,id_06/normal/00000320.wav,0,15.423931121826172
id_02,id_06,id_06/normal/00000322.wav,0,15.790702819824219
id_02,id_06,id_06/normal/00000324.wav,0,17.238718032836914
id_02,id_06,id_06/normal/00000337.wav,0,14.588561058044434
id_02,id_06,id_06/normal/00000343.wav,0,18.579124450683594
id_02,id_06,id_06/normal/00000346.wav,0,12.736957550048828
id_02,id_06,id_06/normal/00000356.wav,0,15.86682415008545
id_02,id_06,id_06/normal/00000367.wav,0,14.72280216217041
id_02,id_06,id_06/normal/00000385.wav,0,14.804978370666504
id_02,id_06,id_06/normal/00000394.wav,0,17.968225479125977
id_02,id_06,id_06/normal/00000396.wav,0,14.748464584350586
id_02,id_06,id_06/normal/00000401.wav,0,20.463027954101562
id_02,id_06,id_06/normal/00000423.wav,0,20.76156234741211
id_02,id_06,id_06/normal/00000426.wav,0,15.53976821899414
id_02,id_06,id_06/normal/00000443.wav,0,15.672747611999512
id_02,id_06,id_06/normal/00000457.wav,0,16.420873641967773
id_02,id_06,id_06/normal/00000478.wav,0,17.905738830566406
id_02,id_06,id_06/normal/00000482.wav,0,20.059797286987305
id_02,id_06,id_06/normal/00000487.wav,0,16.01951026916504
id_02,id_06,id_06/normal/00000492.wav,0,19.671165466308594
id_02,id_06,id_06/normal/00000493.wav,0,14.181479454040527
id_02,id_06,id_06/normal/00000510.wav,0,18.997051239013672
id_02,id_06,id_06/normal/00000512.wav,0,15.968949317932129
id_02,id_06,id_06/normal/00000513.wav,0,15.476357460021973
id_02,id_06,id_06/normal/00000519.wav,0,15.281107902526855
id_02,id_06,id_06/normal/00000525.wav,0,22.306211471557617
id_02,id_06,id_06/normal/00000529.wav,0,15.96912670135498
id_02,id_06,id_06/normal/00000531.wav,0,17.446311950683594
id_02,id_06,id_06/normal/00000532.wav,0,17.124404907226562
id_02,id_06,id_06/normal/00000544.wav,0,18.862728118896484
id_02,id_06,id_06/normal/00000559.wav,0,16.33393669128418
id_02,id_06,id_06/normal/00000560.wav,0,16.81926727294922
id_02,id_06,id_06/normal/00000565.wav,0,20.4023494720459
id_02,id_06,id_06/normal/00000570.wav,0,15.532622337341309
id_02,id_06,id_06/normal/00000576.wav,0,17.604780197143555
id_02,id_06,id_06/normal/00000577.wav,0,18.343128204345703
id_02,id_06,id_06/normal/00000579.wav,0,15.372942924499512
id_02,id_06,id_06/normal/00000601.wav,0,20.778961181640625
id_02,id_06,id_06/normal/00000610.wav,0,15.629855155944824
id_02,id_06,id_06/normal/00000634.wav,0,18.273435592651367
id_02,id_06,id_06/normal/00000650.wav,0,17.601823806762695
id_02,id_06,id_06/normal/00000670.wav,0,13.676268577575684
id_02,id_06,id_06/normal/00000683.wav,0,16.117902755737305
id_02,id_06,id_06/normal/00000684.wav,0,15.77358627319336
id_02,id_06,id_06/normal/00000686.wav,0,15.403033256530762
id_02,id_06,id_06/normal/00000690.wav,0,21.030275344848633
id_02,id_06,id_06/normal/00000694.wav,0,17.723861694335938
id_02,id_06,id_06/normal/00000697.wav,0,15.147604942321777
id_02,id_06,id_06/normal/00000701.wav,0,15.437095642089844
id_02,id_06,id_06/normal/00000705.wav,0,18.191797256469727
id_02,id_06,id_06/normal/00000706.wav,0,18.637510299682617
id_02,id_06,id_06/normal/00000707.wav,0,14.032088279724121
id_02,id_06,id_06/normal/00000710.wav,0,15.480047225952148
id_02,id_06,id_06/normal/00000723.wav,0,18.557775497436523
id_02,id_06,id_06/normal/00000734.wav,0,19.036556243896484
id_02,id_06,id_06/normal/00000745.wav,0,15.457025527954102
id_02,id_06,id_06/normal/00000751.wav,0,18.44869613647461
id_02,id_06,id_06/normal/00000761.wav,0,15.98005485534668
id_02,id_06,id_06/normal/00000767.wav,0,20.18122100830078
id_02,id_06,id_06/normal/00000773.wav,0,15.121160507202148
id_02,id_06,id_06/normal/00000785.wav,0,15.411548614501953
id_02,id_06,id_06/normal/00000792.wav,0,17.626033782958984
id_02,id_06,id_06/normal/00000797.wav,0,17.10642433166504
id_02,id_06,id_06/normal/00000798.wav,0,20.40471839904785
id_02,id_06,id_06/normal/00000799.wav,0,17.237607955932617
id_02,id_06,id_06/normal/00000809.wav,0,17.4888973236084
id_02,id_06,id_06/normal/00000810.wav,0,16.928220748901367
id_02,id_06,id_06/normal/00000812.wav,0,18.68404197692871
id_02,id_06,id_06/normal/00000813.wav,0,17.609548568725586
id_02,id_06,id_06/normal/00000819.wav,0,14.764013290405273
id_02,id_06,id_06/normal/00000821.wav,0,19.058639526367188
id_02,id_06,id_06/normal/00000832.wav,0,17.88189697265625
id_02,id_06,id_06/normal/00000844.wav,0,17.718177795410156
id_02,id_06,id_06/normal/00000850.wav,0,13.83538818359375
id_02,id_06,id_06/normal/00000853.wav,0,17.03683090209961
id_02,id_06,id_06/normal/00000854.wav,0,19.976547241210938
id_02,id_06,id_06/normal/00000860.wav,0,19.0178279876709
id_02,id_06,id_06/normal/00000863.wav,0,16.21453857421875
id_02,id_06,id_06/normal/00000865.wav,0,19.810863494873047
id_02,id_06,id_06/normal/00000868.wav,0,20.469350814819336
id_02,id_06,id_06/normal/00000873.wav,0,15.342388153076172
id_02,id_06,id_06/normal/00000875.wav,0,12.51494312286377
id_02,id_06,id_06/normal/00000876.wav,0,19.300113677978516
id_02,id_06,id_06/normal/00000880.wav,0,17.139232635498047
id_02,id_06,id_06/normal/00000881.wav,0,15.793127059936523
id_02,id_06,id_06/normal/00000882.wav,0,14.86072063446045
id_02,id_06,id_06/normal/00000883.wav,0,15.2992582321167
id_02,id_06,id_06/normal/00000886.wav,0,17.07436752319336
id_02,id_06,id_06/normal/00000896.wav,0,18.841197967529297
id_02,id_06,id_06/normal/00000899.wav,0,15.821588516235352
id_02,id_06,id_06/normal/00000901.wav,0,17.339094161987305
id_02,id_06,id_06/normal/00000911.wav,0,16.76612091064453
id_02,id_06,id_06/normal/00000915.wav,0,19.491445541381836
id_02,id_06,id_06/normal/00000948.wav,0,13.976332664489746
id_02,id_06,id_06/normal/00000952.wav,0,15.13604736328125
id_02,id_06,id_06/normal/00000954.wav,0,14.98080062866211
id_02,id_06,id_06/normal/00000955.wav,0,16.442262649536133
id_02,id_06,id_06/normal/00000957.wav,0,14.793591499328613
id_02,id_06,id_06/normal/00000972.wav,0,14.534412384033203
id_02,id_06,id_06/normal/00000983.wav,0,14.845839500427246
id_02,id_06,id_06/normal/00001011.wav,0,19.5787410736084
id_02,id_06,id_06/normal/00001013.wav,0,19.97467041015625
id_02,id_06,id_06/abnormal/00000000.wav,1,10.332016944885254
id_02,id_06,id_06/abnormal/00000001.wav,1,12.89046573638916
id_02,id_06,id_06/abnormal/00000003.wav,1,7.494223117828369
id_02,id_06,id_06/abnormal/00000004.wav,1,16.832929611206055
id_02,id_06,id_06/abnormal/00000005.wav,1,7.622992515563965
id_02,id_06,id_06/abnormal/00000006.wav,1,8.97476577758789
id_02,id_06,id_06/abnormal/00000007.wav,1,16.90816307067871
id_02,id_06,id_06/abnormal/00000008.wav,1,16.861684799194336
id_02,id_06,id_06/abnormal/00000009.wav,1,13.132139205932617
id_02,id_06,id_06/abnormal/00000010.wav,1,16.608001708984375
id_02,id_06,id_06/abnormal/00000011.wav,1,10.693218231201172
id_02,id_06,id_06/abnormal/00000012.wav,1,8.217473030090332
id_02,id_06,id_06/abnormal/00000013.wav,1,12.354265213012695
id_02,id_06,id_06/abnormal/00000014.wav,1,7.677424907684326
id_02,id_06,id_06/abnormal/00000015.wav,1,7.902047634124756
id_02,id_06,id_06/abnormal/00000017.wav,1,11.354991912841797
id_02,id_06,id_06/abnormal/00000018.wav,1,13.14932632446289
id_02,id_06,id_06/abnormal/00000019.wav,1,18.43074607849121
id_02,id_06,id_06/abnormal/00000020.wav,1,15.2618408203125
id_02,id_06,id_06/abnormal/00000021.wav,1,18.045297622680664
id_02,id_06,id_06/abnormal/00000022.wav,1,11.79390811920166
id_02,id_06,id_06/abnormal/00000023.wav,1,8.905500411987305
id_02,id_06,id_06/abnormal/00000024.wav,1,7.36791467666626
id_02,id_06,id_06/abnormal/00000025.wav,1,6.742280960083008
id_02,id_06,id_06/abnormal/00000026.wav,1,12.205175399780273
id_02,id_06,id_06/abnormal/00000027.wav,1,9.730206489562988
id_02,id_06,id_06/abnormal/00000028.wav,1,9.978621482849121
id_02,id_06,id_06/abnormal/00000029.wav,1,8.907078742980957
id_02,id_06,id_06/abnormal/00000031.wav,1,11.326194763183594
id_02,id_06,id_06/abnormal/00000033.wav,1,7.889521598815918
id_02,id_06,id_06/abnormal/00000034.wav,1,9.076217651367188
id_02,id_06,id_06/abnormal/00000035.wav,1,17.605697631835938
id_02,id_06,id_06/abnormal/00000036.wav,1,13.532280921936035
id_02,id_06,id_06/abnormal/00000037.wav,1,9.923257827758789
id_02,id_06,id_06/abnormal/00000038.wav,1,14.401124000549316
id_02,id_06,id_06/abnormal/00000039.wav,1,9.352068901062012
id_02,id_06,id_06/abnormal/00000040.wav,1,8.11135196685791
id_02,id_06,id_06/abnormal/00000041.wav,1,13.140026092529297
id_02,id_06,id_06/abnormal/00000043.wav,1,16.585533142089844
id_02,id_06,id_06/abnormal/00000044.wav,1,16.8748779296875
id_02,id_06,id_06/abnormal/00000045.wav,1,10.806807518005371
id_02,id_06,id_06/abnormal/00000046.wav,1,16.30190658569336
id_02,id_06,id_06/abnormal/00000047.wav,1,9.179328918457031
id_02,id_06,id_06/abnormal/00000048.wav,1,8.614957809448242
id_02,id_06,id_06/abnormal/00000049.wav,1,8.531822204589844
id_02,id_06,id_06/abnormal/00000051.wav,1,10.361512184143066
id_02,id_06,id_06/abnormal/00000052.wav,1,9.150647163391113
id_02,id_06,id_06/abnormal/00000053.wav,1,10.479829788208008
id_02,id_06,id_06/abnormal/00000054.wav,1,8.846000671386719
id_02,id_06,id_06/abnormal/00000056.wav,1,12.572224617004395
id_02,id_06,id_06/abnormal/00000057.wav,1,9.061078071594238
id_02,id_06,id_06/abnormal/00000058.wav,1,19.46504783630371
id_02,id_06,id_06/abnormal/00000059.wav,1,20.587949752807617
id_02,id_06,id_06/abnormal/00000061.wav,1,13.505902290344238
id_02,id_06,id_06/abnormal/00000062.wav,1,12.861031532287598
id_02,id_06,id_06/abnormal/00000063.wav,1,7.501878261566162
id_02,id_06,id_06/abnormal/00000064.wav,1,7.055046558380127
id_02,id_06,id_06/abnormal/00000067.wav,1,8.259668350219727
id_02,id_06,id_06/abnormal/00000068.wav,1,17.55457305908203
id_02,id_06,id_06/abnormal/00000069.wav,1,8.189398765563965
id_02,id_06,id_06/abnormal/00000071.wav,1,15.722118377685547
id_02,id_06,id_06/abnormal/00000072.wav,1,13.378726959228516
id_02,id_06,id_06/abnormal/00000074.wav,1,9.485505104064941
id_02,id_06,id_06/abnormal/00000075.wav,1,16.939197540283203
id_02,id_06,id_06/abnormal/00000076.wav,1,12.478759765625
id_02,id_06,id_06/abnormal/00000077.wav,1,18.68332290649414
id_02,id_06,id_06/abnormal/00000078.wav,1,15.473578453063965
id_02,id_06,id_06/abnormal/00000079.wav,1,9.39588737487793
id_02,id_06,id_06/abnormal/00000080.wav,1,15.085229873657227
id_02,id_06,id_06/abnormal/00000081.wav,1,9.670397758483887
id_02,id_06,id_06/abnormal/00000082.wav,1,14.706595420837402
id_02,id_06,id_06/abnormal/00000084.wav,1,9.992201805114746
id_02,id_06,id_06/abnormal/00000085.wav,1,10.019828796386719
id_02,id_06,id_06/abnormal/00000087.wav,1,7.2035675048828125
id_02,id_06,id_06/abnormal/00000088.wav,1,15.685524940490723
id_02,id_06,id_06/abnormal/00000089.wav,1,9.689937591552734
id_02,id_06,id_06/abnormal/00000090.wav,1,10.514373779296875
id_02,id_06,id_06/abnormal/00000091.wav,1,12.662520408630371
id_02,id_06,id_06/abnormal/00000092.wav,1,11.11607837677002
id_02,id_06,id_06/abnormal/00000093.wav,1,7.256161212921143
id_02,id_06,id_06/abnormal/00000094.wav,1,9.9070463180542
id_02,id_06,id_06/abnormal/00000095.wav,1,12.367942810058594
id_02,id_06,id_06/abnormal/00000096.wav,1,12.795589447021484
id_02,id_06,id_06/abnormal/00000097.wav,1,10.000967025756836
id_02,id_06,id_06/abnormal/00000098.wav,1,13.709012985229492
id_02,id_06,id_06/abnormal/00000099.wav,1,14.252493858337402
id_02,id_06,id_06/abnormal/00000100.wav,1,17.733055114746094
id_02,id_06,id_06/abnormal/00000101.wav,1,10.33150577545166
id_02,id_06,id_06/abnormal/00000102.wav,1,9.989884376525879
id_02,id_06,id_06/abnormal/00000103.wav,1,8.171330451965332
id_02,id_06,id_06/abnormal/00000104.wav,1,8.615375518798828
id_02,id_06,id_06/abnormal/00000105.wav,1,11.895767211914062
id_02,id_06,id_06/abnormal/00000106.wav,1,20.94276237487793
id_02,id_06,id_06/abnormal/00000107.wav,1,10.38232421875
id_02,id_06,id_06/abnormal/00000108.wav,1,10.066186904907227
id_02,id_06,id_06/abnormal/00000109.wav,1,9.581390380859375
id_02,id_06,id_06/abnormal/00000110.wav,1,13.939757347106934
id_02,id_06,id_06/abnormal/00000111.wav,1,11.804083824157715
id_02,id_06,id_06/abnormal/00000112.wav,1,11.036734580993652
id_02,id_06,id_06/abnormal/00000113.wav,1,14.123144149780273
id_02,id_06,id_06/abnormal/00000114.wav,1,8.25954818725586
id_02,id_06,id_06/abnormal/00000116.wav,1,16.50279998779297
id_02,id_06,id_06/abnormal/00000117.wav,1,15.779597282409668
id_02,id_06,id_06/abnormal/00000118.wav,1,7.60115909576416
id_02,id_06,id_06/abnormal/00000119.wav,1,8.54732608795166
id_02,id_06,id_06/abnormal/00000121.wav,1,13.837278366088867
id_02,id_06,id_06/abnormal/00000122.wav,1,9.939144134521484
id_02,id_06,id_06/abnormal/00000123.wav,1,15.0198335647583
id_02,id_06,id_06/abnormal/00000124.wav,1,8.993353843688965
id_02,id_06,id_06/abnormal/00000125.wav,1,7.418259143829346
id_02,id_06,id_06/abnormal/00000126.wav,1,9.08827018737793
id_02,id_06,id_06/abnormal/00000127.wav,1,7.807102203369141
id_02,id_06,id_06/abnormal/00000128.wav,1,8.718817710876465
id_02,id_06,id_06/abnormal/00000129.wav,1,10.13325023651123
id_02,id_06,id_06/abnormal/00000130.wav,1,9.378874778747559
id_02,id_06,id_06/abnormal/00000131.wav,1,28.968671798706055
id_02,id_06,id_06/abnormal/00000133.wav,1,24.443506240844727
id_02,id_06,id_06/abnormal/00000134.wav,1,26.759052276611328
id_02,id_06,id_06/abnormal/00000135.wav,1,25.13666343688965
id_02,id_06,id_06/abnormal/00000137.wav,1,23.395694732666016
id_02,id_06,id_06/abnormal/00000138.wav,1,19.775028228759766
id_02,id_06,id_06/abnormal/00000139.wav,1,18.842260360717773
id_02,id_06,id_06/abnormal/00000140.wav,1,23.31554412841797
id_02,id_06,id_06/abnormal/00000141.wav,1,20.31810760498047
id_02,id_06,id_06/abnormal/00000142.wav,1,22.09319496154785
id_02,id_06,id_06/abnormal/00000143.wav,1,21.780078887939453
id_02,id_06,id_06/abnormal/00000144.wav,1,22.149614334106445
id_02,id_06,id_06/abnormal/00000145.wav,1,20.02053451538086
id_02,id_06,id_06/abnormal/00000146.wav,1,24.99052619934082
id_02,id_06,id_06/abnormal/00000147.wav,1,28.70743751525879
id_02,id_06,id_06/abnormal/00000149.wav,1,20.828989028930664
id_02,id_06,id_06/abnormal/00000151.wav,1,20.999284744262695
id_02,id_06,id_06/abnormal/00000152.wav,1,20.34796714782715
id_02,id_06,id_06/abnormal/00000153.wav,1,21.06806182861328
id_02,id_06,id_06/abnormal/00000154.wav,1,21.35567855834961
id_02,id_06,id_06/abnormal/00000155.wav,1,20.55809211730957
id_02,id_06,id_06/abnormal/00000156.wav,1,22.684789657592773
id_02,id_06,id_06/abnormal/00000157.wav,1,22.5075626373291
id_02,id_06,id_06/abnormal/00000158.wav,1,26.291173934936523
id_02,id_06,id_06/abnormal/00000159.wav,1,21.415058135986328
id_02,id_06,id_06/abnormal/00000160.wav,1,23.21075439453125
id_02,id_06,id_06/abnormal/00000161.wav,1,23.22710609436035
id_02,id_06,id_06/abnormal/00000162.wav,1,21.64154624938965
id_02,id_06,id_06/abnormal/00000163.wav,1,24.900371551513672
id_02,id_06,id_06/abnormal/00000164.wav,1,24.286531448364258
id_02,id_06,id_06/abnormal/00000165.wav,1,21.449722290039062
id_02,id_06,id_06/abnormal/00000166.wav,1,19.955835342407227
id_02,id_06,id_06/abnormal/00000167.wav,1,21.57549476623535
id_02,id_06,id_06/abnormal/00000168.wav,1,19.95293617248535
id_02,id_06,id_06/abnormal/00000169.wav,1,24.438173294067383
id_02,id_06,id_06/abnormal/00000170.wav,1,23.92522430419922
id_02,id_06,id_06/abnormal/00000171.wav,1,21.51836585998535
id_02,id_06,id_06/abnormal/00000172.wav,1,21.632286071777344
id_02,id_06,id_06/abnormal/00000173.wav,1,23.09466552734375
id_02,id_06,id_06/abnormal/00000174.wav,1,24.92745018005371
id_02,id_06,id_06/abnormal/00000175.wav,1,25.05548095703125
id_02,id_06,id_06/abnormal/00000176.wav,1,24.118337631225586
id_02,id_06,id_06/abnormal/00000178.wav,1,19.176820755004883
id_02,id_06,id_06/abnormal/00000179.wav,1,36.90605545043945
id_02,id_06,id_06/abnormal/00000180.wav,1,25.299203872680664
id_02,id_06,id_06/abnormal/00000181.wav,1,22.121337890625
id_02,id_06,id_06/abnormal/00000182.wav,1,19.215591430664062
id_02,id_06,id_06/abnormal/00000183.wav,1,21.206052780151367
id_02,id_06,id_06/abnormal/00000184.wav,1,23.922513961791992
id_02,id_06,id_06/abnormal/00000185.wav,1,22.23369598388672
id_02,id_06,id_06/abnormal/00000186.wav,1,20.311437606811523
id_02,id_06,id_06/abnormal/00000187.wav,1,18.57196044921875
id_02,id_06,id_06/abnormal/00000188.wav,1,21.911376953125
id_02,id_06,id_06/abnormal/00000189.wav,1,24.820859909057617
id_02,id_06,id_06/abnormal/00000190.wav,1,26.100688934326172
id_02,id_06,id_06/abnormal/00000191.wav,1,24.27073860168457
id_02,id_06,id_06/abnormal/00000192.wav,1,19.105703353881836
id_02,id_06,id_06/abnormal/00000194.wav,1,22.01030158996582
id_02,id_06,id_06/abnormal/00000195.wav,1,23.64264488220215
id_02,id_06,id_06/abnormal/00000198.wav,1,19.6208438873291
id_02,id_06,id_06/abnormal/00000199.wav,1,31.9816837310791
id_02,id_06,id_06/abnormal/00000200.wav,1,20.68878936767578
id_02,id_06,id_06/abnormal/00000201.wav,1,26.911815643310547
id_02,id_06,id_06/abnormal/00000202.wav,1,19.328277587890625
id_02,id_06,id_06/abnormal/00000203.wav,1,22.123971939086914
id_02,id_06,id_06/abnormal/00000204.wav,1,19.303916931152344
id_02,id_06,id_06/abnormal/00000205.wav,1,23.48394012451172
id_02,id_06,id_06/abnormal/00000206.wav,1,23.34452247619629
id_02,id_06,id_06/abnormal/00000207.wav,1,19.259885787963867
id_02,id_06,id_06/abnormal/00000208.wav,1,20.63097381591797
id_02,id_06,id_06/abnormal/00000209.wav,1,23.71349334716797
id_02,id_06,id_06/abnormal/00000211.wav,1,22.686973571777344
id_02,id_06,id_06/abnormal/00000212.wav,1,20.121353149414062
id_02,id_06,id_06/abnormal/00000213.wav,1,20.372072219848633
id_02,id_06,id_06/abnormal/00000216.wav,1,24.131772994995117
id_02,id_06,id_06/abnormal/00000217.wav,1,25.398555755615234
id_02,id_06,id_06/abnormal/00000218.wav,1,21.16238784790039
id_02,id_06,id_06/abnormal/00000219.wav,1,23.69644546508789
id_02,id_06,id_06/abnormal/00000220.wav,1,20.218677520751953
id_02,id_06,id_06/abnormal/00000221.wav,1,20.600309371948242
id_02,id_06,id_06/abnormal/00000223.wav,1,19.487890243530273
id_02,id_06,id_06/abnormal/00000224.wav,1,21.40834617614746
id_02,id_06,id_06/abnormal/00000225.wav,1,19.762462615966797
id_02,id_06,id_06/abnormal/00000227.wav,1,22.893115997314453
id_02,id_06,id_06/abnormal/00000228.wav,1,21.44121742248535
id_02,id_06,id_06/abnormal/00000229.wav,1,21.557687759399414
id_02,id_06,id_06/abnormal/00000230.wav,1,21.394010543823242
id_02,id_06,id_06/abnormal/00000232.wav,1,19.052318572998047
id_02,id_06,id_06/abnormal/00000233.wav,1,21.028928756713867
id_02,id_06,id_06/abnormal/00000234.wav,1,19.863849639892578
id_02,id_06,id_06/abnormal/00000236.wav,1,22.91761589050293
id_02,id_06,id_06/abnormal/00000237.wav,1,14.423721313476562
id_02,id_06,id_06/abnormal/00000238.wav,1,7.569223880767822
id_02,id_06,id_06/abnormal/00000239.wav,1,7.06380558013916
id_02,id_06,id_06/abnormal/00000240.wav,1,10.999898910522461
id_02,id_06,id_06/abnormal/00000241.wav,1,11.416448593139648
id_02,id_06,id_06/abnormal/00000242.wav,1,13.379197120666504
id_02,id_06,id_06/abnormal/00000244.wav,1,10.641108512878418
id_02,id_06,id_06/abnormal/00000245.wav,1,7.477981090545654
id_02,id_06,id_06/abnormal/00000246.wav,1,11.78909969329834
id_02,id_06,id_06/abnormal/00000247.wav,1,7.623263835906982
id_02,id_06,id_06/abnormal/00000248.wav,1,11.206440925598145
id_02,id_06,id_06/abnormal/00000250.wav,1,10.157062530517578
id_02,id_06,id_06/abnormal/00000251.wav,1,7.282341957092285
id_02,id_06,id_06/abnormal/00000252.wav,1,8.814921379089355
id_02,id_06,id_06/abnormal/00000253.wav,1,10.956395149230957
id_02,id_06,id_06/abnormal/00000255.wav,1,14.401700973510742
id_02,id_06,id_06/abnormal/00000256.wav,1,16.508155822753906
id_02,id_06,id_06/abnormal/00000257.wav,1,12.649693489074707
id_02,id_06,id_06/abnormal/00000258.wav,1,8.605990409851074
id_02,id_06,id_06/abnormal/00000259.wav,1,11.74516773223877
id_02,id_06,id_06/abnormal/00000260.wav,1,10.830906867980957
id_02,id_06,id_06/abnormal/00000261.wav,1,15.61414623260498
id_02,id_06,id_06/abnormal/00000262.wav,1,9.82469654083252
id_02,id_06,id_06/abnormal/00000263.wav,1,10.0667142868042
id_02,id_06,id_06/abnormal/00000264.wav,1,15.131108283996582
id_02,id_06,id_06/abnormal/00000267.wav,1,8.287795066833496
id_02,id_06,id_06/abnormal/00000268.wav,1,7.811017036437988
id_02,id_06,id_06/abnormal/00000269.wav,1,8.608752250671387
id_02,id_06,id_06/abnormal/00000270.wav,1,9.39870548248291
id_02,id_06,id_06/abnormal/00000271.wav,1,10.521360397338867
id_02,id_06,id_06/abnormal/00000272.wav,1,10.418668746948242
id_02,id_06,id_06/abnormal/00000273.wav,1,17.688167572021484
id_02,id_06,id_06/abnormal/00000274.wav,1,10.839303016662598
id_02,id_06,id_06/abnormal/00000275.wav,1,13.923449516296387
id_02,id_06,id_06/abnormal/00000276.wav,1,11.534419059753418
id_02,id_06,id_06/abnormal/00000277.wav,1,12.922757148742676
id_02,id_06,id_06/abnormal/00000278.wav,1,9.323919296264648
id_02,id_06,id_06/abnormal/00000279.wav,1,10.23708724975586
id_02,id_06,id_06/abnormal/00000280.wav,1,13.659056663513184
id_02,id_06,id_06/abnormal/00000281.wav,1,7.47630500793457
id_02,id_06,id_06/abnormal/00000282.wav,1,24.872276306152344
id_02,id_06,id_06/abnormal/00000283.wav,1,14.810579299926758
id_02,id_06,id_06/abnormal/00000284.wav,1,18.053485870361328
id_02,id_06,id_06/abnormal/00000285.wav,1,13.29574203491211
id_02,id_06,id_06/abnormal/00000286.wav,1,7.898838996887207
id_02,id_06,id_06/abnormal/00000287.wav,1,7.58829402923584
id_02,id_06,id_06/abnormal/00000288.wav,1,10.7222900390625
id_02,id_06,id_06/abnormal/00000289.wav,1,9.790698051452637
id_02,id_06,id_06/abnormal/00000290.wav,1,10.28942584991455
id_02,id_06,id_06/abnormal/00000291.wav,1,9.934901237487793
id_02,id_06,id_06/abnormal/00000292.wav,1,10.119943618774414
id_02,id_06,id_06/abnormal/00000293.wav,1,8.889799118041992
id_02,id_06,id_06/abnormal/00000294.wav,1,9.530122756958008
id_02,id_06,id_06/abnormal/00000296.wav,1,14.011441230773926
id_02,id_06,id_06/abnormal/00000297.wav,1,22.264583587646484
id_02,id_06,id_06/abnormal/00000298.wav,1,7.816502094268799
id_02,id_06,id_06/abnormal/00000299.wav,1,14.60281753540039
id_02,id_06,id_06/abnormal/00000301.wav,1,8.847747802734375
id_02,id_06,id_06/abnormal/00000302.wav,1,8.91062068939209
id_02,id_06,id_06/abnormal/00000303.wav,1,11.928742408752441
id_02,id_06,id_06/abnormal/00000304.wav,1,9.223862648010254
id_02,id_06,id_06/abnormal/00000305.wav,1,7.433785438537598
id_02,id_06,id_06/abnormal/00000306.wav,1,10.650413513183594
id_02,id_06,id_06/abnormal/00000307.wav,1,9.440561294555664
id_02,id_06,id_06/abnormal/00000308.wav,1,14.973481178283691
id_02,id_06,id_06/abnormal/00000309.wav,1,16.266984939575195
id_02,id_06,id_06/abnormal/00000310.wav,1,9.173457145690918
id_02,id_06,id_06/abnormal/00000311.wav,1,8.291240692138672
id_02,id_06,id_06/abnormal/00000312.wav,1,9.698800086975098
id_02,id_06,id_06/abnormal/00000313.wav,1,8.908620834350586
id_02,id_06,id_06/abnormal/00000314.wav,1,7.527980804443359
id_02,id_06,id_06/abnormal/00000315.wav,1,7.129010200500488
id_02,id_06,id_06/abnormal/00000316.wav,1,17.258235931396484
id_02,id_06,id_06/abnormal/00000317.wav,1,11.445128440856934
id_02,id_06,id_06/abnormal/00000318.wav,1,7.127082824707031
id_02,id_06,id_06/abnormal/00000319.wav,1,15.521143913269043
id_02,id_06,id_06/abnormal/00000320.wav,1,11.683944702148438
id_02,id_06,id_06/abnormal/00000321.wav,1,19.32282257080078
id_02,id_06,id_06/abnormal/00000322.wav,1,10.77941608428955
id_02,id_06,id_06/abnormal/00000323.wav,1,7.547432899475098
id_02,id_06,id_06/abnormal/00000324.wav,1,16.086288452148438
id_02,id_06,id_06/abnormal/00000325.wav,1,7.469217777252197
id_02,id_06,id_06/abnormal/00000326.wav,1,16.463966369628906
id_02,id_06,id_06/abnormal/00000327.wav,1,7.104800701141357
id_02,id_06,id_06/abnormal/00000328.wav,1,7.823672294616699
id_02,id_06,id_06/abnormal/00000329.wav,1,7.747346878051758
id_02,id_06,id_06/abnormal/00000330.wav,1,9.360180854797363
id_02,id_06,id_06/abnormal/00000331.wav,1,12.776082992553711
id_02,id_06,id_06/abnormal/00000332.wav,1,10.234883308410645
id_02,id_06,id_06/abnormal/00000333.wav,1,9.465781211853027
id_02,id_06,id_06/abnormal/00000334.wav,1,14.728775024414062
id_02,id_06,id_06/abnormal/00000335.wav,1,15.920705795288086
id_02,id_06,id_06/abnormal/00000336.wav,1,17.125690460205078
id_02,id_06,id_06/abnormal/00000337.wav,1,10.347925186157227
id_02,id_06,id_06/abnormal/00000338.wav,1,7.496037006378174
id_02,id_06,id_06/abnormal/00000339.wav,1,15.460770606994629
id_02,id_06,id_06/abnormal/00000341.wav,1,7.306807518005371
id_02,id_06,id_06/abnormal/00000342.wav,1,24.724044799804688
id_02,id_06,id_06/abnormal/00000343.wav,1,11.73222827911377
id_02,id_06,id_06/abnormal/00000344.wav,1,11.43949031829834
id_02,id_06,id_06/abnormal/00000345.wav,1,7.821251392364502
id_02,id_06,id_06/abnormal/00000346.wav,1,15.29067611694336
id_02,id_06,id_06/abnormal/00000348.wav,1,16.544578552246094
id_02,id_06,id_06/abnormal/00000349.wav,1,8.686874389648438
id_02,id_06,id_06/abnormal/00000350.wav,1,12.078392028808594
id_02,id_06,id_06/abnormal/00000351.wav,1,7.433338642120361
id_02,id_06,id_06/abnormal/00000352.wav,1,17.212261199951172
id_02,id_06,id_06/abnormal/00000353.wav,1,19.672298431396484
id_02,id_06,id_06/abnormal/00000354.wav,1,13.84300422668457
id_02,id_06,id_06/abnormal/00000355.wav,1,7.494152069091797
id_02,id_06,id_06/abnormal/00000356.wav,1,16.333276748657227
id_02,id_06,id_06/abnormal/00000357.wav,1,8.427228927612305
id_02,id_06,id_06/abnormal/00000358.wav,1,7.607113838195801
id_02,id_06,id_06/abnormal/00000359.wav,1,7.7539825439453125
id_04,id_00,id_00/normal/00000005.wav,0,9.974798202514648
id_04,id_00,id_00/normal/00000006.wav,0,13.645808219909668
id_04,id_00,id_00/normal/00000007.wav,0,13.335177421569824
id_04,id_00,id_00/normal/00000028.wav,0,7.556081295013428
id_04,id_00,id_00/normal/00000032.wav,0,11.584426879882812
id_04,id_00,id_00/normal/00000040.wav,0,14.113696098327637
id_04,id_00,id_00/normal/00000042.wav,0,18.856273651123047
id_04,id_00,id_00/normal/00000049.wav,0,18.304855346679688
id_04,id_00,id_00/normal/00000063.wav,0,9.458819389343262
id_04,id_00,id_00/normal/00000066.wav,0,9.665143966674805
id_04,id_00,id_00/normal/00000070.wav,0,13.91146183013916
id_04,id_00,id_00/normal/00000091.wav,0,10.656438827514648
id_04,id_00,id_00/normal/00000098.wav,0,7.10723876953125
id_04,id_00,id_00/normal/00000099.wav,0,11.494531631469727
id_04,id_00,id_00/normal/00000100.wav,0,7.663610935211182
id_04,id_00,id_00/normal/00000108.wav,0,11.390535354614258
id_04,id_00,id_00/normal/00000114.wav,0,16.5279541015625
id_04,id_00,id_00/normal/00000118.wav,0,10.679899215698242
id_04,id_00,id_00/normal/00000120.wav,0,13.91919231414795
id_04,id_00,id_00/normal/00000129.wav,0,11.355422973632812
id_04,id_00,id_00/normal/00000132.wav,0,14.847546577453613
id_04,id_00,id_00/normal/00000133.wav,0,7.839529514312744
id_04,id_00,id_00/normal/00000137.wav,0,9.555115699768066
id_04,id_00,id_00/normal/00000144.wav,0,7.551230430603027
id_04,id_00,id_00/normal/00000159.wav,0,11.646941184997559
id_04,id_00,id_00/normal/00000162.wav,0,7.461794376373291
id_04,id_00,id_00/normal/00000164.wav,0,10.591850280761719
id_04,id_00,id_00/normal/00000169.wav,0,9.209057807922363
id_04,id_00,id_00/normal/00000171.wav,0,7.394567012786865
id_04,id_00,id_00/normal/00000182.wav,0,9.736921310424805
id_04,id_00,id_00/normal/00000193.wav,0,15.129470825195312
id_04,id_00,id_00/normal/00000197.wav,0,9.7185697555542
id_04,id_00,id_00/normal/00000198.wav,0,17.87388801574707
id_04,id_00,id_00/normal/00000206.wav,0,7.443237781524658
id_04,id_00,id_00/normal/00000208.wav,0,11.243725776672363
id_04,id_00,id_00/normal/00000217.wav,0,14.173375129699707
id_04,id_00,id_00/normal/00000223.wav,0,13.664403915405273
id_04,id_00,id_00/normal/00000240.wav,0,9.186141014099121
id_04,id_00,id_00/normal/00000245.wav,0,7.8510332107543945
id_04,id_00,id_00/normal/00000249.wav,0,11.574984550476074
id_04,id_00,id_00/normal/00000254.wav,0,14.348249435424805
id_04,id_00,id_00/normal/00000257.wav,0,11.671011924743652
id_04,id_00,id_00/normal/00000261.wav,0,9.397109985351562
id_04,id_00,id_00/normal/00000271.wav,0,7.805389404296875
id_04,id_00,id_00/normal/00000272.wav,0,9.946380615234375
id_04,id_00,id_00/normal/00000273.wav,0,8.089061737060547
id_04,id_00,id_00/normal/00000274.wav,0,10.463359832763672
id_04,id_00,id_00/normal/00000286.wav,0,11.751212120056152
id_04,id_00,id_00/normal/00000293.wav,0,10.91336727142334
id_04,id_00,id_00/normal/00000297.wav,0,15.261277198791504
id_04,id_00,id_00/normal/00000298.wav,0,10.982223510742188
id_04,id_00,id_00/normal/00000300.wav,0,17.795053482055664
id_04,id_00,id_00/normal/00000301.wav,0,10.095991134643555
id_04,id_00,id_00/normal/00000307.wav,0,7.504870414733887
id_04,id_00,id_00/normal/00000313.wav,0,9.130242347717285
id_04,id_00,id_00/normal/00000315.wav,0,10.016348838806152
id_04,id_00,id_00/normal/00000320.wav,0,9.229691505432129
id_04,id_00,id_00/normal/00000322.wav,0,9.820450782775879
id_04,id_00,id_00/normal/00000325.wav,0,9.189780235290527
id_04,id_00,id_00/normal/00000330.wav,0,15.77686882019043
id_04,id_00,id_00/normal/00000331.wav,0,14.534916877746582
id_04,id_00,id_00/normal/00000334.wav,0,11.322729110717773
id_04,id_00,id_00/normal/00000339.wav,0,11.926963806152344
id_04,id_00,id_00/normal/00000373.wav,0,7.279169082641602
id_04,id_00,id_00/normal/00000378.wav,0,9.49514102935791
id_04,id_00,id_00/normal/00000386.wav,0,10.656754493713379
id_04,id_00,id_00/normal/00000391.wav,0,11.48154354095459
id_04,id_00,id_00/normal/00000394.wav,0,9.366089820861816
id_04,id_00,id_00/normal/00000404.wav,0,10.024726867675781
id_04,id_00,id_00/normal/00000417.wav,0,7.652620315551758
id_04,id_00,id_00/normal/00000429.wav,0,9.660003662109375
id_04,id_00,id_00/normal/00000434.wav,0,10.170732498168945
id_04,id_00,id_00/normal/00000449.wav,0,8.246065139770508
id_04,id_00,id_00/normal/00000467.wav,0,11.308167457580566
id_04,id_00,id_00/normal/00000475.wav,0,10.022619247436523
id_04,id_00,id_00/normal/00000480.wav,0,7.87825870513916
id_04,id_00,id_00/normal/00000493.wav,0,9.5243558883667
id_04,id_00,id_00/normal/00000501.wav,0,7.1818132400512695
id_04,id_00,id_00/normal/00000509.wav,0,7.926336288452148
id_04,id_00,id_00/normal/00000516.wav,0,7.878159046173096
id_04,id_00,id_00/normal/00000517.wav,0,11.822087287902832
id_04,id_00,id_00/normal/00000528.wav,0,10.8635892868042
id_04,id_00,id_00/normal/00000539.wav,0,7.5902099609375
id_04,id_00,id_00/normal/00000549.wav,0,12.133182525634766
id_04,id_00,id_00/normal/00000552.wav,0,7.874392509460449
id_04,id_00,id_00/normal/00000559.wav,0,10.286628723144531
id_04,id_00,id_00/normal/00000561.wav,0,6.9220685958862305
id_04,id_00,id_00/normal/00000563.wav,0,7.2745819091796875
id_04,id_00,id_00/normal/00000564.wav,0,16.209775924682617
id_04,id_00,id_00/normal/00000569.wav,0,9.651168823242188
id_04,id_00,id_00/normal/00000573.wav,0,13.369950294494629
id_04,id_00,id_00/normal/00000589.wav,0,11.304277420043945
id_04,id_00,id_00/normal/00000590.wav,0,7.668351650238037
id_04,id_00,id_00/normal/00000597.wav,0,12.103790283203125
id_04,id_00,id_00/normal/00000607.wav,0,11.342577934265137
id_04,id_00,id_00/normal/00000623.wav,0,8.854990005493164
id_04,id_00,id_00/normal/00000635.wav,0,10.787232398986816
id_04,id_00,id_00/normal/00000637.wav,0,8.173498153686523
id_04,id_00,id_00/normal/00000655.wav,0,11.921592712402344
id_04,id_00,id_00/normal/00000656.wav,0,8.706521987915039
id_04,id_00,id_00/normal/00000667.wav,0,13.858803749084473
id_04,id_00,id_00/normal/00000675.wav,0,9.195513725280762
id_04,id_00,id_00/normal/00000676.wav,0,15.142670631408691
id_04,id_00,id_00/normal/00000677.wav,0,7.130189418792725
id_04,id_00,id_00/normal/00000681.wav,0,7.8786773681640625
id_04,id_00,id_00/normal/00000686.wav,0,7.140511512756348
id_04,id_00,id_00/normal/00000687.wav,0,15.133990287780762
id_04,id_00,id_00/normal/00000690.wav,0,7.082639694213867
id_04,id_00,id_00/normal/00000691.wav,0,7.352831840515137
id_04,id_00,id_00/normal/00000695.wav,0,9.40652084350586
id_04,id_00,id_00/normal/00000702.wav,0,17.086557388305664
id_04,id_00,id_00/normal/00000717.wav,0,9.35838794708252
id_04,id_00,id_00/normal/00000720.wav,0,11.158215522766113
id_04,id_00,id_00/normal/00000725.wav,0,13.97568416595459
id_04,id_00,id_00/normal/00000726.wav,0,9.334003448486328
id_04,id_00,id_00/normal/00000727.wav,0,8.236639022827148
id_04,id_00,id_00/normal/00000730.wav,0,8.355026245117188
id_04,id_00,id_00/normal/00000732.wav,0,10.169880867004395
id_04,id_00,id_00/normal/00000740.wav,0,10.901403427124023
id_04,id_00,id_00/normal/00000747.wav,0,23.189706802368164
id_04,id_00,id_00/normal/00000754.wav,0,14.43846321105957
id_04,id_00,id_00/normal/00000755.wav,0,7.70119571685791
id_04,id_00,id_00/normal/00000758.wav,0,12.39254379272461
id_04,id_00,id_00/normal/00000763.wav,0,13.401496887207031
id_04,id_00,id_00/normal/00000764.wav,0,7.465913772583008
id_04,id_00,id_00/normal/00000773.wav,0,11.173174858093262
id_04,id_00,id_00/normal/00000776.wav,0,10.195859909057617
id_04,id_00,id_00/normal/00000778.wav,0,9.730122566223145
id_04,id_00,id_00/normal/00000780.wav,0,11.275275230407715
id_04,id_00,id_00/normal/00000785.wav,0,14.589046478271484
id_04,id_00,id_00/normal/00000804.wav,0,14.685117721557617
id_04,id_00,id_00/normal/00000817.wav,0,11.674485206604004
id_04,id_00,id_00/normal/00000818.wav,0,22.658802032470703
id_04,id_00,id_00/normal/00000823.wav,0,11.074329376220703
id_04,id_00,id_00/normal/00000827.wav,0,12.726783752441406
id_04,id_00,id_00/normal/00000833.wav,0,9.75089168548584
id_04,id_00,id_00/normal/00000842.wav,0,13.034677505493164
id_04,id_00,id_00/normal/00000848.wav,0,10.241533279418945
id_04,id_00,id_00/normal/00000850.wav,0,11.667959213256836
id_04,id_00,id_00/normal/00000854.wav,0,10.094809532165527
id_04,id_00,id_00/normal/00000858.wav,0,12.917040824890137
id_04,id_00,id_00/normal/00000862.wav,0,7.713995456695557
id_04,id_00,id_00/normal/00000863.wav,0,14.631760597229004
id_04,id_00,id_00/normal/00000885.wav,0,15.253400802612305
id_04,id_00,id_00/normal/00000888.wav,0,7.472737789154053
id_04,id_00,id_00/normal/00000895.wav,0,6.58546781539917
id_04,id_00,id_00/normal/00000903.wav,0,15.160603523254395
id_04,id_00,id_00/normal/00000915.wav,0,8.101985931396484
id_04,id_00,id_00/normal/00000919.wav,0,14.062626838684082
id_04,id_00,id_00/normal/00000929.wav,0,9.790446281433105
id_04,id_00,id_00/normal/00000930.wav,0,7.289236545562744
id_04,id_00,id_00/normal/00000931.wav,0,7.808028221130371
id_04,id_00,id_00/normal/00000942.wav,0,11.031466484069824
id_04,id_00,id_00/normal/00000951.wav,0,11.03747272491455
id_04,id_00,id_00/normal/00000953.wav,0,9.483107566833496
id_04,id_00,id_00/normal/00000954.wav,0,8.13664436340332
id_04,id_00,id_00/normal/00000961.wav,0,7.024674892425537
id_04,id_00,id_00/normal/00000967.wav,0,19.99915885925293
id_04,id_00,id_00/normal/00000977.wav,0,11.117058753967285
id_04,id_00,id_00/normal/00000997.wav,0,16.10540008544922
id_04,id_00,id_00/abnormal/00000000.wav,1,30.804964065551758
id_04,id_00,id_00/abnormal/00000001.wav,1,25.063549041748047
id_04,id_00,id_00/abnormal/00000002.wav,1,23.197914123535156
id_04,id_00,id_00/abnormal/00000003.wav,1,27.057153701782227
id_04,id_00,id_00/abnormal/00000004.wav,1,9.507365226745605
id_04,id_00,id_00/abnormal/00000006.wav,1,14.129725456237793
id_04,id_00,id_00/abnormal/00000007.wav,1,13.443385124206543
id_04,id_00,id_00/abnormal/00000008.wav,1,9.411081314086914
id_04,id_00,id_00/abnormal/00000010.wav,1,13.156537055969238
id_04,id_00,id_00/abnormal/00000011.wav,1,9.402679443359375
id_04,id_00,id_00/abnormal/00000012.wav,1,21.63642120361328
id_04,id_00,id_00/abnormal/00000013.wav,1,23.567867279052734
id_04,id_00,id_00/abnormal/00000014.wav,1,19.698932647705078
id_04,id_00,id_00/abnormal/00000016.wav,1,14.380663871765137
id_04,id_00,id_00/abnormal/00000017.wav,1,25.969120025634766
id_04,id_00,id_00/abnormal/00000018.wav,1,7.7296552658081055
id_04,id_00,id_00/abnormal/00000019.wav,1,9.205883979797363
id_04,id_00,id_00/abnormal/00000020.wav,1,13.02648639678955
id_04,id_00,id_00/abnormal/00000022.wav,1,20.753076553344727
id_04,id_00,id_00/abnormal/00000023.wav,1,11.977384567260742
id_04,id_00,id_00/abnormal/00000024.wav,1,9.524206161499023
id_04,id_00,id_00/abnormal/00000025.wav,1,13.101480484008789
id_04,id_00,id_00/abnormal/00000026.wav,1,25.570114135742188
id_04,id_00,id_00/abnormal/00000027.wav,1,13.118224143981934
id_04,id_00,id_00/abnormal/00000028.wav,1,17.390682220458984
id_04,id_00,id_00/abnormal/00000031.wav,1,8.90225887298584
id_04,id_00,id_00/abnormal/00000032.wav,1,8.837774276733398
id_04,id_00,id_00/abnormal/00000033.wav,1,15.332537651062012
id_04,id_00,id_00/abnormal/00000034.wav,1,13.897758483886719
id_04,id_00,id_00/abnormal/00000035.wav,1,18.3388671875
id_04,id_00,id_00/abnormal/00000036.wav,1,14.774860382080078
id_04,id_00,id_00/abnormal/00000038.wav,1,9.70471477508545
id_04,id_00,id_00/abnormal/00000040.wav,1,17.075366973876953
id_04,id_00,id_00/abnormal/00000042.wav,1,9.148320198059082
id_04,id_00,id_00/abnormal/00000043.wav,1,8.668585777282715
id_04,id_00,id_00/abnormal/00000045.wav,1,14.05940055847168
id_04,id_00,id_00/abnormal/00000046.wav,1,12.433419227600098
id_04,id_00,id_00/abnormal/00000047.wav,1,13.881893157958984
id_04,id_00,id_00/abnormal/00000048.wav,1,14.12306022644043
id_04,id_00,id_00/abnormal/00000050.wav,1,13.122333526611328
id_04,id_00,id_00/abnormal/00000052.wav,1,14.661384582519531
id_04,id_00,id_00/abnormal/00000053.wav,1,13.475020408630371
id_04,id_00,id_00/abnormal/00000054.wav,1,9.429433822631836
id_04,id_00,id_00/abnormal/00000055.wav,1,9.214510917663574
id_04,id_00,id_00/abnormal/00000056.wav,1,23.167736053466797
id_04,id_00,id_00/abnormal/00000057.wav,1,19.339357376098633
id_04,id_00,id_00/abnormal/00000058.wav,1,9.405016899108887
id_04,id_00,id_00/abnormal/00000060.wav,1,13.378436088562012
id_04,id_00,id_00/abnormal/00000063.wav,1,8.876441955566406
id_04,id_00,id_00/abnormal/00000064.wav,1,15.677312850952148
id_04,id_00,id_00/abnormal/00000065.wav,1,26.519405364990234
id_04,id_00,id_00/abnormal/00000067.wav,1,9.84569263458252
id_04,id_00,id_00/abnormal/00000068.wav,1,26.702430725097656
id_04,id_00,id_00/abnormal/00000069.wav,1,9.807239532470703
id_04,id_00,id_00/abnormal/00000070.wav,1,10.152985572814941
id_04,id_00,id_00/abnormal/00000071.wav,1,8.63696575164795
id_04,id_00,id_00/abnormal/00000072.wav,1,13.04476547241211
id_04,id_00,id_00/abnormal/00000073.wav,1,22.438854217529297
id_04,id_00,id_00/abnormal/00000075.wav,1,9.583490371704102
id_04,id_00,id_00/abnormal/00000077.wav,1,26.111053466796875
id_04,id_00,id_00/abnormal/00000078.wav,1,14.412851333618164
id_04,id_00,id_00/abnormal/00000079.wav,1,20.024423599243164
id_04,id_00,id_00/abnormal/00000080.wav,1,9.068806648254395
id_04,id_00,id_00/abnormal/00000082.wav,1,10.97298526763916
id_04,id_00,id_00/abnormal/00000084.wav,1,13.22783088684082
id_04,id_00,id_00/abnormal/00000086.wav,1,9.121408462524414
id_04,id_00,id_00/abnormal/00000088.wav,1,14.978829383850098
id_04,id_00,id_00/abnormal/00000089.wav,1,19.000228881835938
id_04,id_00,id_00/abnormal/00000090.wav,1,20.737567901611328
id_04,id_00,id_00/abnormal/00000091.wav,1,11.468146324157715
id_04,id_00,id_00/abnormal/00000092.wav,1,12.946154594421387
id_04,id_00,id_00/abnormal/00000093.wav,1,20.036354064941406
id_04,id_00,id_00/abnormal/00000094.wav,1,10.987475395202637
id_04,id_00,id_00/abnormal/00000095.wav,1,10.797487258911133
id_04,id_00,id_00/abnormal/00000096.wav,1,12.398526191711426
id_04,id_00,id_00/abnormal/00000097.wav,1,21.52478790283203
id_04,id_00,id_00/abnormal/00000099.wav,1,8.75080680847168
id_04,id_00,id_00/abnormal/00000100.wav,1,26.079933166503906
id_04,id_00,id_00/abnormal/00000101.wav,1,19.27115249633789
id_04,id_00,id_00/abnormal/00000102.wav,1,9.28998851776123
id_04,id_00,id_00/abnormal/00000103.wav,1,9.228169441223145
id_04,id_00,id_00/abnormal/00000104.wav,1,19.496213912963867
id_04,id_00,id_00/abnormal/00000106.wav,1,20.980188369750977
id_04,id_00,id_00/abnormal/00000107.wav,1,22.551252365112305
id_04,id_00,id_00/abnormal/00000109.wav,1,12.640841484069824
id_04,id_00,id_00/abnormal/00000111.wav,1,8.882490158081055
id_04,id_00,id_00/abnormal/00000112.wav,1,14.33060359954834
id_04,id_00,id_00/abnormal/00000113.wav,1,9.92717170715332
id_04,id_00,id_00/abnormal/00000114.wav,1,8.686156272888184
id_04,id_00,id_00/abnormal/00000116.wav,1,24.284221649169922
id_04,id_00,id_00/abnormal/00000117.wav,1,19.396133422851562
id_04,id_00,id_00/abnormal/00000118.wav,1,12.696185111999512
id_04,id_00,id_00/abnormal/00000119.wav,1,26.173025131225586
id_04,id_00,id_00/abnormal/00000121.wav,1,15.498480796813965
id_04,id_00,id_00/abnormal/00000124.wav,1,22.731861114501953
id_04,id_00,id_00/abnormal/00000125.wav,1,20.84590721130371
id_04,id_00,id_00/abnormal/00000126.wav,1,12.977296829223633
id_04,id_00,id_00/abnormal/00000127.wav,1,17.917444229125977
id_04,id_00,id_00/abnormal/00000128.wav,1,11.537923812866211
id_04,id_00,id_00/abnormal/00000129.wav,1,9.44697380065918
id_04,id_00,id_00/abnormal/00000130.wav,1,21.038347244262695
id_04,id_00,id_00/abnormal/00000131.wav,1,9.360665321350098
id_04,id_00,id_00/abnormal/00000132.wav,1,15.606600761413574
id_04,id_00,id_00/abnormal/00000133.wav,1,27.17160987854004
id_04,id_00,id_00/abnormal/00000134.wav,1,9.549254417419434
id_04,id_00,id_00/abnormal/00000136.wav,1,15.857861518859863
id_04,id_00,id_00/abnormal/00000137.wav,1,14.748515129089355
id_04,id_00,id_00/abnormal/00000138.wav,1,11.588022232055664
id_04,id_00,id_00/abnormal/00000141.wav,1,9.307676315307617
id_04,id_00,id_00/abnormal/00000142.wav,1,18.02151107788086
id_04,id_00,id_00/abnormal/00000143.wav,1,20.40658187866211
id_04,id_00,id_00/abnormal/00000144.wav,1,8.983599662780762
id_04,id_00,id_00/abnormal/00000145.wav,1,31.82163429260254
id_04,id_00,id_00/abnormal/00000146.wav,1,16.126148223876953
id_04,id_00,id_00/abnormal/00000147.wav,1,15.233790397644043
id_04,id_00,id_00/abnormal/00000148.wav,1,9.943971633911133
id_04,id_00,id_00/abnormal/00000149.wav,1,11.296908378601074
id_04,id_00,id_00/abnormal/00000150.wav,1,25.177703857421875
id_04,id_00,id_00/abnormal/00000151.wav,1,23.946531295776367
id_04,id_00,id_00/abnormal/00000152.wav,1,25.422887802124023
id_04,id_00,id_00/abnormal/00000153.wav,1,11.75692367553711
id_04,id_00,id_00/abnormal/00000155.wav,1,10.755800247192383
id_04,id_00,id_00/abnormal/00000156.wav,1,11.4121732711792
id_04,id_00,id_00/abnormal/00000158.wav,1,15.419037818908691
id_04,id_00,id_00/abnormal/00000159.wav,1,16.048643112182617
id_04,id_00,id_00/abnormal/00000160.wav,1,10.735033988952637
id_04,id_00,id_00/abnormal/00000162.wav,1,8.26431655883789
id_04,id_00,id_00/abnormal/00000164.wav,1,12.778502464294434
id_04,id_00,id_00/abnormal/00000165.wav,1,8.148945808410645
id_04,id_00,id_00/abnormal/00000166.wav,1,10.258673667907715
id_04,id_00,id_00/abnormal/00000167.wav,1,14.778841972351074
id_04,id_00,id_00/abnormal/00000169.wav,1,7.584862232208252
id_04,id_00,id_00/abnormal/00000170.wav,1,11.093311309814453
id_04,id_00,id_00/abnormal/00000171.wav,1,11.111005783081055
id_04,id_00,id_00/abnormal/00000172.wav,1,7.691908359527588
id_04,id_00,id_00/abnormal/00000175.wav,1,11.711966514587402
id_04,id_00,id_00/abnormal/00000176.wav,1,10.029316902160645
id_04,id_00,id_00/abnormal/00000177.wav,1,11.934123039245605
id_04,id_00,id_00/abnormal/00000179.wav,1,13.424491882324219
id_04,id_00,id_00/abnormal/00000180.wav,1,7.474820613861084
id_04,id_00,id_00/abnormal/00000181.wav,1,8.210978507995605
id_04,id_00,id_00/abnormal/00000182.wav,1,10.624995231628418
id_04,id_00,id_00/abnormal/00000183.wav,1,18.109027862548828
id_04,id_00,id_00/abnormal/00000184.wav,1,17.077579498291016
id_04,id_00,id_00/abnormal/00000185.wav,1,12.40263557434082
id_04,id_00,id_00/abnormal/00000186.wav,1,11.08150863647461
id_04,id_00,id_00/abnormal/00000187.wav,1,17.4283390045166
id_04,id_00,id_00/abnormal/00000189.wav,1,13.648548126220703
id_04,id_00,id_00/abnormal/00000190.wav,1,8.217267990112305
id_04,id_00,id_00/abnormal/00000191.wav,1,12.79365348815918
id_04,id_00,id_00/abnormal/00000192.wav,1,11.634749412536621
id_04,id_00,id_00/abnormal/00000194.wav,1,9.547079086303711
id_04,id_00,id_00/abnormal/00000195.wav,1,8.073273658752441
id_04,id_00,id_00/abnormal/00000196.wav,1,15.988727569580078
id_04,id_00,id_00/abnormal/00000197.wav,1,11.850768089294434
id_04,id_00,id_00/abnormal/00000198.wav,1,10.389094352722168
id_04,id_00,id_00/abnormal/00000200.wav,1,9.789408683776855
id_04,id_00,id_00/abnormal/00000201.wav,1,11.52680492401123
id_04,id_00,id_00/abnormal/00000203.wav,1,7.4419846534729
id_04,id_00,id_00/abnormal/00000204.wav,1,8.513046264648438
id_04,id_00,id_00/abnormal/00000205.wav,1,10.96034049987793
id_04,id_00,id_00/abnormal/00000206.wav,1,7.645814418792725
id_04,id_00,id_00/abnormal/00000207.wav,1,8.225526809692383
id_04,id_00,id_00/abnormal/00000208.wav,1,8.06324577331543
id_04,id_00,id_00/abnormal/00000209.wav,1,8.75879955291748
id_04,id_00,id_00/abnormal/00000210.wav,1,10.967296600341797
id_04,id_00,id_00/abnormal/00000211.wav,1,12.107376098632812
id_04,id_00,id_00/abnormal/00000213.wav,1,7.7696027755737305
id_04,id_00,id_00/abnormal/00000214.wav,1,10.004366874694824
id_04,id_00,id_00/abnormal/00000216.wav,1,8.18023681640625
id_04,id_00,id_00/abnormal/00000218.wav,1,16.56389808654785
id_04,id_00,id_00/abnormal/00000219.wav,1,12.822537422180176
id_04,id_00,id_00/abnormal/00000221.wav,1,12.68215274810791
id_04,id_00,id_00/abnormal/00000222.wav,1,15.388384819030762
id_04,id_00,id_00/abnormal/00000223.wav,1,10.930680274963379
id_04,id_00,id_00/abnormal/00000224.wav,1,9.383234024047852
id_04,id_00,id_00/abnormal/00000225.wav,1,13.3099946975708
id_04,id_00,id_00/abnormal/00000226.wav,1,7.168745517730713
id_04,id_00,id_00/abnormal/00000227.wav,1,7.8725810050964355
id_04,id_00,id_00/abnormal/00000228.wav,1,16.765668869018555
id_04,id_00,id_00/abnormal/00000229.wav,1,8.675315856933594
id_04,id_00,id_00/abnormal/00000230.wav,1,8.238243103027344
id_04,id_00,id_00/abnormal/00000231.wav,1,10.554594039916992
id_04,id_00,id_00/abnormal/00000232.wav,1,10.322919845581055
id_04,id_00,id_00/abnormal/00000233.wav,1,12.522502899169922
id_04,id_00,id_00/abnormal/00000234.wav,1,14.810827255249023
id_04,id_00,id_00/abnormal/00000235.wav,1,12.668102264404297
id_04,id_00,id_00/abnormal/00000236.wav,1,12.246232032775879
id_04,id_00,id_00/abnormal/00000238.wav,1,10.165127754211426
id_04,id_00,id_00/abnormal/00000239.wav,1,17.666851043701172
id_04,id_00,id_00/abnormal/00000240.wav,1,15.599933624267578
id_04,id_00,id_00/abnormal/00000241.wav,1,16.40522575378418
id_04,id_00,id_00/abnormal/00000242.wav,1,12.820924758911133
id_04,id_00,id_00/abnormal/00000243.wav,1,8.533368110656738
id_04,id_00,id_00/abnormal/00000244.wav,1,14.36198902130127
id_04,id_00,id_00/abnormal/00000247.wav,1,7.342045307159424
id_04,id_00,id_00/abnormal/00000248.wav,1,13.345657348632812
id_04,id_00,id_00/abnormal/00000250.wav,1,7.507983207702637
id_04,id_00,id_00/abnormal/00000251.wav,1,17.495849609375
id_04,id_00,id_00/abnormal/00000252.wav,1,13.511438369750977
id_04,id_00,id_00/abnormal/00000253.wav,1,14.586482048034668
id_04,id_00,id_00/abnormal/00000254.wav,1,11.171843528747559
id_04,id_00,id_00/abnormal/00000255.wav,1,12.868437767028809
id_04,id_00,id_00/abnormal/00000256.wav,1,12.730705261230469
id_04,id_00,id_00/abnormal/00000259.wav,1,10.859068870544434
id_04,id_00,id_00/abnormal/00000260.wav,1,12.621232032775879
id_04,id_00,id_00/abnormal/00000261.wav,1,8.087313652038574
id_04,id_00,id_00/abnormal/00000262.wav,1,12.965266227722168
id_04,id_00,id_00/abnormal/00000263.wav,1,21.83848762512207
id_04,id_00,id_00/abnormal/00000264.wav,1,14.60281753540039
id_04,id_00,id_00/abnormal/00000265.wav,1,9.292684555053711
id_04,id_00,id_00/abnormal/00000266.wav,1,7.47907829284668
id_04,id_00,id_00/abnormal/00000267.wav,1,11.710871696472168
id_04,id_00,id_00/abnormal/00000268.wav,1,7.587253093719482
id_04,id_00,id_00/abnormal/00000269.wav,1,11.81964111328125
id_04,id_00,id_00/abnormal/00000270.wav,1,9.722660064697266
id_04,id_00,id_00/abnormal/00000272.wav,1,15.813377380371094
id_04,id_00,id_00/abnormal/00000273.wav,1,14.826224327087402
id_04,id_00,id_00/abnormal/00000274.wav,1,6.978686332702637
id_04,id_00,id_00/abnormal/00000275.wav,1,7.375641822814941
id_04,id_00,id_00/abnormal/00000276.wav,1,12.271079063415527
id_04,id_00,id_00/abnormal/00000277.wav,1,9.192285537719727
id_04,id_00,id_00/abnormal/00000278.wav,1,7.229299545288086
id_04,id_00,id_00/abnormal/00000279.wav,1,17.826473236083984
id_04,id_00,id_00/abnormal/00000280.wav,1,10.039172172546387
id_04,id_00,id_00/abnormal/00000281.wav,1,7.140655040740967
id_04,id_00,id_00/abnormal/00000282.wav,1,17.31968116760254
id_04,id_00,id_00/abnormal/00000283.wav,1,9.469109535217285
id_04,id_00,id_00/abnormal/00000284.wav,1,6.916865825653076
id_04,id_00,id_00/abnormal/00000285.wav,1,9.695821762084961
id_04,id_00,id_00/abnormal/00000286.wav,1,8.827396392822266
id_04,id_00,id_00/abnormal/00000287.wav,1,10.755040168762207
id_04,id_00,id_00/abnormal/00000288.wav,1,7.3348236083984375
id_04,id_00,id_00/abnormal/00000289.wav,1,10.742403984069824
id_04,id_00,id_00/abnormal/00000290.wav,1,19.516080856323242
id_04,id_00,id_00/abnormal/00000292.wav,1,8.037409782409668
id_04,id_00,id_00/abnormal/00000293.wav,1,14.335664749145508
id_04,id_00,id_00/abnormal/00000294.wav,1,10.045950889587402
id_04,id_00,id_00/abnormal/00000295.wav,1,10.69896411895752
id_04,id_00,id_00/abnormal/00000296.wav,1,7.5767340660095215
id_04,id_00,id_00/abnormal/00000298.wav,1,9.814014434814453
id_04,id_00,id_00/abnormal/00000300.wav,1,12.367032051086426
id_04,id_00,id_00/abnormal/00000301.wav,1,8.891762733459473
id_04,id_00,id_00/abnormal/00000302.wav,1,14.874618530273438
id_04,id_00,id_00/abnormal/00000303.wav,1,7.095833778381348
id_04,id_00,id_00/abnormal/00000304.wav,1,7.336323261260986
id_04,id_00,id_00/abnormal/00000306.wav,1,7.531594753265381
id_04,id_00,id_00/abnormal/00000308.wav,1,7.817221164703369
id_04,id_00,id_00/abnormal/00000309.wav,1,17.135475158691406
id_04,id_00,id_00/abnormal/00000311.wav,1,10.825163841247559
id_04,id_00,id_00/abnormal/00000313.wav,1,15.136833190917969
id_04,id_00,id_00/abnormal/00000314.wav,1,12.074454307556152
id_04,id_00,id_00/abnormal/00000316.wav,1,7.570536136627197
id_04,id_00,id_00/abnormal/00000317.wav,1,10.426241874694824
id_04,id_00,id_00/abnormal/00000318.wav,1,15.737875938415527
id_04,id_00,id_00/abnormal/00000319.wav,1,7.303919792175293
id_04,id_00,id_00/abnormal/00000320.wav,1,8.693037986755371
id_04,id_00,id_00/abnormal/00000321.wav,1,10.735095977783203
id_04,id_00,id_00/abnormal/00000322.wav,1,11.747659683227539
id_04,id_00,id_00/abnormal/00000323.wav,1,13.05459976196289
id_04,id_00,id_00/abnormal/00000324.wav,1,7.655205726623535
id_04,id_00,id_00/abnormal/00000325.wav,1,10.457513809204102
id_04,id_00,id_00/abnormal/00000327.wav,1,9.563765525817871
id_04,id_00,id_00/abnormal/00000328.wav,1,10.045010566711426
id_04,id_00,id_00/abnormal/00000329.wav,1,9.457500457763672
id_04,id_00,id_00/abnormal/00000330.wav,1,9.749655723571777
id_04,id_00,id_00/abnormal/00000331.wav,1,11.166272163391113
id_04,id_00,id_00/abnormal/00000332.wav,1,7.59714937210083
id_04,id_00,id_00/abnormal/00000333.wav,1,8.034131050109863
id_04,id_00,id_00/abnormal/00000334.wav,1,11.547589302062988
id_04,id_00,id_00/abnormal/00000337.wav,1,12.744224548339844
id_04,id_00,id_00/abnormal/00000338.wav,1,9.396411895751953
id_04,id_00,id_00/abnormal/00000339.wav,1,20.275249481201172
id_04,id_00,id_00/abnormal/00000340.wav,1,14.455252647399902
id_04,id_00,id_00/abnormal/00000341.wav,1,10.810952186584473
id_04,id_00,id_00/abnormal/00000344.wav,1,10.297329902648926
id_04,id_00,id_00/abnormal/00000345.wav,1,11.707228660583496
id_04,id_00,id_00/abnormal/00000346.wav,1,18.191896438598633
id_04,id_00,id_00/abnormal/00000347.wav,1,11.264915466308594
id_04,id_00,id_00/abnormal/00000348.wav,1,9.592121124267578
id_04,id_00,id_00/abnormal/00000349.wav,1,9.284045219421387
id_04,id_00,id_00/abnormal/00000351.wav,1,11.74434757232666
id_04,id_00,id_00/abnormal/00000352.wav,1,6.992793083190918
id_04,id_00,id_00/abnormal/00000355.wav,1,9.99806022644043
id_04,id_00,id_00/abnormal/00000357.wav,1,9.088371276855469
id_04,id_00,id_00/abnormal/00000359.wav,1,9.853371620178223
id_04,id_00,id_00/abnormal/00000360.wav,1,14.865675926208496
id_04,id_00,id_00/abnormal/00000361.wav,1,9.07452392578125
id_04,id_00,id_00/abnormal/00000362.wav,1,7.653527736663818
id_04,id_00,id_00/abnormal/00000363.wav,1,7.178496360778809
id_04,id_00,id_00/abnormal/00000364.wav,1,11.563516616821289
id_04,id_00,id_00/abnormal/00000365.wav,1,15.604561805725098
id_04,id_00,id_00/abnormal/00000367.wav,1,17.081085205078125
id_04,id_00,id_00/abnormal/00000368.wav,1,18.335899353027344
id_04,id_00,id_00/abnormal/00000371.wav,1,19.612092971801758
id_04,id_00,id_00/abnormal/00000373.wav,1,10.557257652282715
id_04,id_00,id_00/abnormal/00000374.wav,1,7.175898551940918
id_04,id_00,id_00/abnormal/00000375.wav,1,12.252889633178711
id_04,id_00,id_00/abnormal/00000377.wav,1,7.530531406402588
id_04,id_00,id_00/abnormal/00000378.wav,1,14.439493179321289
id_04,id_00,id_00/abnormal/00000379.wav,1,7.0682172775268555
id_04,id_00,id_00/abnormal/00000380.wav,1,7.011178493499756
id_04,id_00,id_00/abnormal/00000382.wav,1,9.296001434326172
id_04,id_00,id_00/abnormal/00000383.wav,1,15.283226013183594
id_04,id_00,id_00/abnormal/00000384.wav,1,12.09839153289795
id_04,id_00,id_00/abnormal/00000385.wav,1,7.541640281677246
id_04,id_00,id_00/abnormal/00000389.wav,1,21.103883743286133
id_04,id_00,id_00/abnormal/00000390.wav,1,10.024964332580566
id_04,id_00,id_00/abnormal/00000391.wav,1,7.826759338378906
id_04,id_00,id_00/abnormal/00000392.wav,1,15.156898498535156
id_04,id_00,id_00/abnormal/00000393.wav,1,7.40714168548584
id_04,id_00,id_00/abnormal/00000395.wav,1,13.597824096679688
id_04,id_00,id_00/abnormal/00000396.wav,1,14.843592643737793
id_04,id_00,id_00/abnormal/00000397.wav,1,14.426483154296875
id_04,id_00,id_00/abnormal/00000398.wav,1,13.699070930480957
id_04,id_00,id_00/abnormal/00000400.wav,1,17.735877990722656
id_04,id_00,id_00/abnormal/00000402.wav,1,7.750475883483887
id_04,id_00,id_00/abnormal/00000403.wav,1,7.5543107986450195
id_04,id_00,id_00/abnormal/00000404.wav,1,9.055168151855469
id_04,id_00,id_00/abnormal/00000405.wav,1,8.090023040771484
id_04,id_02,id_02/normal/00000002.wav,0,8.543257713317871
id_04,id_02,id_02/normal/00000006.wav,0,7.496056079864502
id_04,id_02,id_02/normal/00000008.wav,0,9.451708793640137
id_04,id_02,id_02/normal/00000012.wav,0,10.149110794067383
id_04,id_02,id_02/normal/00000013.wav,0,8.757614135742188
id_04,id_02,id_02/normal/00000014.wav,0,8.03343391418457
id_04,id_02,id_02/normal/00000026.wav,0,7.596724033355713
id_04,id_02,id_02/normal/00000029.wav,0,7.366016864776611
id_04,id_02,id_02/normal/00000033.wav,0,8.589765548706055
id_04,id_02,id_02/normal/00000039.wav,0,8.642610549926758
id_04,id_02,id_02/normal/00000043.wav,0,8.504444122314453
id_04,id_02,id_02/normal/00000048.wav,0,7.122495651245117
id_04,id_02,id_02/normal/00000050.wav,0,8.008124351501465
id_04,id_02,id_02/normal/00000054.wav,0,9.042252540588379
id_04,id_02,id_02/normal/00000059.wav,0,9.064845085144043
id_04,id_02,id_02/normal/00000064.wav,0,7.400681018829346
id_04,id_02,id_02/normal/00000068.wav,0,7.546943187713623
id_04,id_02,id_02/normal/00000080.wav,0,9.730121612548828
id_04,id_02,id_02/normal/00000090.wav,0,7.310634613037109
id_04,id_02,id_02/normal/00000091.wav,0,9.223119735717773
id_04,id_02,id_02/normal/00000102.wav,0,7.966931343078613
id_04,id_02,id_02/normal/00000109.wav,0,8.473099708557129
id_04,id_02,id_02/normal/00000111.wav,0,9.534655570983887
id_04,id_02,id_02/normal/00000119.wav,0,7.549455642700195
id_04,id_02,id_02/normal/00000121.wav,0,8.979984283447266
id_04,id_02,id_02/normal/00000124.wav,0,9.062134742736816
id_04,id_02,id_02/normal/00000127.wav,0,8.203052520751953
id_04,id_02,id_02/normal/00000133.wav,0,8.205560684204102
id_04,id_02,id_02/normal/00000144.wav,0,10.577129364013672
id_04,id_02,id_02/normal/00000155.wav,0,9.942218780517578
id_04,id_02,id_02/normal/00000170.wav,0,7.40028190612793
id_04,id_02,id_02/normal/00000176.wav,0,8.376261711120605
id_04,id_02,id_02/normal/00000191.wav,0,7.458098888397217
id_04,id_02,id_02/normal/00000196.wav,0,9.009414672851562
id_04,id_02,id_02/normal/00000217.wav,0,7.963419437408447
id_04,id_02,id_02/normal/00000225.wav,0,7.6338934898376465
id_04,id_02,id_02/normal/00000227.wav,0,8.788301467895508
id_04,id_02,id_02/normal/00000230.wav,0,8.393366813659668
id_04,id_02,id_02/normal/00000242.wav,0,8.83182144165039
id_04,id_02,id_02/normal/00000245.wav,0,8.21755599975586
id_04,id_02,id_02/normal/00000246.wav,0,7.3424906730651855
id_04,id_02,id_02/normal/00000250.wav,0,7.4881205558776855
id_04,id_02,id_02/normal/00000255.wav,0,9.107397079467773
id_04,id_02,id_02/normal/00000258.wav,0,7.447006702423096
id_04,id_02,id_02/normal/00000262.wav,0,8.574610710144043
id_04,id_02,id_02/normal/00000275.wav,0,8.43823528289795
id_04,id_02,id_02/normal/00000287.wav,0,10.04240608215332
id_04,id_02,id_02/normal/00000291.wav,0,7.450774669647217
id_04,id_02,id_02/normal/00000302.wav,0,9.947423934936523
id_04,id_02,id_02/normal/00000306.wav,0,9.176194190979004
id_04,id_02,id_02/normal/00000310.wav,0,7.645802021026611
id_04,id_02,id_02/normal/00000317.wav,0,10.38370132446289
id_04,id_02,id_02/normal/00000321.wav,0,8.60641098022461
id_04,id_02,id_02/normal/00000326.wav,0,8.753283500671387
id_04,id_02,id_02/normal/00000339.wav,0,8.467140197753906
id_04,id_02,id_02/normal/00000345.wav,0,10.880911827087402
id_04,id_02,id_02/normal/00000353.wav,0,10.802794456481934
id_04,id_02,id_02/normal/00000357.wav,0,8.162323951721191
id_04,id_02,id_02/normal/00000361.wav,0,9.42359447479248
id_04,id_02,id_02/normal/00000363.wav,0,8.545123100280762
id_04,id_02,id_02/normal/00000369.wav,0,8.954370498657227
id_04,id_02,id_02/normal/00000370.wav,0,8.151517868041992
id_04,id_02,id_02/normal/00000371.wav,0,9.645573616027832
id_04,id_02,id_02/normal/00000379.wav,0,7.627686500549316
id_04,id_02,id_02/normal/00000383.wav,0,8.396428108215332
id_04,id_02,id_02/normal/00000388.wav,0,7.846408843994141
id_04,id_02,id_02/normal/00000397.wav,0,8.443553924560547
id_04,id_02,id_02/normal/00000398.wav,0,8.855521202087402
id_04,id_02,id_02/normal/00000404.wav,0,10.319263458251953
id_04,id_02,id_02/normal/00000405.wav,0,7.4357590675354
id_04,id_02,id_02/normal/00000408.wav,0,7.393980979919434
id_04,id_02,id_02/normal/00000414.wav,0,10.44264030456543
id_04,id_02,id_02/normal/00000416.wav,0,7.493641376495361
id_04,id_02,id_02/normal/00000442.wav,0,8.14904499053955
id_04,id_02,id_02/normal/00000451.wav,0,7.5622711181640625
id_04,id_02,id_02/normal/00000473.wav,0,8.493880271911621
id_04,id_02,id_02/normal/00000481.wav,0,9.790712356567383
id_04,id_02,id_02/normal/00000484.wav,0,10.145944595336914
id_04,id_02,id_02/normal/00000488.wav,0,7.544841766357422
id_04,id_02,id_02/normal/00000494.wav,0,8.387709617614746
id_04,id_02,id_02/normal/00000531.wav,0,10.894020080566406
id_04,id_02,id_02/normal/00000533.wav,0,7.5988078117370605
id_04,id_02,id_02/normal/00000538.wav,0,7.538118362426758
id_04,id_02,id_02/normal/00000540.wav,0,9.516611099243164
id_04,id_02,id_02/normal/00000545.wav,0,8.913844108581543
id_04,id_02,id_02/normal/00000546.wav,0,7.899058818817139
id_04,id_02,id_02/normal/00000551.wav,0,8.431134223937988
id_04,id_02,id_02/normal/00000556.wav,0,8.286515235900879
id_04,id_02,id_02/normal/00000557.wav,0,7.371020317077637
id_04,id_02,id_02/normal/00000567.wav,0,9.288660049438477
id_04,id_02,id_02/normal/00000577.wav,0,9.01973819732666
id_04,id_02,id_02/normal/00000583.wav,0,7.625715255737305
id_04,id_02,id_02/normal/00000584.wav,0,10.211838722229004
id_04,id_02,id_02/normal/00000589.wav,0,7.730260372161865
id_04,id_02,id_02/normal/00000596.wav,0,7.448078155517578
id_04,id_02,id_02/normal/00000599.wav,0,7.5447516441345215
id_04,id_02,id_02/normal/00000600.wav,0,7.643923282623291
id_04,id_02,id_02/normal/00000604.wav,0,8.594532012939453
id_04,id_02,id_02/normal/00000607.wav,0,7.663675785064697
id_04,id_02,id_02/normal/00000608.wav,0,9.861346244812012
id_04,id_02,id_02/normal/00000616.wav,0,9.432977676391602
id_04,id_02,id_02/normal/00000622.wav,0,9.811875343322754
id_04,id_02,id_02/normal/00000624.wav,0,8.735203742980957
id_04,id_02,id_02/normal/00000626.wav,0,9.714347839355469
id_04,id_02,id_02/normal/00000629.wav,0,8.982812881469727
id_04,id_02,id_02/normal/00000630.wav,0,7.599647521972656
id_04,id_02,id_02/normal/00000641.wav,0,7.689085006713867
id_04,id_02,id_02/normal/00000644.wav,0,9.753064155578613
id_04,id_02,id_02/normal/00000645.wav,0,7.620012283325195
id_04,id_02,id_02/normal/00000653.wav,0,8.299944877624512
id_04,id_02,id_02/normal/00000671.wav,0,10.036357879638672
id_04,id_02,id_02/normal/00000672.wav,0,11.294848442077637
id_04,id_02,id_02/normal/00000673.wav,0,8.478096008300781
id_04,id_02,id_02/normal/00000674.wav,0,9.4260835647583
id_04,id_02,id_02/normal/00000681.wav,0,10.775465965270996
id_04,id_02,id_02/normal/00000690.wav,0,9.52346134185791
id_04,id_02,id_02/normal/00000692.wav,0,7.639365196228027
id_04,id_02,id_02/normal/00000705.wav,0,9.042108535766602
id_04,id_02,id_02/normal/00000706.wav,0,7.693619728088379
id_04,id_02,id_02/normal/00000715.wav,0,10.388818740844727
id_04,id_02,id_02/normal/00000733.wav,0,10.256218910217285
id_04,id_02,id_02/normal/00000735.wav,0,10.980900764465332
id_04,id_02,id_02/normal/00000745.wav,0,7.538668632507324
id_04,id_02,id_02/normal/00000747.wav,0,7.469470977783203
id_04,id_02,id_02/normal/00000757.wav,0,10.862154960632324
id_04,id_02,id_02/normal/00000758.wav,0,9.983048439025879
id_04,id_02,id_02/normal/00000759.wav,0,9.656905174255371
id_04,id_02,id_02/normal/00000770.wav,0,7.2828826904296875
id_04,id_02,id_02/normal/00000771.wav,0,8.739177703857422
id_04,id_02,id_02/normal/00000773.wav,0,8.51331615447998
id_04,id_02,id_02/normal/00000774.wav,0,8.349077224731445
id_04,id_02,id_02/normal/00000777.wav,0,7.517967224121094
id_04,id_02,id_02/normal/00000784.wav,0,7.274909019470215
id_04,id_02,id_02/normal/00000798.wav,0,7.606524467468262
id_04,id_02,id_02/normal/00000800.wav,0,10.259775161743164
id_04,id_02,id_02/normal/00000803.wav,0,7.475511074066162
id_04,id_02,id_02/normal/00000805.wav,0,10.113268852233887
id_04,id_02,id_02/normal/00000809.wav,0,7.587174892425537
id_04,id_02,id_02/normal/00000827.wav,0,9.12028694152832
id_04,id_02,id_02/normal/00000835.wav,0,7.735886573791504
id_04,id_02,id_02/normal/00000838.wav,0,8.780309677124023
id_04,id_02,id_02/normal/00000885.wav,0,7.586948394775391
id_04,id_02,id_02/normal/00000888.wav,0,9.007268905639648
id_04,id_02,id_02/normal/00000896.wav,0,10.05657958984375
id_04,id_02,id_02/normal/00000898.wav,0,8.067904472351074
id_04,id_02,id_02/normal/00000900.wav,0,8.90125846862793
id_04,id_02,id_02/normal/00000901.wav,0,10.110769271850586
id_04,id_02,id_02/normal/00000909.wav,0,11.036885261535645
id_04,id_02,id_02/normal/00000923.wav,0,9.045737266540527
id_04,id_02,id_02/normal/00000935.wav,0,8.404006004333496
id_04,id_02,id_02/normal/00000943.wav,0,8.345968246459961
id_04,id_02,id_02/normal/00000948.wav,0,7.9447832107543945
id_04,id_02,id_02/normal/00000949.wav,0,9.656807899475098
id_04,id_02,id_02/normal/00000967.wav,0,9.380804061889648
id_04,id_02,id_02/normal/00000969.wav,0,7.395660400390625
id_04,id_02,id_02/normal/00000972.wav,0,7.839754104614258
id_04,id_02,id_02/normal/00000986.wav,0,7.505080699920654
id_04,id_02,id_02/normal/00000994.wav,0,7.906796932220459
id_04,id_02,id_02/normal/00001000.wav,0,7.788757801055908
id_04,id_02,id_02/normal/00001002.wav,0,8.151956558227539
id_04,id_02,id_02/abnormal/00000000.wav,1,13.108542442321777
id_04,id_02,id_02/abnormal/00000001.wav,1,10.701872825622559
id_04,id_02,id_02/abnormal/00000002.wav,1,8.027713775634766
id_04,id_02,id_02/abnormal/00000003.wav,1,16.209911346435547
id_04,id_02,id_02/abnormal/00000004.wav,1,11.982421875
id_04,id_02,id_02/abnormal/00000005.wav,1,11.637625694274902
id_04,id_02,id_02/abnormal/00000006.wav,1,9.8681058883667
id_04,id_02,id_02/abnormal/00000007.wav,1,8.471054077148438
id_04,id_02,id_02/abnormal/00000008.wav,1,12.203842163085938
id_04,id_02,id_02/abnormal/00000009.wav,1,8.148649215698242
id_04,id_02,id_02/abnormal/00000010.wav,1,10.39050579071045
id_04,id_02,id_02/abnormal/00000011.wav,1,8.379461288452148
id_04,id_02,id_02/abnormal/00000012.wav,1,8.35105037689209
id_04,id_02,id_02/abnormal/00000013.wav,1,11.446077346801758
id_04,id_02,id_02/abnormal/00000015.wav,1,8.46191120147705
id_04,id_02,id_02/abnormal/00000016.wav,1,8.000911712646484
id_04,id_02,id_02/abnormal/00000018.wav,1,11.87752914428711
id_04,id_02,id_02/abnormal/00000019.wav,1,10.858193397521973
id_04,id_02,id_02/abnormal/00000020.wav,1,12.409979820251465
id_04,id_02,id_02/abnormal/00000021.wav,1,18.65410804748535
id_04,id_02,id_02/abnormal/00000022.wav,1,8.91683292388916
id_04,id_02,id_02/abnormal/00000023.wav,1,11.382123947143555
id_04,id_02,id_02/abnormal/00000025.wav,1,15.111148834228516
id_04,id_02,id_02/abnormal/00000026.wav,1,10.674722671508789
id_04,id_02,id_02/abnormal/00000027.wav,1,9.771173477172852
id_04,id_02,id_02/abnormal/00000028.wav,1,14.461057662963867
id_04,id_02,id_02/abnormal/00000029.wav,1,9.815155029296875
id_04,id_02,id_02/abnormal/00000030.wav,1,16.849027633666992
id_04,id_02,id_02/abnormal/00000031.wav,1,8.313486099243164
id_04,id_02,id_02/abnormal/00000032.wav,1,9.467674255371094
id_04,id_02,id_02/abnormal/00000033.wav,1,10.717934608459473
id_04,id_02,id_02/abnormal/00000034.wav,1,17.205745697021484
id_04,id_02,id_02/abnormal/00000035.wav,1,9.636617660522461
id_04,id_02,id_02/abnormal/00000036.wav,1,11.89083194732666
id_04,id_02,id_02/abnormal/00000037.wav,1,12.292591094970703
id_04,id_02,id_02/abnormal/00000038.wav,1,10.346863746643066
id_04,id_02,id_02/abnormal/00000039.wav,1,8.16667366027832
id_04,id_02,id_02/abnormal/00000040.wav,1,9.794946670532227
id_04,id_02,id_02/abnormal/00000041.wav,1,7.982460975646973
id_04,id_02,id_02/abnormal/00000042.wav,1,8.641281127929688
id_04,id_02,id_02/abnormal/00000044.wav,1,10.794198989868164
id_04,id_02,id_02/abnormal/00000045.wav,1,10.196626663208008
id_04,id_02,id_02/abnormal/00000046.wav,1,10.63485336303711
id_04,id_02,id_02/abnormal/00000047.wav,1,15.132561683654785
id_04,id_02,id_02/abnormal/00000048.wav,1,8.2985200881958
id_04,id_02,id_02/abnormal/00000049.wav,1,15.482671737670898
id_04,id_02,id_02/abnormal/00000050.wav,1,10.546172142028809
id_04,id_02,id_02/abnormal/00000052.wav,1,11.152470588684082
id_04,id_02,id_02/abnormal/00000053.wav,1,9.757954597473145
id_04,id_02,id_02/abnormal/00000054.wav,1,10.706689834594727
id_04,id_02,id_02/abnormal/00000055.wav,1,9.516921997070312
id_04,id_02,id_02/abnormal/00000056.wav,1,8.042309761047363
id_04,id_02,id_02/abnormal/00000057.wav,1,18.24213409423828
id_04,id_02,id_02/abnormal/00000058.wav,1,8.538386344909668
id_04,id_02,id_02/abnormal/00000059.wav,1,9.96533203125
id_04,id_02,id_02/abnormal/00000060.wav,1,13.338147163391113
id_04,id_02,id_02/abnormal/00000061.wav,1,11.722268104553223
id_04,id_02,id_02/abnormal/00000062.wav,1,10.290163040161133
id_04,id_02,id_02/abnormal/00000063.wav,1,19.160659790039062
id_04,id_02,id_02/abnormal/00000064.wav,1,15.786457061767578
id_04,id_02,id_02/abnormal/00000065.wav,1,10.034696578979492
id_04,id_02,id_02/abnormal/00000066.wav,1,8.20512866973877
id_04,id_02,id_02/abnormal/00000067.wav,1,12.958782196044922
id_04,id_02,id_02/abnormal/00000069.wav,1,10.138117790222168
id_04,id_02,id_02/abnormal/00000070.wav,1,9.682560920715332
id_04,id_02,id_02/abnormal/00000071.wav,1,8.105299949645996
id_04,id_02,id_02/abnormal/00000072.wav,1,9.872459411621094
id_04,id_02,id_02/abnormal/00000073.wav,1,10.540571212768555
id_04,id_02,id_02/abnormal/00000075.wav,1,11.127695083618164
id_04,id_02,id_02/abnormal/00000076.wav,1,10.361284255981445
id_04,id_02,id_02/abnormal/00000077.wav,1,11.382216453552246
id_04,id_02,id_02/abnormal/00000078.wav,1,12.356331825256348
id_04,id_02,id_02/abnormal/00000079.wav,1,9.849661827087402
id_04,id_02,id_02/abnormal/00000080.wav,1,9.94392204284668
id_04,id_02,id_02/abnormal/00000081.wav,1,11.293484687805176
id_04,id_02,id_02/abnormal/00000082.wav,1,13.09886646270752
id_04,id_02,id_02/abnormal/00000083.wav,1,9.58454704284668
id_04,id_02,id_02/abnormal/00000084.wav,1,10.134132385253906
id_04,id_02,id_02/abnormal/00000085.wav,1,11.757342338562012
id_04,id_02,id_02/abnormal/00000086.wav,1,8.169553756713867
id_04,id_02,id_02/abnormal/00000087.wav,1,9.347746849060059
id_04,id_02,id_02/abnormal/00000088.wav,1,9.852346420288086
id_04,id_02,id_02/abnormal/00000089.wav,1,8.010381698608398
id_04,id_02,id_02/abnormal/00000090.wav,1,8.039674758911133
id_04,id_02,id_02/abnormal/00000091.wav,1,8.339420318603516
id_04,id_02,id_02/abnormal/00000092.wav,1,12.488944053649902
id_04,id_02,id_02/abnormal/00000094.wav,1,12.601847648620605
id_04,id_02,id_02/abnormal/00000095.wav,1,10.098154067993164
id_04,id_02,id_02/abnormal/00000096.wav,1,13.442312240600586
id_04,id_02,id_02/abnormal/00000097.wav,1,8.337246894836426
id_04,id_02,id_02/abnormal/00000098.wav,1,12.438149452209473
id_04,id_02,id_02/abnormal/00000099.wav,1,7.979124069213867
id_04,id_02,id_02/abnormal/00000101.wav,1,8.298674583435059
id_04,id_02,id_02/abnormal/00000102.wav,1,10.55119514465332
id_04,id_02,id_02/abnormal/00000103.wav,1,10.20050048828125
id_04,id_02,id_02/abnormal/00000104.wav,1,11.965620040893555
id_04,id_02,id_02/abnormal/00000106.wav,1,14.4203519821167
id_04,id_02,id_02/abnormal/00000107.wav,1,10.349593162536621
id_04,id_02,id_02/abnormal/00000108.wav,1,13.54301929473877
id_04,id_02,id_02/abnormal/00000109.wav,1,11.105658531188965
id_04,id_02,id_02/abnormal/00000110.wav,1,15.698476791381836
id_04,id_02,id_02/abnormal/00000111.wav,1,10.341976165771484
id_04,id_02,id_02/abnormal/00000112.wav,1,12.55488395690918
id_04,id_02,id_02/abnormal/00000113.wav,1,9.421998977661133
id_04,id_02,id_02/abnormal/00000114.wav,1,12.509536743164062
id_04,id_02,id_02/abnormal/00000115.wav,1,8.074545860290527
id_04,id_02,id_02/abnormal/00000117.wav,1,8.651031494140625
id_04,id_02,id_02/abnormal/00000118.wav,1,11.994030952453613
id_04,id_02,id_02/abnormal/00000119.wav,1,8.329339981079102
id_04,id_02,id_02/abnormal/00000120.wav,1,10.645968437194824
id_04,id_02,id_02/abnormal/00000121.wav,1,11.70861530303955
id_04,id_02,id_02/abnormal/00000124.wav,1,12.924433708190918
id_04,id_02,id_02/abnormal/00000125.wav,1,8.113716125488281
id_04,id_02,id_02/abnormal/00000126.wav,1,8.716262817382812
id_04,id_02,id_02/abnormal/00000127.wav,1,12.893070220947266
id_04,id_02,id_02/abnormal/00000128.wav,1,8.000007629394531
id_04,id_02,id_02/abnormal/00000129.wav,1,8.625591278076172
id_04,id_02,id_02/abnormal/00000130.wav,1,11.716450691223145
id_04,id_02,id_02/abnormal/00000131.wav,1,7.55543851852417
id_04,id_02,id_02/abnormal/00000132.wav,1,8.340498924255371
id_04,id_02,id_02/abnormal/00000134.wav,1,7.4901580810546875
id_04,id_02,id_02/abnormal/00000135.wav,1,8.282544136047363
id_04,id_02,id_02/abnormal/00000136.wav,1,7.614162445068359
id_04,id_02,id_02/abnormal/00000137.wav,1,9.66430950164795
id_04,id_02,id_02/abnormal/00000139.wav,1,8.559000968933105
id_04,id_02,id_02/abnormal/00000140.wav,1,8.57007122039795
id_04,id_02,id_02/abnormal/00000141.wav,1,8.744285583496094
id_04,id_02,id_02/abnormal/00000142.wav,1,8.874499320983887
id_04,id_02,id_02/abnormal/00000143.wav,1,7.5144829750061035
id_04,id_02,id_02/abnormal/00000144.wav,1,7.478749752044678
id_04,id_02,id_02/abnormal/00000145.wav,1,7.4361348152160645
id_04,id_02,id_02/abnormal/00000146.wav,1,7.5005011558532715
id_04,id_02,id_02/abnormal/00000147.wav,1,7.29954195022583
id_04,id_02,id_02/abnormal/00000148.wav,1,8.714530944824219
id_04,id_02,id_02/abnormal/00000149.wav,1,8.079133987426758
id_04,id_02,id_02/abnormal/00000150.wav,1,7.437757968902588
id_04,id_02,id_02/abnormal/00000151.wav,1,8.182450294494629
id_04,id_02,id_02/abnormal/00000152.wav,1,7.335233688354492
id_04,id_02,id_02/abnormal/00000153.wav,1,7.42126989364624
id_04,id_02,id_02/abnormal/00000154.wav,1,10.401677131652832
id_04,id_02,id_02/abnormal/00000155.wav,1,8.974930763244629
id_04,id_02,id_02/abnormal/00000156.wav,1,10.121908187866211
id_04,id_02,id_02/abnormal/00000157.wav,1,9.092961311340332
id_04,id_02,id_02/abnormal/00000158.wav,1,8.972882270812988
id_04,id_02,id_02/abnormal/00000159.wav,1,10.33133316040039
id_04,id_02,id_02/abnormal/00000160.wav,1,8.302207946777344
id_04,id_02,id_02/abnormal/00000161.wav,1,8.283895492553711
id_04,id_02,id_02/abnormal/00000163.wav,1,8.207063674926758
id_04,id_02,id_02/abnormal/00000164.wav,1,7.375413417816162
id_04,id_02,id_02/abnormal/00000165.wav,1,8.116597175598145
id_04,id_02,id_02/abnormal/00000166.wav,1,8.483172416687012
id_04,id_02,id_02/abnormal/00000167.wav,1,7.635033130645752
id_04,id_02,id_02/abnormal/00000168.wav,1,8.607324600219727
id_04,id_02,id_02/abnormal/00000170.wav,1,7.571104526519775
id_04,id_02,id_02/abnormal/00000171.wav,1,10.351751327514648
id_04,id_02,id_02/abnormal/00000172.wav,1,7.18587589263916
id_04,id_02,id_02/abnormal/00000173.wav,1,7.421976566314697
id_04,id_02,id_02/abnormal/00000174.wav,1,8.852066993713379
id_04,id_02,id_02/abnormal/00000175.wav,1,7.2924909591674805
id_04,id_02,id_02/abnormal/00000176.wav,1,7.859740257263184
id_04,id_02,id_02/abnormal/00000178.wav,1,9.502432823181152
id_04,id_02,id_02/abnormal/00000180.wav,1,9.253190994262695
id_04,id_02,id_02/abnormal/00000181.wav,1,8.598958015441895
id_04,id_02,id_02/abnormal/00000182.wav,1,8.43755054473877
id_04,id_02,id_02/abnormal/00000183.wav,1,7.573914051055908
id_04,id_02,id_02/abnormal/00000184.wav,1,11.760510444641113
id_04,id_02,id_02/abnormal/00000185.wav,1,7.334278583526611
id_04,id_02,id_02/abnormal/00000188.wav,1,8.468122482299805
id_04,id_02,id_02/abnormal/00000189.wav,1,8.657279014587402
id_04,id_02,id_02/abnormal/00000191.wav,1,10.142393112182617
id_04,id_02,id_02/abnormal/00000192.wav,1,7.1588969230651855
id_04,id_02,id_02/abnormal/00000193.wav,1,9.005389213562012
id_04,id_02,id_02/abnormal/00000194.wav,1,7.997931957244873
id_04,id_02,id_02/abnormal/00000195.wav,1,8.202032089233398
id_04,id_02,id_02/abnormal/00000196.wav,1,7.591794013977051
id_04,id_02,id_02/abnormal/00000197.wav,1,7.4717841148376465
id_04,id_02,id_02/abnormal/00000198.wav,1,8.436554908752441
id_04,id_02,id_02/abnormal/00000199.wav,1,9.999041557312012
id_04,id_02,id_02/abnormal/00000200.wav,1,8.590755462646484
id_04,id_02,id_02/abnormal/00000201.wav,1,7.59654426574707
id_04,id_02,id_02/abnormal/00000202.wav,1,8.96917724609375
id_04,id_02,id_02/abnormal/00000203.wav,1,8.567038536071777
id_04,id_02,id_02/abnormal/00000204.wav,1,7.373873710632324
id_04,id_02,id_02/abnormal/00000205.wav,1,8.27683162689209
id_04,id_02,id_02/abnormal/00000206.wav,1,8.217538833618164
id_04,id_02,id_02/abnormal/00000207.wav,1,7.098299503326416
id_04,id_02,id_02/abnormal/00000208.wav,1,7.500942230224609
id_04,id_02,id_02/abnormal/00000209.wav,1,7.424888610839844
id_04,id_02,id_02/abnormal/00000210.wav,1,10.149907112121582
id_04,id_02,id_02/abnormal/00000211.wav,1,7.380725383758545
id_04,id_02,id_02/abnormal/00000212.wav,1,9.726214408874512
id_04,id_02,id_02/abnormal/00000213.wav,1,10.281682014465332
id_04,id_02,id_02/abnormal/00000214.wav,1,7.284247875213623
id_04,id_02,id_02/abnormal/00000215.wav,1,9.991735458374023
id_04,id_02,id_02/abnormal/00000216.wav,1,8.323304176330566
id_04,id_02,id_02/abnormal/00000217.wav,1,8.17482852935791
id_04,id_02,id_02/abnormal/00000218.wav,1,7.0924530029296875
id_04,id_02,id_02/abnormal/00000221.wav,1,9.462165832519531
id_04,id_02,id_02/abnormal/00000222.wav,1,9.611815452575684
id_04,id_02,id_02/abnormal/00000223.wav,1,8.612687110900879
id_04,id_02,id_02/abnormal/00000224.wav,1,7.654767036437988
id_04,id_02,id_02/abnormal/00000225.wav,1,10.839701652526855
id_04,id_02,id_02/abnormal/00000226.wav,1,8.709210395812988
id_04,id_02,id_02/abnormal/00000227.wav,1,9.285738945007324
id_04,id_02,id_02/abnormal/00000228.wav,1,9.08331298828125
id_04,id_02,id_02/abnormal/00000229.wav,1,9.005005836486816
id_04,id_02,id_02/abnormal/00000230.wav,1,8.705338478088379
id_04,id_02,id_02/abnormal/00000231.wav,1,8.120891571044922
id_04,id_02,id_02/abnormal/00000232.wav,1,8.481450080871582
id_04,id_02,id_02/abnormal/00000233.wav,1,8.64572811126709
id_04,id_02,id_02/abnormal/00000234.wav,1,7.4609551429748535
id_04,id_02,id_02/abnormal/00000235.wav,1,7.451772689819336
id_04,id_02,id_02/abnormal/00000236.wav,1,7.328118801116943
id_04,id_02,id_02/abnormal/00000237.wav,1,7.031393051147461
id_04,id_02,id_02/abnormal/00000238.wav,1,8.686110496520996
id_04,id_02,id_02/abnormal/00000239.wav,1,7.386682510375977
id_04,id_02,id_02/abnormal/00000241.wav,1,7.294413089752197
id_04,id_02,id_02/abnormal/00000242.wav,1,7.556917190551758
id_04,id_02,id_02/abnormal/00000243.wav,1,7.4522576332092285
id_04,id_02,id_02/abnormal/00000244.wav,1,8.733739852905273
id_04,id_02,id_02/abnormal/00000245.wav,1,7.918025016784668
id_04,id_02,id_02/abnormal/00000246.wav,1,7.2658796310424805
id_04,id_02,id_02/abnormal/00000247.wav,1,9.517879486083984
id_04,id_02,id_02/abnormal/00000249.wav,1,8.722749710083008
id_04,id_02,id_02/abnormal/00000251.wav,1,8.509588241577148
id_04,id_02,id_02/abnormal/00000252.wav,1,10.678811073303223
id_04,id_02,id_02/abnormal/00000253.wav,1,8.461142539978027
id_04,id_02,id_02/abnormal/00000254.wav,1,10.334064483642578
id_04,id_02,id_02/abnormal/00000255.wav,1,12.603781700134277
id_04,id_02,id_02/abnormal/00000256.wav,1,10.601698875427246
id_04,id_02,id_02/abnormal/00000257.wav,1,9.886056900024414
id_04,id_02,id_02/abnormal/00000258.wav,1,8.818319320678711
id_04,id_02,id_02/abnormal/00000261.wav,1,8.343244552612305
id_04,id_02,id_02/abnormal/00000262.wav,1,8.423002243041992
id_04,id_02,id_02/abnormal/00000263.wav,1,11.071444511413574
id_04,id_02,id_02/abnormal/00000264.wav,1,16.881149291992188
id_04,id_02,id_02/abnormal/00000265.wav,1,10.646781921386719
id_04,id_02,id_02/abnormal/00000266.wav,1,8.649550437927246
id_04,id_02,id_02/abnormal/00000267.wav,1,8.285487174987793
id_04,id_02,id_02/abnormal/00000268.wav,1,9.00564193725586
id_04,id_02,id_02/abnormal/00000270.wav,1,10.101391792297363
id_04,id_02,id_02/abnormal/00000271.wav,1,10.527735710144043
id_04,id_02,id_02/abnormal/00000272.wav,1,8.595890998840332
id_04,id_02,id_02/abnormal/00000273.wav,1,8.44089412689209
id_04,id_02,id_02/abnormal/00000274.wav,1,11.346378326416016
id_04,id_02,id_02/abnormal/00000275.wav,1,10.182703971862793
id_04,id_02,id_02/abnormal/00000276.wav,1,11.327790260314941
id_04,id_02,id_02/abnormal/00000277.wav,1,8.9197416305542
id_04,id_02,id_02/abnormal/00000278.wav,1,8.402331352233887
id_04,id_02,id_02/abnormal/00000279.wav,1,8.217761039733887
id_04,id_02,id_02/abnormal/00000280.wav,1,11.528053283691406
id_04,id_02,id_02/abnormal/00000281.wav,1,8.597137451171875
id_04,id_02,id_02/abnormal/00000282.wav,1,8.781708717346191
id_04,id_02,id_02/abnormal/00000283.wav,1,15.027386665344238
id_04,id_02,id_02/abnormal/00000284.wav,1,8.403617858886719
id_04,id_02,id_02/abnormal/00000285.wav,1,8.55659294128418
id_04,id_02,id_02/abnormal/00000286.wav,1,8.572216987609863
id_04,id_02,id_02/abnormal/00000289.wav,1,8.473733901977539
id_04,id_02,id_02/abnormal/00000290.wav,1,10.868012428283691
id_04,id_02,id_02/abnormal/00000291.wav,1,8.294964790344238
id_04,id_02,id_02/abnormal/00000292.wav,1,11.886948585510254
id_04,id_02,id_02/abnormal/00000293.wav,1,11.766160011291504
id_04,id_02,id_02/abnormal/00000294.wav,1,10.241226196289062
id_04,id_02,id_02/abnormal/00000295.wav,1,10.598312377929688
id_04,id_02,id_02/abnormal/00000296.wav,1,8.70660400390625
id_04,id_02,id_02/abnormal/00000298.wav,1,7.900851726531982
id_04,id_02,id_02/abnormal/00000299.wav,1,12.479835510253906
id_04,id_02,id_02/abnormal/00000300.wav,1,8.453880310058594
id_04,id_02,id_02/abnormal/00000301.wav,1,10.324450492858887
id_04,id_02,id_02/abnormal/00000302.wav,1,8.442132949829102
id_04,id_02,id_02/abnormal/00000303.wav,1,12.6802339553833
id_04,id_02,id_02/abnormal/00000304.wav,1,7.899919033050537
id_04,id_02,id_02/abnormal/00000305.wav,1,8.787171363830566
id_04,id_02,id_02/abnormal/00000306.wav,1,8.82400894165039
id_04,id_02,id_02/abnormal/00000307.wav,1,10.306082725524902
id_04,id_02,id_02/abnormal/00000308.wav,1,8.245713233947754
id_04,id_02,id_02/abnormal/00000309.wav,1,10.163453102111816
id_04,id_02,id_02/abnormal/00000310.wav,1,10.226990699768066
id_04,id_02,id_02/abnormal/00000311.wav,1,8.301863670349121
id_04,id_02,id_02/abnormal/00000313.wav,1,9.671070098876953
id_04,id_02,id_02/abnormal/00000314.wav,1,8.310186386108398
id_04,id_02,id_02/abnormal/00000315.wav,1,9.19821834564209
id_04,id_02,id_02/abnormal/00000316.wav,1,12.264941215515137
id_04,id_02,id_02/abnormal/00000317.wav,1,8.290426254272461
id_04,id_02,id_02/abnormal/00000318.wav,1,8.224323272705078
id_04,id_02,id_02/abnormal/00000320.wav,1,10.992514610290527
id_04,id_02,id_02/abnormal/00000321.wav,1,13.120011329650879
id_04,id_02,id_02/abnormal/00000322.wav,1,8.493683815002441
id_04,id_02,id_02/abnormal/00000323.wav,1,7.483354568481445
id_04,id_02,id_02/abnormal/00000324.wav,1,10.31175422668457
id_04,id_02,id_02/abnormal/00000325.wav,1,12.895447731018066
id_04,id_02,id_02/abnormal/00000326.wav,1,8.610593795776367
id_04,id_02,id_02/abnormal/00000327.wav,1,8.402582168579102
id_04,id_02,id_02/abnormal/00000328.wav,1,12.377756118774414
id_04,id_02,id_02/abnormal/00000329.wav,1,11.144576072692871
id_04,id_02,id_02/abnormal/00000330.wav,1,9.952773094177246
id_04,id_02,id_02/abnormal/00000331.wav,1,8.62338638305664
id_04,id_02,id_02/abnormal/00000332.wav,1,10.404479026794434
id_04,id_02,id_02/abnormal/00000333.wav,1,8.581205368041992
id_04,id_02,id_02/abnormal/00000334.wav,1,12.668346405029297
id_04,id_02,id_02/abnormal/00000335.wav,1,10.9475679397583
id_04,id_02,id_02/abnormal/00000336.wav,1,7.874151706695557
id_04,id_02,id_02/abnormal/00000337.wav,1,8.223289489746094
id_04,id_02,id_02/abnormal/00000338.wav,1,8.544710159301758
id_04,id_02,id_02/abnormal/00000339.wav,1,8.48369026184082
id_04,id_02,id_02/abnormal/00000340.wav,1,11.26646900177002
id_04,id_02,id_02/abnormal/00000341.wav,1,9.940422058105469
id_04,id_02,id_02/abnormal/00000343.wav,1,11.802979469299316
id_04,id_02,id_02/abnormal/00000344.wav,1,11.418413162231445
id_04,id_02,id_02/abnormal/00000345.wav,1,10.54462718963623
id_04,id_02,id_02/abnormal/00000346.wav,1,13.01721477508545
id_04,id_02,id_02/abnormal/00000347.wav,1,11.282814979553223
id_04,id_02,id_02/abnormal/00000348.wav,1,11.816244125366211
id_04,id_02,id_02/abnormal/00000352.wav,1,10.198351860046387
id_04,id_02,id_02/abnormal/00000353.wav,1,10.62467098236084
id_04,id_02,id_02/abnormal/00000354.wav,1,10.799469947814941
id_04,id_02,id_02/abnormal/00000355.wav,1,8.320015907287598
id_04,id_02,id_02/abnormal/00000356.wav,1,10.906439781188965
id_04,id_02,id_02/abnormal/00000357.wav,1,12.21767520904541
id_04,id_02,id_02/abnormal/00000358.wav,1,8.318062782287598
id_04,id_06,id_06/normal/00000001.wav,0,26.61330795288086
id_04,id_06,id_06/normal/00000003.wav,0,22.4840087890625
id_04,id_06,id_06/normal/00000008.wav,0,21.501220703125
id_04,id_06,id_06/normal/00000009.wav,0,17.845638275146484
id_04,id_06,id_06/normal/00000013.wav,0,18.838050842285156
id_04,id_06,id_06/normal/00000017.wav,0,17.401212692260742
id_04,id_06,id_06/normal/00000025.wav,0,19.287809371948242
id_04,id_06,id_06/normal/00000027.wav,0,24.259485244750977
id_04,id_06,id_06/normal/00000028.wav,0,17.354509353637695
id_04,id_06,id_06/normal/00000031.wav,0,17.625431060791016
id_04,id_06,id_06/normal/00000032.wav,0,17.0444393157959
id_04,id_06,id_06/normal/00000034.wav,0,16.5465087890625
id_04,id_06,id_06/normal/00000035.wav,0,19.072635650634766
id_04,id_06,id_06/normal/00000043.wav,0,27.03498649597168
id_04,id_06,id_06/normal/00000044.wav,0,17.12273406982422
id_04,id_06,id_06/normal/00000048.wav,0,19.254749298095703
id_04,id_06,id_06/normal/00000058.wav,0,27.015243530273438
id_04,id_06,id_06/normal/00000059.wav,0,16.641231536865234
id_04,id_06,id_06/normal/00000062.wav,0,16.71329116821289
id_04,id_06,id_06/normal/00000063.wav,0,17.58391571044922
id_04,id_06,id_06/normal/00000074.wav,0,18.831092834472656
id_04,id_06,id_06/normal/00000091.wav,0,15.303674697875977
id_04,id_06,id_06/normal/00000092.wav,0,18.538619995117188
id_04,id_06,id_06/normal/00000115.wav,0,19.84927749633789
id_04,id_06,id_06/normal/00000120.wav,0,24.98956298828125
id_04,id_06,id_06/normal/00000125.wav,0,17.740055084228516
id_04,id_06,id_06/normal/00000139.wav,0,21.943864822387695
id_04,id_06,id_06/normal/00000149.wav,0,20.410736083984375
id_04,id_06,id_06/normal/00000151.wav,0,21.701950073242188
id_04,id_06,id_06/normal/00000152.wav,0,22.8273868560791
id_04,id_06,id_06/normal/00000156.wav,0,14.849421501159668
id_04,id_06,id_06/normal/00000162.wav,0,17.082509994506836
id_04,id_06,id_06/normal/00000163.wav,0,17.28565788269043
id_04,id_06,id_06/normal/00000167.wav,0,18.780672073364258
id_04,id_06,id_06/normal/00000176.wav,0,16.89799690246582
id_04,id_06,id_06/normal/00000177.wav,0,24.20685577392578
id_04,id_06,id_06/normal/00000188.wav,0,16.386167526245117
id_04,id_06,id_06/normal/00000194.wav,0,21.91880226135254
id_04,id_06,id_06/normal/00000197.wav,0,23.553543090820312
id_04,id_06,id_06/normal/00000212.wav,0,14.470972061157227
id_04,id_06,id_06/normal/00000214.wav,0,15.231786727905273
id_04,id_06,id_06/normal/00000215.wav,0,21.829469680786133
id_04,id_06,id_06/normal/00000218.wav,0,15.357362747192383
id_04,id_06,id_06/normal/00000222.wav,0,15.907365798950195
id_04,id_06,id_06/normal/00000230.wav,0,17.8114070892334
id_04,id_06,id_06/normal/00000231.wav,0,16.826950073242188
id_04,id_06,id_06/normal/00000232.wav,0,15.419208526611328
id_04,id_06,id_06/normal/00000245.wav,0,17.934215545654297
id_04,id_06,id_06/normal/00000252.wav,0,20.634355545043945
id_04,id_06,id_06/normal/00000253.wav,0,18.6405029296875
id_04,id_06,id_06/normal/00000279.wav,0,19.792081832885742
id_04,id_06,id_06/normal/00000292.wav,0,16.66299819946289
id_04,id_06,id_06/normal/00000294.wav,0,15.968766212463379
id_04,id_06,id_06/normal/00000300.wav,0,24.46553611755371
id_04,id_06,id_06/normal/00000305.wav,0,14.088099479675293
id_04,id_06,id_06/normal/00000309.wav,0,16.09770965576172
id_04,id_06,id_06/normal/00000313.wav,0,16.44559097290039
id_04,id_06,id_06/normal/00000316.wav,0,19.911924362182617
id_04,id_06,id_06/normal/00000320.wav,0,15.265546798706055
id_04,id_06,id_06/normal/00000322.wav,0,17.81570816040039
id_04,id_06,id_06/normal/00000324.wav,0,20.485126495361328
id_04,id_06,id_06/normal/00000337.wav,0,15.530491828918457
id_04,id_06,id_06/normal/00000343.wav,0,20.49384880065918
id_04,id_06,id_06/normal/00000346.wav,0,14.715171813964844
id_04,id_06,id_06/normal/00000356.wav,0,16.771249771118164
id_04,id_06,id_06/normal/00000367.wav,0,14.806282043457031
id_04,id_06,id_06/normal/00000385.wav,0,15.747254371643066
id_04,id_06,id_06/normal/00000394.wav,0,21.30946922302246
id_04,id_06,id_06/normal/00000396.wav,0,14.432845115661621
id_04,id_06,id_06/normal/00000401.wav,0,20.41657257080078
id_04,id_06,id_06/normal/00000423.wav,0,20.232295989990234
id_04,id_06,id_06/normal/00000426.wav,0,15.992959022521973
id_04,id_06,id_06/normal/00000443.wav,0,15.998575210571289
id_04,id_06,id_06/normal/00000457.wav,0,16.906999588012695
id_04,id_06,id_06/normal/00000478.wav,0,18.617094039916992
id_04,id_06,id_06/normal/00000482.wav,0,23.63139533996582
id_04,id_06,id_06/normal/00000487.wav,0,18.89714813232422
id_04,id_06,id_06/normal/00000492.wav,0,22.552614212036133
id_04,id_06,id_06/normal/00000493.wav,0,13.80953311920166
id_04,id_06,id_06/normal/00000510.wav,0,18.675180435180664
id_04,id_06,id_06/normal/00000512.wav,0,17.741308212280273
id_04,id_06,id_06/normal/00000513.wav,0,16.205108642578125
id_04,id_06,id_06/normal/00000519.wav,0,17.105579376220703
id_04,id_06,id_06/normal/00000525.wav,0,24.275556564331055
id_04,id_06,id_06/normal/00000529.wav,0,17.022062301635742
id_04,id_06,id_06/normal/00000531.wav,0,19.136960983276367
id_04,id_06,id_06/normal/00000532.wav,0,18.312904357910156
id_04,id_06,id_06/normal/00000544.wav,0,21.4077205657959
id_04,id_06,id_06/normal/00000559.wav,0,18.7604923248291
id_04,id_06,id_06/normal/00000560.wav,0,16.711727142333984
id_04,id_06,id_06/normal/00000565.wav,0,22.301673889160156
id_04,id_06,id_06/normal/00000570.wav,0,15.891523361206055
id_04,id_06,id_06/normal/00000576.wav,0,18.905315399169922
id_04,id_06,id_06/normal/00000577.wav,0,21.002731323242188
id_04,id_06,id_06/normal/00000579.wav,0,16.545021057128906
id_04,id_06,id_06/normal/00000601.wav,0,25.974000930786133
id_04,id_06,id_06/normal/00000610.wav,0,16.484649658203125
id_04,id_06,id_06/normal/00000634.wav,0,21.429536819458008
id_04,id_06,id_06/normal/00000650.wav,0,21.40442657470703
id_04,id_06,id_06/normal/00000670.wav,0,16.47711181640625
id_04,id_06,id_06/normal/00000683.wav,0,18.80417251586914
id_04,id_06,id_06/normal/00000684.wav,0,16.81693458557129
id_04,id_06,id_06/normal/00000686.wav,0,17.340192794799805
id_04,id_06,id_06/normal/00000690.wav,0,21.567237854003906
id_04,id_06,id_06/normal/00000694.wav,0,21.224544525146484
id_04,id_06,id_06/normal/00000697.wav,0,13.723165512084961
id_04,id_06,id_06/normal/00000701.wav,0,15.341806411743164
id_04,id_06,id_06/normal/00000705.wav,0,17.24894905090332
id_04,id_06,id_06/normal/00000706.wav,0,21.844980239868164
id_04,id_06,id_06/normal/00000707.wav,0,14.66965389251709
id_04,id_06,id_06/normal/00000710.wav,0,16.998437881469727
id_04,id_06,id_06/normal/00000723.wav,0,21.958391189575195
id_04,id_06,id_06/normal/00000734.wav,0,21.189483642578125
id_04,id_06,id_06/normal/00000745.wav,0,18.496736526489258
id_04,id_06,id_06/normal/00000751.wav,0,20.46510124206543
id_04,id_06,id_06/normal/00000761.wav,0,19.28946876525879
id_04,id_06,id_06/normal/00000767.wav,0,25.035533905029297
id_04,id_06,id_06/normal/00000773.wav,0,17.08287239074707
id_04,id_06,id_06/normal/00000785.wav,0,18.1999454498291
id_04,id_06,id_06/normal/00000792.wav,0,18.541500091552734
id_04,id_06,id_06/normal/00000797.wav,0,20.45030975341797
id_04,id_06,id_06/normal/00000798.wav,0,22.52155876159668
id_04,id_06,id_06/normal/00000799.wav,0,18.36600685119629
id_04,id_06,id_06/normal/00000809.wav,0,20.882556915283203
id_04,id_06,id_06/normal/00000810.wav,0,19.99683952331543
id_04,id_06,id_06/normal/00000812.wav,0,21.276790618896484
id_04,id_06,id_06/normal/00000813.wav,0,20.17662811279297
id_04,id_06,id_06/normal/00000819.wav,0,16.0345401763916
id_04,id_06,id_06/normal/00000821.wav,0,22.45641326904297
id_04,id_06,id_06/normal/00000832.wav,0,21.58316993713379
id_04,id_06,id_06/normal/00000844.wav,0,19.90736961364746
id_04,id_06,id_06/normal/00000850.wav,0,16.005952835083008
id_04,id_06,id_06/normal/00000853.wav,0,18.885759353637695
id_04,id_06,id_06/normal/00000854.wav,0,22.968564987182617
id_04,id_06,id_06/normal/00000860.wav,0,22.38814353942871
id_04,id_06,id_06/normal/00000863.wav,0,17.92776107788086
id_04,id_06,id_06/normal/00000865.wav,0,23.108314514160156
id_04,id_06,id_06/normal/00000868.wav,0,18.40871238708496
id_04,id_06,id_06/normal/00000873.wav,0,14.99000072479248
id_04,id_06,id_06/normal/00000875.wav,0,14.486688613891602
id_04,id_06,id_06/normal/00000876.wav,0,18.093599319458008
id_04,id_06,id_06/normal/00000880.wav,0,18.780244827270508
id_04,id_06,id_06/normal/00000881.wav,0,15.283370971679688
id_04,id_06,id_06/normal/00000882.wav,0,17.767208099365234
id_04,id_06,id_06/normal/00000883.wav,0,17.13006019592285
id_04,id_06,id_06/normal/00000886.wav,0,19.273147583007812
id_04,id_06,id_06/normal/00000896.wav,0,19.856700897216797
id_04,id_06,id_06/normal/00000899.wav,0,16.304214477539062
id_04,id_06,id_06/normal/00000901.wav,0,18.792640686035156
id_04,id_06,id_06/normal/00000911.wav,0,19.29718780517578
id_04,id_06,id_06/normal/00000915.wav,0,19.795028686523438
id_04,id_06,id_06/normal/00000948.wav,0,14.421138763427734
id_04,id_06,id_06/normal/00000952.wav,0,15.552858352661133
id_04,id_06,id_06/normal/00000954.wav,0,15.755215644836426
id_04,id_06,id_06/normal/00000955.wav,0,17.043203353881836
id_04,id_06,id_06/normal/00000957.wav,0,14.819674491882324
id_04,id_06,id_06/normal/00000972.wav,0,15.433902740478516
id_04,id_06,id_06/normal/00000983.wav,0,15.70895004272461
id_04,id_06,id_06/normal/00001011.wav,0,25.297786712646484
id_04,id_06,id_06/normal/00001013.wav,0,23.507389068603516
id_04,id_06,id_06/abnormal/00000000.wav,1,6.875776290893555
id_04,id_06,id_06/abnormal/00000001.wav,1,12.799427032470703
id_04,id_06,id_06/abnormal/00000003.wav,1,7.166206359863281
id_04,id_06,id_06/abnormal/00000004.wav,1,13.13496208190918
id_04,id_06,id_06/abnormal/00000005.wav,1,7.195006847381592
id_04,id_06,id_06/abnormal/00000006.wav,1,8.463839530944824
id_04,id_06,id_06/abnormal/00000007.wav,1,11.46113109588623
id_04,id_06,id_06/abnormal/00000008.wav,1,14.256156921386719
id_04,id_06,id_06/abnormal/00000009.wav,1,9.63182544708252
id_04,id_06,id_06/abnormal/00000010.wav,1,10.479034423828125
id_04,id_06,id_06/abnormal/00000011.wav,1,10.594036102294922
id_04,id_06,id_06/abnormal/00000012.wav,1,6.846831798553467
id_04,id_06,id_06/abnormal/00000013.wav,1,10.176475524902344
id_04,id_06,id_06/abnormal/00000014.wav,1,6.9724249839782715
id_04,id_06,id_06/abnormal/00000015.wav,1,7.226005554199219
id_04,id_06,id_06/abnormal/00000017.wav,1,9.737378120422363
id_04,id_06,id_06/abnormal/00000018.wav,1,10.20361042022705
id_04,id_06,id_06/abnormal/00000019.wav,1,11.547407150268555
id_04,id_06,id_06/abnormal/00000020.wav,1,11.71054744720459
id_04,id_06,id_06/abnormal/00000021.wav,1,14.734764099121094
id_04,id_06,id_06/abnormal/00000022.wav,1,10.219712257385254
id_04,id_06,id_06/abnormal/00000023.wav,1,8.974481582641602
id_04,id_06,id_06/abnormal/00000024.wav,1,7.5218377113342285
id_04,id_06,id_06/abnormal/00000025.wav,1,6.859428882598877
id_04,id_06,id_06/abnormal/00000026.wav,1,9.668381690979004
id_04,id_06,id_06/abnormal/00000027.wav,1,6.856235980987549
id_04,id_06,id_06/abnormal/00000028.wav,1,9.46450424194336
id_04,id_06,id_06/abnormal/00000029.wav,1,8.450047492980957
id_04,id_06,id_06/abnormal/00000031.wav,1,9.295026779174805
id_04,id_06,id_06/abnormal/00000033.wav,1,7.104318618774414
id_04,id_06,id_06/abnormal/00000034.wav,1,8.789311408996582
id_04,id_06,id_06/abnormal/00000035.wav,1,16.623342514038086
id_04,id_06,id_06/abnormal/00000036.wav,1,13.076485633850098
id_04,id_06,id_06/abnormal/00000037.wav,1,10.453984260559082
id_04,id_06,id_06/abnormal/00000038.wav,1,11.870248794555664
id_04,id_06,id_06/abnormal/00000039.wav,1,7.06296968460083
id_04,id_06,id_06/abnormal/00000040.wav,1,7.214482307434082
id_04,id_06,id_06/abnormal/00000041.wav,1,9.080496788024902
id_04,id_06,id_06/abnormal/00000043.wav,1,10.486660957336426
id_04,id_06,id_06/abnormal/00000044.wav,1,14.299017906188965
id_04,id_06,id_06/abnormal/00000045.wav,1,10.246535301208496
id_04,id_06,id_06/abnormal/00000046.wav,1,10.493023872375488
id_04,id_06,id_06/abnormal/00000047.wav,1,6.805642127990723
id_04,id_06,id_06/abnormal/00000048.wav,1,10.157182693481445
id_04,id_06,id_06/abnormal/00000049.wav,1,8.552392959594727
id_04,id_06,id_06/abnormal/00000051.wav,1,9.065723419189453
id_04,id_06,id_06/abnormal/00000052.wav,1,9.076571464538574
id_04,id_06,id_06/abnormal/00000053.wav,1,6.827075958251953
id_04,id_06,id_06/abnormal/00000054.wav,1,8.749737739562988
id_04,id_06,id_06/abnormal/00000056.wav,1,11.817124366760254
id_04,id_06,id_06/abnormal/00000057.wav,1,6.725919723510742
id_04,id_06,id_06/abnormal/00000058.wav,1,17.381324768066406
id_04,id_06,id_06/abnormal/00000059.wav,1,19.46170997619629
id_04,id_06,id_06/abnormal/00000061.wav,1,11.788643836975098
id_04,id_06,id_06/abnormal/00000062.wav,1,8.370424270629883
id_04,id_06,id_06/abnormal/00000063.wav,1,6.733312606811523
id_04,id_06,id_06/abnormal/00000064.wav,1,7.302154541015625
id_04,id_06,id_06/abnormal/00000067.wav,1,7.0844407081604
id_04,id_06,id_06/abnormal/00000068.wav,1,10.389580726623535
id_04,id_06,id_06/abnormal/00000069.wav,1,8.475852012634277
id_04,id_06,id_06/abnormal/00000071.wav,1,11.450942039489746
id_04,id_06,id_06/abnormal/00000072.wav,1,11.169903755187988
id_04,id_06,id_06/abnormal/00000074.wav,1,10.08644962310791
id_04,id_06,id_06/abnormal/00000075.wav,1,14.270439147949219
id_04,id_06,id_06/abnormal/00000076.wav,1,9.611862182617188
id_04,id_06,id_06/abnormal/00000077.wav,1,15.220101356506348
id_04,id_06,id_06/abnormal/00000078.wav,1,9.513469696044922
id_04,id_06,id_06/abnormal/00000079.wav,1,9.087410926818848
id_04,id_06,id_06/abnormal/00000080.wav,1,9.957901000976562
id_04,id_06,id_06/abnormal/00000081.wav,1,10.326728820800781
id_04,id_06,id_06/abnormal/00000082.wav,1,16.368335723876953
id_04,id_06,id_06/abnormal/00000084.wav,1,10.452537536621094
id_04,id_06,id_06/abnormal/00000085.wav,1,9.730459213256836
id_04,id_06,id_06/abnormal/00000087.wav,1,7.583856582641602
id_04,id_06,id_06/abnormal/00000088.wav,1,9.263703346252441
id_04,id_06,id_06/abnormal/00000089.wav,1,8.68343734741211
id_04,id_06,id_06/abnormal/00000090.wav,1,10.205414772033691
id_04,id_06,id_06/abnormal/00000091.wav,1,9.824604988098145
id_04,id_06,id_06/abnormal/00000092.wav,1,10.198503494262695
id_04,id_06,id_06/abnormal/00000093.wav,1,7.443378448486328
id_04,id_06,id_06/abnormal/00000094.wav,1,10.241710662841797
id_04,id_06,id_06/abnormal/00000095.wav,1,10.405136108398438
id_04,id_06,id_06/abnormal/00000096.wav,1,9.288063049316406
id_04,id_06,id_06/abnormal/00000097.wav,1,6.696793556213379
id_04,id_06,id_06/abnormal/00000098.wav,1,8.952841758728027
id_04,id_06,id_06/abnormal/00000099.wav,1,9.338541984558105
id_04,id_06,id_06/abnormal/00000100.wav,1,15.866842269897461
id_04,id_06,id_06/abnormal/00000101.wav,1,12.31336498260498
id_04,id_06,id_06/abnormal/00000102.wav,1,10.487086296081543
id_04,id_06,id_06/abnormal/00000103.wav,1,8.395639419555664
id_04,id_06,id_06/abnormal/00000104.wav,1,7.457780361175537
id_04,id_06,id_06/abnormal/00000105.wav,1,9.380163192749023
id_04,id_06,id_06/abnormal/00000106.wav,1,18.32770347595215
id_04,id_06,id_06/abnormal/00000107.wav,1,10.56767749786377
id_04,id_06,id_06/abnormal/00000108.wav,1,8.937273979187012
id_04,id_06,id_06/abnormal/00000109.wav,1,11.40095043182373
id_04,id_06,id_06/abnormal/00000110.wav,1,9.934553146362305
id_04,id_06,id_06/abnormal/00000111.wav,1,10.39712142944336
id_04,id_06,id_06/abnormal/00000112.wav,1,10.247132301330566
id_04,id_06,id_06/abnormal/00000113.wav,1,10.017826080322266
id_04,id_06,id_06/abnormal/00000114.wav,1,6.921939849853516
id_04,id_06,id_06/abnormal/00000116.wav,1,9.771180152893066
id_04,id_06,id_06/abnormal/00000117.wav,1,11.36517333984375
id_04,id_06,id_06/abnormal/00000118.wav,1,7.1652302742004395
id_04,id_06,id_06/abnormal/00000119.wav,1,7.3737945556640625
id_04,id_06,id_06/abnormal/00000121.wav,1,13.179581642150879
id_04,id_06,id_06/abnormal/00000122.wav,1,9.754444122314453
id_04,id_06,id_06/abnormal/00000123.wav,1,11.777083396911621
id_04,id_06,id_06/abnormal/00000124.wav,1,6.811509609222412
id_04,id_06,id_06/abnormal/00000125.wav,1,7.118073463439941
id_04,id_06,id_06/abnormal/00000126.wav,1,6.981932163238525
id_04,id_06,id_06/abnormal/00000127.wav,1,7.573475360870361
id_04,id_06,id_06/abnormal/00000128.wav,1,10.44454288482666
id_04,id_06,id_06/abnormal/00000129.wav,1,9.715169906616211
id_04,id_06,id_06/abnormal/00000130.wav,1,9.108746528625488
id_04,id_06,id_06/abnormal/00000131.wav,1,35.07544708251953
id_04,id_06,id_06/abnormal/00000133.wav,1,25.239582061767578
id_04,id_06,id_06/abnormal/00000134.wav,1,30.927261352539062
id_04,id_06,id_06/abnormal/00000135.wav,1,29.737987518310547
id_04,id_06,id_06/abnormal/00000137.wav,1,28.165529251098633
id_04,id_06,id_06/abnormal/00000138.wav,1,21.334508895874023
id_04,id_06,id_06/abnormal/00000139.wav,1,18.95780372619629
id_04,id_06,id_06/abnormal/00000140.wav,1,27.76854705810547
id_04,id_06,id_06/abnormal/00000141.wav,1,21.776758193969727
id_04,id_06,id_06/abnormal/00000142.wav,1,29.670513153076172
id_04,id_06,id_06/abnormal/00000143.wav,1,22.57786750793457
id_04,id_06,id_06/abnormal/00000144.wav,1,27.524662017822266
id_04,id_06,id_06/abnormal/00000145.wav,1,22.185178756713867
id_04,id_06,id_06/abnormal/00000146.wav,1,29.055927276611328
id_04,id_06,id_06/abnormal/00000147.wav,1,34.10149383544922
id_04,id_06,id_06/abnormal/00000149.wav,1,22.359844207763672
id_04,id_06,id_06/abnormal/00000151.wav,1,22.15677833557129
id_04,id_06,id_06/abnormal/00000152.wav,1,22.492393493652344
id_04,id_06,id_06/abnormal/00000153.wav,1,21.818679809570312
id_04,id_06,id_06/abnormal/00000154.wav,1,23.062074661254883
id_04,id_06,id_06/abnormal/00000155.wav,1,21.761072158813477
id_04,id_06,id_06/abnormal/00000156.wav,1,26.87137222290039
id_04,id_06,id_06/abnormal/00000157.wav,1,27.685068130493164
id_04,id_06,id_06/abnormal/00000158.wav,1,28.843345642089844
id_04,id_06,id_06/abnormal/00000159.wav,1,23.14820098876953
id_04,id_06,id_06/abnormal/00000160.wav,1,24.676311492919922
id_04,id_06,id_06/abnormal/00000161.wav,1,28.205394744873047
id_04,id_06,id_06/abnormal/00000162.wav,1,24.29332160949707
id_04,id_06,id_06/abnormal/00000163.wav,1,30.067180633544922
id_04,id_06,id_06/abnormal/00000164.wav,1,28.210735321044922
id_04,id_06,id_06/abnormal/00000165.wav,1,26.980146408081055
id_04,id_06,id_06/abnormal/00000166.wav,1,21.45821189880371
id_04,id_06,id_06/abnormal/00000167.wav,1,22.139713287353516
id_04,id_06,id_06/abnormal/00000168.wav,1,20.72907257080078
id_04,id_06,id_06/abnormal/00000169.wav,1,27.473188400268555
id_04,id_06,id_06/abnormal/00000170.wav,1,28.844667434692383
id_04,id_06,id_06/abnormal/00000171.wav,1,25.546489715576172
id_04,id_06,id_06/abnormal/00000172.wav,1,22.521005630493164
id_04,id_06,id_06/abnormal/00000173.wav,1,26.812057495117188
id_04,id_06,id_06/abnormal/00000174.wav,1,29.007598876953125
id_04,id_06,id_06/abnormal/00000175.wav,1,29.795978546142578
id_04,id_06,id_06/abnormal/00000176.wav,1,28.62049674987793
id_04,id_06,id_06/abnormal/00000178.wav,1,23.0814266204834
id_04,id_06,id_06/abnormal/00000179.wav,1,41.85905456542969
id_04,id_06,id_06/abnormal/00000180.wav,1,30.336362838745117
id_04,id_06,id_06/abnormal/00000181.wav,1,24.152990341186523
id_04,id_06,id_06/abnormal/00000182.wav,1,19.62969398498535
id_04,id_06,id_06/abnormal/00000183.wav,1,24.791574478149414
id_04,id_06,id_06/abnormal/00000184.wav,1,27.93873405456543
id_04,id_06,id_06/abnormal/00000185.wav,1,25.00900650024414
id_04,id_06,id_06/abnormal/00000186.wav,1,21.031051635742188
id_04,id_06,id_06/abnormal/00000187.wav,1,19.80064582824707
id_04,id_06,id_06/abnormal/00000188.wav,1,26.029600143432617
id_04,id_06,id_06/abnormal/00000189.wav,1,26.052993774414062
id_04,id_06,id_06/abnormal/00000190.wav,1,30.0694637298584
id_04,id_06,id_06/abnormal/00000191.wav,1,27.6661434173584
id_04,id_06,id_06/abnormal/00000192.wav,1,20.25205421447754
id_04,id_06,id_06/abnormal/00000194.wav,1,28.557369232177734
id_04,id_06,id_06/abnormal/00000195.wav,1,27.768226623535156
id_04,id_06,id_06/abnormal/00000198.wav,1,20.905441284179688
id_04,id_06,id_06/abnormal/00000199.wav,1,36.66396713256836
id_04,id_06,id_06/abnormal/00000200.wav,1,21.610509872436523
id_04,id_06,id_06/abnormal/00000201.wav,1,33.655765533447266
id_04,id_06,id_06/abnormal/00000202.wav,1,20.855064392089844
id_04,id_06,id_06/abnormal/00000203.wav,1,25.335956573486328
id_04,id_06,id_06/abnormal/00000204.wav,1,21.258289337158203
id_04,id_06,id_06/abnormal/00000205.wav,1,27.276472091674805
id_04,id_06,id_06/abnormal/00000206.wav,1,25.765256881713867
id_04,id_06,id_06/abnormal/00000207.wav,1,24.645702362060547
id_04,id_06,id_06/abnormal/00000208.wav,1,21.487171173095703
id_04,id_06,id_06/abnormal/00000209.wav,1,26.54638671875
id_04,id_06,id_06/abnormal/00000211.wav,1,26.621492385864258
id_04,id_06,id_06/abnormal/00000212.wav,1,21.082712173461914
id_04,id_06,id_06/abnormal/00000213.wav,1,20.039512634277344
id_04,id_06,id_06/abnormal/00000216.wav,1,30.944656372070312
id_04,id_06,id_06/abnormal/00000217.wav,1,28.331985473632812
id_04,id_06,id_06/abnormal/00000218.wav,1,26.537338256835938
id_04,id_06,id_06/abnormal/00000219.wav,1,27.401386260986328
id_04,id_06,id_06/abnormal/00000220.wav,1,21.005651473999023
id_04,id_06,id_06/abnormal/00000221.wav,1,24.989471435546875
id_04,id_06,id_06/abnormal/00000223.wav,1,20.86714744567871
id_04,id_06,id_06/abnormal/00000224.wav,1,25.624290466308594
id_04,id_06,id_06/abnormal/00000225.wav,1,21.152362823486328
id_04,id_06,id_06/abnormal/00000227.wav,1,25.72736358642578
id_04,id_06,id_06/abnormal/00000228.wav,1,27.384140014648438
id_04,id_06,id_06/abnormal/00000229.wav,1,28.78744125366211
id_04,id_06,id_06/abnormal/00000230.wav,1,28.641143798828125
id_04,id_06,id_06/abnormal/00000232.wav,1,22.053176879882812
id_04,id_06,id_06/abnormal/00000233.wav,1,23.49713897705078
id_04,id_06,id_06/abnormal/00000234.wav,1,20.8287410736084
id_04,id_06,id_06/abnormal/00000236.wav,1,27.71351432800293
id_04,id_06,id_06/abnormal/00000237.wav,1,12.10444164276123
id_04,id_06,id_06/abnormal/00000238.wav,1,9.218890190124512
id_04,id_06,id_06/abnormal/00000239.wav,1,7.561321258544922
id_04,id_06,id_06/abnormal/00000240.wav,1,14.386493682861328
id_04,id_06,id_06/abnormal/00000241.wav,1,11.231143951416016
id_04,id_06,id_06/abnormal/00000242.wav,1,15.879828453063965
id_04,id_06,id_06/abnormal/00000244.wav,1,13.941153526306152
id_04,id_06,id_06/abnormal/00000245.wav,1,9.015254020690918
id_04,id_06,id_06/abnormal/00000246.wav,1,13.7769775390625
id_04,id_06,id_06/abnormal/00000247.wav,1,9.361556053161621
id_04,id_06,id_06/abnormal/00000248.wav,1,16.013675689697266
id_04,id_06,id_06/abnormal/00000250.wav,1,12.035225868225098
id_04,id_06,id_06/abnormal/00000251.wav,1,9.205536842346191
id_04,id_06,id_06/abnormal/00000252.wav,1,12.501046180725098
id_04,id_06,id_06/abnormal/00000253.wav,1,11.677427291870117
id_04,id_06,id_06/abnormal/00000255.wav,1,15.964970588684082
id_04,id_06,id_06/abnormal/00000256.wav,1,17.23630714416504
id_04,id_06,id_06/abnormal/00000257.wav,1,15.060139656066895
id_04,id_06,id_06/abnormal/00000258.wav,1,8.75314712524414
id_04,id_06,id_06/abnormal/00000259.wav,1,12.025628089904785
id_04,id_06,id_06/abnormal/00000260.wav,1,10.27135181427002
id_04,id_06,id_06/abnormal/00000261.wav,1,12.308332443237305
id_04,id_06,id_06/abnormal/00000262.wav,1,9.598464965820312
id_04,id_06,id_06/abnormal/00000263.wav,1,10.11159610748291
id_04,id_06,id_06/abnormal/00000264.wav,1,14.95653247833252
id_04,id_06,id_06/abnormal/00000267.wav,1,11.512106895446777
id_04,id_06,id_06/abnormal/00000268.wav,1,8.75437068939209
id_04,id_06,id_06/abnormal/00000269.wav,1,8.025415420532227
id_04,id_06,id_06/abnormal/00000270.wav,1,9.54782485961914
id_04,id_06,id_06/abnormal/00000271.wav,1,9.551674842834473
id_04,id_06,id_06/abnormal/00000272.wav,1,10.41472053527832
id_04,id_06,id_06/abnormal/00000273.wav,1,18.00563621520996
id_04,id_06,id_06/abnormal/00000274.wav,1,12.509811401367188
id_04,id_06,id_06/abnormal/00000275.wav,1,10.362870216369629
id_04,id_06,id_06/abnormal/00000276.wav,1,13.102730751037598
id_04,id_06,id_06/abnormal/00000277.wav,1,14.576539039611816
id_04,id_06,id_06/abnormal/00000278.wav,1,13.5380859375
id_04,id_06,id_06/abnormal/00000279.wav,1,12.231827735900879
id_04,id_06,id_06/abnormal/00000280.wav,1,15.315801620483398
id_04,id_06,id_06/abnormal/00000281.wav,1,8.809057235717773
id_04,id_06,id_06/abnormal/00000282.wav,1,22.596952438354492
id_04,id_06,id_06/abnormal/00000283.wav,1,12.783378601074219
id_04,id_06,id_06/abnormal/00000284.wav,1,12.9634428024292
id_04,id_06,id_06/abnormal/00000285.wav,1,13.843172073364258
id_04,id_06,id_06/abnormal/00000286.wav,1,8.752346992492676
id_04,id_06,id_06/abnormal/00000287.wav,1,7.706592082977295
id_04,id_06,id_06/abnormal/00000288.wav,1,12.932378768920898
id_04,id_06,id_06/abnormal/00000289.wav,1,8.95234489440918
id_04,id_06,id_06/abnormal/00000290.wav,1,12.549310684204102
id_04,id_06,id_06/abnormal/00000291.wav,1,13.454151153564453
id_04,id_06,id_06/abnormal/00000292.wav,1,9.66378116607666
id_04,id_06,id_06/abnormal/00000293.wav,1,12.686653137207031
id_04,id_06,id_06/abnormal/00000294.wav,1,9.89735221862793
id_04,id_06,id_06/abnormal/00000296.wav,1,16.1938533782959
id_04,id_06,id_06/abnormal/00000297.wav,1,20.630998611450195
id_04,id_06,id_06/abnormal/00000298.wav,1,8.476068496704102
id_04,id_06,id_06/abnormal/00000299.wav,1,14.388837814331055
id_04,id_06,id_06/abnormal/00000301.wav,1,12.99728012084961
id_04,id_06,id_06/abnormal/00000302.wav,1,8.325404167175293
id_04,id_06,id_06/abnormal/00000303.wav,1,9.797891616821289
id_04,id_06,id_06/abnormal/00000304.wav,1,13.744368553161621
id_04,id_06,id_06/abnormal/00000305.wav,1,8.896832466125488
id_04,id_06,id_06/abnormal/00000306.wav,1,12.767175674438477
id_04,id_06,id_06/abnormal/00000307.wav,1,12.160242080688477
id_04,id_06,id_06/abnormal/00000308.wav,1,18.843460083007812
id_04,id_06,id_06/abnormal/00000309.wav,1,10.570629119873047
id_04,id_06,id_06/abnormal/00000310.wav,1,7.191367149353027
id_04,id_06,id_06/abnormal/00000311.wav,1,9.020813941955566
id_04,id_06,id_06/abnormal/00000312.wav,1,15.098007202148438
id_04,id_06,id_06/abnormal/00000313.wav,1,14.145699501037598
id_04,id_06,id_06/abnormal/00000314.wav,1,8.89857006072998
id_04,id_06,id_06/abnormal/00000315.wav,1,7.989688873291016
id_04,id_06,id_06/abnormal/00000316.wav,1,16.309751510620117
id_04,id_06,id_06/abnormal/00000317.wav,1,16.0084285736084
id_04,id_06,id_06/abnormal/00000318.wav,1,8.15936279296875
id_04,id_06,id_06/abnormal/00000319.wav,1,12.636824607849121
id_04,id_06,id_06/abnormal/00000320.wav,1,11.5812349319458
id_04,id_06,id_06/abnormal/00000321.wav,1,19.400861740112305
id_04,id_06,id_06/abnormal/00000322.wav,1,14.586121559143066
id_04,id_06,id_06/abnormal/00000323.wav,1,8.272880554199219
id_04,id_06,id_06/abnormal/00000324.wav,1,12.46375846862793
id_04,id_06,id_06/abnormal/00000325.wav,1,8.48984432220459
id_04,id_06,id_06/abnormal/00000326.wav,1,16.311155319213867
id_04,id_06,id_06/abnormal/00000327.wav,1,8.537334442138672
id_04,id_06,id_06/abnormal/00000328.wav,1,9.451349258422852
id_04,id_06,id_06/abnormal/00000329.wav,1,8.795673370361328
id_04,id_06,id_06/abnormal/00000330.wav,1,14.614925384521484
id_04,id_06,id_06/abnormal/00000331.wav,1,14.62393569946289
id_04,id_06,id_06/abnormal/00000332.wav,1,12.839807510375977
id_04,id_06,id_06/abnormal/00000333.wav,1,12.783391952514648
id_04,id_06,id_06/abnormal/00000334.wav,1,16.13197135925293
id_04,id_06,id_06/abnormal/00000335.wav,1,16.985506057739258
id_04,id_06,id_06/abnormal/00000336.wav,1,11.87186050415039
id_04,id_06,id_06/abnormal/00000337.wav,1,12.542634010314941
id_04,id_06,id_06/abnormal/00000338.wav,1,8.844657897949219
id_04,id_06,id_06/abnormal/00000339.wav,1,12.90609359741211
id_04,id_06,id_06/abnormal/00000341.wav,1,8.602252006530762
id_04,id_06,id_06/abnormal/00000342.wav,1,23.718799591064453
id_04,id_06,id_06/abnormal/00000343.wav,1,13.802450180053711
id_04,id_06,id_06/abnormal/00000344.wav,1,13.005472183227539
id_04,id_06,id_06/abnormal/00000345.wav,1,8.973590850830078
id_04,id_06,id_06/abnormal/00000346.wav,1,12.719304084777832
id_04,id_06,id_06/abnormal/00000348.wav,1,11.858119010925293
id_04,id_06,id_06/abnormal/00000349.wav,1,12.443493843078613
id_04,id_06,id_06/abnormal/00000350.wav,1,14.536437034606934
id_04,id_06,id_06/abnormal/00000351.wav,1,8.022307395935059
id_04,id_06,id_06/abnormal/00000352.wav,1,10.803811073303223
id_04,id_06,id_06/abnormal/00000353.wav,1,18.625844955444336
id_04,id_06,id_06/abnormal/00000354.wav,1,11.960498809814453
id_04,id_06,id_06/abnormal/00000355.wav,1,9.041053771972656
id_04,id_06,id_06/abnormal/00000356.wav,1,20.038015365600586
id_04,id_06,id_06/abnormal/00000357.wav,1,12.092999458312988
id_04,id_06,id_06/abnormal/00000358.wav,1,9.315597534179688
id_04,id_06,id_06/abnormal/00000359.wav,1,8.788371086120605
id_06,id_00,id_00/normal/00000005.wav,0,22.392221450805664
id_06,id_00,id_00/normal/00000006.wav,0,27.263439178466797
id_06,id_00,id_00/normal/00000007.wav,0,24.314712524414062
id_06,id_00,id_00/normal/00000028.wav,0,14.19041919708252
id_06,id_00,id_00/normal/00000032.wav,0,20.7928524017334
id_06,id_00,id_00/normal/00000040.wav,0,23.289033889770508
id_06,id_00,id_00/normal/00000042.wav,0,26.111427307128906
id_06,id_00,id_00/normal/00000049.wav,0,30.85856056213379
id_06,id_00,id_00/normal/00000063.wav,0,20.128894805908203
id_06,id_00,id_00/normal/00000066.wav,0,20.88823127746582
id_06,id_00,id_00/normal/00000070.wav,0,26.976709365844727
id_06,id_00,id_00/normal/00000091.wav,0,19.618873596191406
id_06,id_00,id_00/normal/00000098.wav,0,14.898937225341797
id_06,id_00,id_00/normal/00000099.wav,0,20.869064331054688
id_06,id_00,id_00/normal/00000100.wav,0,14.234833717346191
id_06,id_00,id_00/normal/00000108.wav,0,22.651735305786133
id_06,id_00,id_00/normal/00000114.wav,0,22.56621742248535
id_06,id_00,id_00/normal/00000118.wav,0,21.33742904663086
id_06,id_00,id_00/normal/00000120.wav,0,22.703420639038086
id_06,id_00,id_00/normal/00000129.wav,0,21.698163986206055
id_06,id_00,id_00/normal/00000132.wav,0,23.867576599121094
id_06,id_00,id_00/normal/00000133.wav,0,13.400931358337402
id_06,id_00,id_00/normal/00000137.wav,0,21.11366844177246
id_06,id_00,id_00/normal/00000144.wav,0,16.2667293548584
id_06,id_00,id_00/normal/00000159.wav,0,21.19582748413086
id_06,id_00,id_00/normal/00000162.wav,0,14.381659507751465
id_06,id_00,id_00/normal/00000164.wav,0,22.32394790649414
id_06,id_00,id_00/normal/00000169.wav,0,20.455713272094727
id_06,id_00,id_00/normal/00000171.wav,0,15.190790176391602
id_06,id_00,id_00/normal/00000182.wav,0,16.565670013427734
id_06,id_00,id_00/normal/00000193.wav,0,24.06102752685547
id_06,id_00,id_00/normal/00000197.wav,0,22.801502227783203
id_06,id_00,id_00/normal/00000198.wav,0,31.747251510620117
id_06,id_00,id_00/normal/00000206.wav,0,16.09142303466797
id_06,id_00,id_00/normal/00000208.wav,0,23.49607276916504
id_06,id_00,id_00/normal/00000217.wav,0,27.273223876953125
id_06,id_00,id_00/normal/00000223.wav,0,23.911863327026367
id_06,id_00,id_00/normal/00000240.wav,0,16.750625610351562
id_06,id_00,id_00/normal/00000245.wav,0,13.54284954071045
id_06,id_00,id_00/normal/00000249.wav,0,22.23047637939453
id_06,id_00,id_00/normal/00000254.wav,0,20.269010543823242
id_06,id_00,id_00/normal/00000257.wav,0,23.920751571655273
id_06,id_00,id_00/normal/00000261.wav,0,17.735092163085938
id_06,id_00,id_00/normal/00000271.wav,0,14.643823623657227
id_06,id_00,id_00/normal/00000272.wav,0,21.252283096313477
id_06,id_00,id_00/normal/00000273.wav,0,13.277985572814941
id_06,id_00,id_00/normal/00000274.wav,0,22.490917205810547
id_06,id_00,id_00/normal/00000286.wav,0,21.098526000976562
id_06,id_00,id_00/normal/00000293.wav,0,18.96055793762207
id_06,id_00,id_00/normal/00000297.wav,0,28.98729705810547
id_06,id_00,id_00/normal/00000298.wav,0,18.23171615600586
id_06,id_00,id_00/normal/00000300.wav,0,30.2928524017334
id_06,id_00,id_00/normal/00000301.wav,0,17.482608795166016
id_06,id_00,id_00/normal/00000307.wav,0,16.034067153930664
id_06,id_00,id_00/normal/00000313.wav,0,15.669784545898438
id_06,id_00,id_00/normal/00000315.wav,0,20.35649299621582
id_06,id_00,id_00/normal/00000320.wav,0,19.78427505493164
id_06,id_00,id_00/normal/00000322.wav,0,23.730358123779297
id_06,id_00,id_00/normal/00000325.wav,0,20.451583862304688
id_06,id_00,id_00/normal/00000330.wav,0,26.576614379882812
id_06,id_00,id_00/normal/00000331.wav,0,23.218103408813477
id_06,id_00,id_00/normal/00000334.wav,0,20.348596572875977
id_06,id_00,id_00/normal/00000339.wav,0,22.224504470825195
id_06,id_00,id_00/normal/00000373.wav,0,14.477242469787598
id_06,id_00,id_00/normal/00000378.wav,0,20.9799747467041
id_06,id_00,id_00/normal/00000386.wav,0,21.31911277770996
id_06,id_00,id_00/normal/00000391.wav,0,20.729623794555664
id_06,id_00,id_00/normal/00000394.wav,0,20.967370986938477
id_06,id_00,id_00/normal/00000404.wav,0,20.657928466796875
id_06,id_00,id_00/normal/00000417.wav,0,14.658971786499023
id_06,id_00,id_00/normal/00000429.wav,0,18.31574821472168
id_06,id_00,id_00/normal/00000434.wav,0,20.645944595336914
id_06,id_00,id_00/normal/00000449.wav,0,16.242849349975586
id_06,id_00,id_00/normal/00000467.wav,0,20.520933151245117
id_06,id_00,id_00/normal/00000475.wav,0,18.48916244506836
id_06,id_00,id_00/normal/00000480.wav,0,16.354028701782227
id_06,id_00,id_00/normal/00000493.wav,0,20.9128360748291
id_06,id_00,id_00/normal/00000501.wav,0,13.969480514526367
id_06,id_00,id_00/normal/00000509.wav,0,13.942351341247559
id_06,id_00,id_00/normal/00000516.wav,0,14.192471504211426
id_06,id_00,id_00/normal/00000517.wav,0,22.042619705200195
id_06,id_00,id_00/normal/00000528.wav,0,21.898988723754883
id_06,id_00,id_00/normal/00000539.wav,0,14.413236618041992
id_06,id_00,id_00/normal/00000549.wav,0,23.64383316040039
id_06,id_00,id_00/normal/00000552.wav,0,15.743199348449707
id_06,id_00,id_00/normal/00000559.wav,0,21.474891662597656
id_06,id_00,id_00/normal/00000561.wav,0,13.338861465454102
id_06,id_00,id_00/normal/00000563.wav,0,13.493695259094238
id_06,id_00,id_00/normal/00000564.wav,0,24.33665657043457
id_06,id_00,id_00/normal/00000569.wav,0,20.306594848632812
id_06,id_00,id_00/normal/00000573.wav,0,21.445920944213867
id_06,id_00,id_00/normal/00000589.wav,0,21.766029357910156
id_06,id_00,id_00/normal/00000590.wav,0,14.525105476379395
id_06,id_00,id_00/normal/00000597.wav,0,21.732311248779297
id_06,id_00,id_00/normal/00000607.wav,0,20.692153930664062
id_06,id_00,id_00/normal/00000623.wav,0,15.351057052612305
id_06,id_00,id_00/normal/00000635.wav,0,20.941593170166016
id_06,id_00,id_00/normal/00000637.wav,0,18.978412628173828
id_06,id_00,id_00/normal/00000655.wav,0,24.243974685668945
id_06,id_00,id_00/normal/00000656.wav,0,16.52549171447754
id_06,id_00,id_00/normal/00000667.wav,0,27.624387741088867
id_06,id_00,id_00/normal/00000675.wav,0,16.809795379638672
id_06,id_00,id_00/normal/00000676.wav,0,29.17137908935547
id_06,id_00,id_00/normal/00000677.wav,0,17.413476943969727
id_06,id_00,id_00/normal/00000681.wav,0,14.018826484680176
id_06,id_00,id_00/normal/00000686.wav,0,14.597311973571777
id_06,id_00,id_00/normal/00000687.wav,0,22.08455467224121
id_06,id_00,id_00/normal/00000690.wav,0,15.441754341125488
id_06,id_00,id_00/normal/00000691.wav,0,15.18962287902832
id_06,id_00,id_00/normal/00000695.wav,0,23.375579833984375
id_06,id_00,id_00/normal/00000702.wav,0,31.48690414428711
id_06,id_00,id_00/normal/00000717.wav,0,16.71653938293457
id_06,id_00,id_00/normal/00000720.wav,0,21.1722354888916
id_06,id_00,id_00/normal/00000725.wav,0,20.98686408996582
id_06,id_00,id_00/normal/00000726.wav,0,20.76590919494629
id_06,id_00,id_00/normal/00000727.wav,0,13.62825870513916
id_06,id_00,id_00/normal/00000730.wav,0,16.590938568115234
id_06,id_00,id_00/normal/00000732.wav,0,21.78339385986328
id_06,id_00,id_00/normal/00000740.wav,0,23.084257125854492
id_06,id_00,id_00/normal/00000747.wav,0,32.58610153198242
id_06,id_00,id_00/normal/00000754.wav,0,26.827714920043945
id_06,id_00,id_00/normal/00000755.wav,0,13.250502586364746
id_06,id_00,id_00/normal/00000758.wav,0,21.981401443481445
id_06,id_00,id_00/normal/00000763.wav,0,23.25373077392578
id_06,id_00,id_00/normal/00000764.wav,0,13.957859992980957
id_06,id_00,id_00/normal/00000773.wav,0,20.06614112854004
id_06,id_00,id_00/normal/00000776.wav,0,22.221899032592773
id_06,id_00,id_00/normal/00000778.wav,0,21.694223403930664
id_06,id_00,id_00/normal/00000780.wav,0,20.714309692382812
id_06,id_00,id_00/normal/00000785.wav,0,26.598155975341797
id_06,id_00,id_00/normal/00000804.wav,0,23.33041763305664
id_06,id_00,id_00/normal/00000817.wav,0,21.76025390625
id_06,id_00,id_00/normal/00000818.wav,0,31.745563507080078
id_06,id_00,id_00/normal/00000823.wav,0,19.74275016784668
id_06,id_00,id_00/normal/00000827.wav,0,20.28476905822754
id_06,id_00,id_00/normal/00000833.wav,0,21.2722110748291
id_06,id_00,id_00/normal/00000842.wav,0,17.851097106933594
id_06,id_00,id_00/normal/00000848.wav,0,20.898042678833008
id_06,id_00,id_00/normal/00000850.wav,0,20.583690643310547
id_06,id_00,id_00/normal/00000854.wav,0,20.629417419433594
id_06,id_00,id_00/normal/00000858.wav,0,23.15768051147461
id_06,id_00,id_00/normal/00000862.wav,0,14.875158309936523
id_06,id_00,id_00/normal/00000863.wav,0,24.770353317260742
id_06,id_00,id_00/normal/00000885.wav,0,21.7039852142334
id_06,id_00,id_00/normal/00000888.wav,0,13.604132652282715
id_06,id_00,id_00/normal/00000895.wav,0,14.225089073181152
id_06,id_00,id_00/normal/00000903.wav,0,19.263599395751953
id_06,id_00,id_00/normal/00000915.wav,0,15.108536720275879
id_06,id_00,id_00/normal/00000919.wav,0,24.296506881713867
id_06,id_00,id_00/normal/00000929.wav,0,21.43441390991211
id_06,id_00,id_00/normal/00000930.wav,0,13.408928871154785
id_06,id_00,id_00/normal/00000931.wav,0,15.673700332641602
id_06,id_00,id_00/normal/00000942.wav,0,17.755056381225586
id_06,id_00,id_00/normal/00000951.wav,0,20.18981170654297
id_06,id_00,id_00/normal/00000953.wav,0,21.438142776489258
id_06,id_00,id_00/normal/00000954.wav,0,14.838573455810547
id_06,id_00,id_00/normal/00000961.wav,0,14.238872528076172
id_06,id_00,id_00/normal/00000967.wav,0,27.381126403808594
id_06,id_00,id_00/normal/00000977.wav,0,23.02008056640625
id_06,id_00,id_00/normal/00000997.wav,0,25.391672134399414
id_06,id_00,id_00/abnormal/00000000.wav,1,38.4464225769043
id_06,id_00,id_00/abnormal/00000001.wav,1,39.62624740600586
id_06,id_00,id_00/abnormal/00000002.wav,1,38.65917205810547
id_06,id_00,id_00/abnormal/00000003.wav,1,41.439308166503906
id_06,id_00,id_00/abnormal/00000004.wav,1,18.830106735229492
id_06,id_00,id_00/abnormal/00000006.wav,1,25.330354690551758
id_06,id_00,id_00/abnormal/00000007.wav,1,25.257474899291992
id_06,id_00,id_00/abnormal/00000008.wav,1,19.857393264770508
id_06,id_00,id_00/abnormal/00000010.wav,1,28.44978904724121
id_06,id_00,id_00/abnormal/00000011.wav,1,16.94753074645996
id_06,id_00,id_00/abnormal/00000012.wav,1,31.483381271362305
id_06,id_00,id_00/abnormal/00000013.wav,1,36.56268310546875
id_06,id_00,id_00/abnormal/00000014.wav,1,32.87752151489258
id_06,id_00,id_00/abnormal/00000016.wav,1,22.9145450592041
id_06,id_00,id_00/abnormal/00000017.wav,1,33.58495330810547
id_06,id_00,id_00/abnormal/00000018.wav,1,19.67980194091797
id_06,id_00,id_00/abnormal/00000019.wav,1,16.507963180541992
id_06,id_00,id_00/abnormal/00000020.wav,1,24.023235321044922
id_06,id_00,id_00/abnormal/00000022.wav,1,30.11414909362793
id_06,id_00,id_00/abnormal/00000023.wav,1,18.677833557128906
id_06,id_00,id_00/abnormal/00000024.wav,1,17.59665870666504
id_06,id_00,id_00/abnormal/00000025.wav,1,25.83123016357422
id_06,id_00,id_00/abnormal/00000026.wav,1,37.144615173339844
id_06,id_00,id_00/abnormal/00000027.wav,1,25.605836868286133
id_06,id_00,id_00/abnormal/00000028.wav,1,29.115299224853516
id_06,id_00,id_00/abnormal/00000031.wav,1,17.687936782836914
id_06,id_00,id_00/abnormal/00000032.wav,1,18.017772674560547
id_06,id_00,id_00/abnormal/00000033.wav,1,23.350624084472656
id_06,id_00,id_00/abnormal/00000034.wav,1,24.72500228881836
id_06,id_00,id_00/abnormal/00000035.wav,1,28.673999786376953
id_06,id_00,id_00/abnormal/00000036.wav,1,24.999235153198242
id_06,id_00,id_00/abnormal/00000038.wav,1,17.577600479125977
id_06,id_00,id_00/abnormal/00000040.wav,1,25.93865203857422
id_06,id_00,id_00/abnormal/00000042.wav,1,16.70823860168457
id_06,id_00,id_00/abnormal/00000043.wav,1,17.53900146484375
id_06,id_00,id_00/abnormal/00000045.wav,1,32.5369758605957
id_06,id_00,id_00/abnormal/00000046.wav,1,25.207096099853516
id_06,id_00,id_00/abnormal/00000047.wav,1,32.92104721069336
id_06,id_00,id_00/abnormal/00000048.wav,1,33.32320785522461
id_06,id_00,id_00/abnormal/00000050.wav,1,25.35187530517578
id_06,id_00,id_00/abnormal/00000052.wav,1,21.596715927124023
id_06,id_00,id_00/abnormal/00000053.wav,1,25.925769805908203
id_06,id_00,id_00/abnormal/00000054.wav,1,17.497604370117188
id_06,id_00,id_00/abnormal/00000055.wav,1,16.762535095214844
id_06,id_00,id_00/abnormal/00000056.wav,1,35.397789001464844
id_06,id_00,id_00/abnormal/00000057.wav,1,32.69547653198242
id_06,id_00,id_00/abnormal/00000058.wav,1,17.316495895385742
id_06,id_00,id_00/abnormal/00000060.wav,1,24.83901023864746
id_06,id_00,id_00/abnormal/00000063.wav,1,16.606365203857422
id_06,id_00,id_00/abnormal/00000064.wav,1,33.021095275878906
id_06,id_00,id_00/abnormal/00000065.wav,1,32.109622955322266
id_06,id_00,id_00/abnormal/00000067.wav,1,20.42425537109375
id_06,id_00,id_00/abnormal/00000068.wav,1,34.164512634277344
id_06,id_00,id_00/abnormal/00000069.wav,1,22.817646026611328
id_06,id_00,id_00/abnormal/00000070.wav,1,18.219711303710938
id_06,id_00,id_00/abnormal/00000071.wav,1,16.851137161254883
id_06,id_00,id_00/abnormal/00000072.wav,1,27.658443450927734
id_06,id_00,id_00/abnormal/00000073.wav,1,28.126861572265625
id_06,id_00,id_00/abnormal/00000075.wav,1,21.30843162536621
id_06,id_00,id_00/abnormal/00000077.wav,1,35.20437240600586
id_06,id_00,id_00/abnormal/00000078.wav,1,32.597259521484375
id_06,id_00,id_00/abnormal/00000079.wav,1,30.294919967651367
id_06,id_00,id_00/abnormal/00000080.wav,1,16.416337966918945
id_06,id_00,id_00/abnormal/00000082.wav,1,19.39078712463379
id_06,id_00,id_00/abnormal/00000084.wav,1,24.59786605834961
id_06,id_00,id_00/abnormal/00000086.wav,1,17.221323013305664
id_06,id_00,id_00/abnormal/00000088.wav,1,21.143442153930664
id_06,id_00,id_00/abnormal/00000089.wav,1,31.658470153808594
id_06,id_00,id_00/abnormal/00000090.wav,1,33.809871673583984
id_06,id_00,id_00/abnormal/00000091.wav,1,20.88424301147461
id_06,id_00,id_00/abnormal/00000092.wav,1,24.263303756713867
id_06,id_00,id_00/abnormal/00000093.wav,1,30.076271057128906
id_06,id_00,id_00/abnormal/00000094.wav,1,24.315914154052734
id_06,id_00,id_00/abnormal/00000095.wav,1,19.621274948120117
id_06,id_00,id_00/abnormal/00000096.wav,1,25.965518951416016
id_06,id_00,id_00/abnormal/00000097.wav,1,37.60197830200195
id_06,id_00,id_00/abnormal/00000099.wav,1,16.14858055114746
id_06,id_00,id_00/abnormal/00000100.wav,1,38.411598205566406
id_06,id_00,id_00/abnormal/00000101.wav,1,31.149383544921875
id_06,id_00,id_00/abnormal/00000102.wav,1,16.9393367767334
id_06,id_00,id_00/abnormal/00000103.wav,1,16.241878509521484
id_06,id_00,id_00/abnormal/00000104.wav,1,29.01955795288086
id_06,id_00,id_00/abnormal/00000106.wav,1,36.2229118347168
id_06,id_00,id_00/abnormal/00000107.wav,1,26.87378692626953
id_06,id_00,id_00/abnormal/00000109.wav,1,27.951820373535156
id_06,id_00,id_00/abnormal/00000111.wav,1,18.691513061523438
id_06,id_00,id_00/abnormal/00000112.wav,1,23.642898559570312
id_06,id_00,id_00/abnormal/00000113.wav,1,19.76067352294922
id_06,id_00,id_00/abnormal/00000114.wav,1,18.593046188354492
id_06,id_00,id_00/abnormal/00000116.wav,1,37.06753158569336
id_06,id_00,id_00/abnormal/00000117.wav,1,35.22312545776367
id_06,id_00,id_00/abnormal/00000118.wav,1,24.782718658447266
id_06,id_00,id_00/abnormal/00000119.wav,1,22.395967483520508
id_06,id_00,id_00/abnormal/00000121.wav,1,21.7594051361084
id_06,id_00,id_00/abnormal/00000124.wav,1,41.153045654296875
id_06,id_00,id_00/abnormal/00000125.wav,1,37.46959686279297
id_06,id_00,id_00/abnormal/00000126.wav,1,24.221967697143555
id_06,id_00,id_00/abnormal/00000127.wav,1,38.25420379638672
id_06,id_00,id_00/abnormal/00000128.wav,1,21.080825805664062
id_06,id_00,id_00/abnormal/00000129.wav,1,16.748367309570312
id_06,id_00,id_00/abnormal/00000130.wav,1,30.546737670898438
id_06,id_00,id_00/abnormal/00000131.wav,1,18.162628173828125
id_06,id_00,id_00/abnormal/00000132.wav,1,23.32894515991211
id_06,id_00,id_00/abnormal/00000133.wav,1,37.57061767578125
id_06,id_00,id_00/abnormal/00000134.wav,1,18.23447608947754
id_06,id_00,id_00/abnormal/00000136.wav,1,29.957815170288086
id_06,id_00,id_00/abnormal/00000137.wav,1,29.332538604736328
id_06,id_00,id_00/abnormal/00000138.wav,1,22.6678466796875
id_06,id_00,id_00/abnormal/00000141.wav,1,18.72551918029785
id_06,id_00,id_00/abnormal/00000142.wav,1,25.04488754272461
id_06,id_00,id_00/abnormal/00000143.wav,1,32.57854461669922
id_06,id_00,id_00/abnormal/00000144.wav,1,17.584692001342773
id_06,id_00,id_00/abnormal/00000145.wav,1,39.02313232421875
id_06,id_00,id_00/abnormal/00000146.wav,1,27.028247833251953
id_06,id_00,id_00/abnormal/00000147.wav,1,25.195341110229492
id_06,id_00,id_00/abnormal/00000148.wav,1,17.518659591674805
id_06,id_00,id_00/abnormal/00000149.wav,1,19.212261199951172
id_06,id_00,id_00/abnormal/00000150.wav,1,33.262054443359375
id_06,id_00,id_00/abnormal/00000151.wav,1,34.77815246582031
id_06,id_00,id_00/abnormal/00000152.wav,1,35.99959182739258
id_06,id_00,id_00/abnormal/00000153.wav,1,21.743003845214844
id_06,id_00,id_00/abnormal/00000155.wav,1,21.409210205078125
id_06,id_00,id_00/abnormal/00000156.wav,1,21.055797576904297
id_06,id_00,id_00/abnormal/00000158.wav,1,23.17197036743164
id_06,id_00,id_00/abnormal/00000159.wav,1,29.65812110900879
id_06,id_00,id_00/abnormal/00000160.wav,1,20.55386734008789
id_06,id_00,id_00/abnormal/00000162.wav,1,14.28820514678955
id_06,id_00,id_00/abnormal/00000164.wav,1,23.266128540039062
id_06,id_00,id_00/abnormal/00000165.wav,1,14.275544166564941
id_06,id_00,id_00/abnormal/00000166.wav,1,18.779563903808594
id_06,id_00,id_00/abnormal/00000167.wav,1,21.107690811157227
id_06,id_00,id_00/abnormal/00000169.wav,1,13.999652862548828
id_06,id_00,id_00/abnormal/00000170.wav,1,21.445363998413086
id_06,id_00,id_00/abnormal/00000171.wav,1,21.917274475097656
id_06,id_00,id_00/abnormal/00000172.wav,1,13.689803123474121
id_06,id_00,id_00/abnormal/00000175.wav,1,21.482725143432617
id_06,id_00,id_00/abnormal/00000176.wav,1,20.710290908813477
id_06,id_00,id_00/abnormal/00000177.wav,1,17.82948875427246
id_06,id_00,id_00/abnormal/00000179.wav,1,22.519140243530273
id_06,id_00,id_00/abnormal/00000180.wav,1,13.656785011291504
id_06,id_00,id_00/abnormal/00000181.wav,1,13.875326156616211
id_06,id_00,id_00/abnormal/00000182.wav,1,18.0094051361084
id_06,id_00,id_00/abnormal/00000183.wav,1,23.592256546020508
id_06,id_00,id_00/abnormal/00000184.wav,1,25.82042694091797
id_06,id_00,id_00/abnormal/00000185.wav,1,17.60027313232422
id_06,id_00,id_00/abnormal/00000186.wav,1,23.123441696166992
id_06,id_00,id_00/abnormal/00000187.wav,1,26.18980598449707
id_06,id_00,id_00/abnormal/00000189.wav,1,23.19355010986328
id_06,id_00,id_00/abnormal/00000190.wav,1,14.763134956359863
id_06,id_00,id_00/abnormal/00000191.wav,1,19.876272201538086
id_06,id_00,id_00/abnormal/00000192.wav,1,20.275943756103516
id_06,id_00,id_00/abnormal/00000194.wav,1,17.738630294799805
id_06,id_00,id_00/abnormal/00000195.wav,1,13.579278945922852
id_06,id_00,id_00/abnormal/00000196.wav,1,23.03139877319336
id_06,id_00,id_00/abnormal/00000197.wav,1,24.206356048583984
id_06,id_00,id_00/abnormal/00000198.wav,1,22.361549377441406
id_06,id_00,id_00/abnormal/00000200.wav,1,19.28085708618164
id_06,id_00,id_00/abnormal/00000201.wav,1,20.34273338317871
id_06,id_00,id_00/abnormal/00000203.wav,1,14.434096336364746
id_06,id_00,id_00/abnormal/00000204.wav,1,14.08975601196289
id_06,id_00,id_00/abnormal/00000205.wav,1,21.97484016418457
id_06,id_00,id_00/abnormal/00000206.wav,1,14.491344451904297
id_06,id_00,id_00/abnormal/00000207.wav,1,13.734683990478516
id_06,id_00,id_00/abnormal/00000208.wav,1,15.234808921813965
id_06,id_00,id_00/abnormal/00000209.wav,1,15.108168601989746
id_06,id_00,id_00/abnormal/00000210.wav,1,19.928773880004883
id_06,id_00,id_00/abnormal/00000211.wav,1,17.68375015258789
id_06,id_00,id_00/abnormal/00000213.wav,1,13.201105117797852
id_06,id_00,id_00/abnormal/00000214.wav,1,19.4969482421875
id_06,id_00,id_00/abnormal/00000216.wav,1,14.016576766967773
id_06,id_00,id_00/abnormal/00000218.wav,1,25.264528274536133
id_06,id_00,id_00/abnormal/00000219.wav,1,23.42824935913086
id_06,id_00,id_00/abnormal/00000221.wav,1,21.422039031982422
id_06,id_00,id_00/abnormal/00000222.wav,1,22.736732482910156
id_06,id_00,id_00/abnormal/00000223.wav,1,23.083454132080078
id_06,id_00,id_00/abnormal/00000224.wav,1,19.72377586364746
id_06,id_00,id_00/abnormal/00000225.wav,1,25.68206214904785
id_06,id_00,id_00/abnormal/00000226.wav,1,13.863424301147461
id_06,id_00,id_00/abnormal/00000227.wav,1,14.272748947143555
id_06,id_00,id_00/abnormal/00000228.wav,1,26.497936248779297
id_06,id_00,id_00/abnormal/00000229.wav,1,13.613463401794434
id_06,id_00,id_00/abnormal/00000230.wav,1,14.440784454345703
id_06,id_00,id_00/abnormal/00000231.wav,1,22.784805297851562
id_06,id_00,id_00/abnormal/00000232.wav,1,21.948190689086914
id_06,id_00,id_00/abnormal/00000233.wav,1,19.525680541992188
id_06,id_00,id_00/abnormal/00000234.wav,1,25.10829734802246
id_06,id_00,id_00/abnormal/00000235.wav,1,23.21512222290039
id_06,id_00,id_00/abnormal/00000236.wav,1,21.77396011352539
id_06,id_00,id_00/abnormal/00000238.wav,1,18.716381072998047
id_06,id_00,id_00/abnormal/00000239.wav,1,21.001588821411133
id_06,id_00,id_00/abnormal/00000240.wav,1,27.158456802368164
id_06,id_00,id_00/abnormal/00000241.wav,1,25.779380798339844
id_06,id_00,id_00/abnormal/00000242.wav,1,24.305946350097656
id_06,id_00,id_00/abnormal/00000243.wav,1,14.8563814163208
id_06,id_00,id_00/abnormal/00000244.wav,1,24.115816116333008
id_06,id_00,id_00/abnormal/00000247.wav,1,14.208536148071289
id_06,id_00,id_00/abnormal/00000248.wav,1,20.72176742553711
id_06,id_00,id_00/abnormal/00000250.wav,1,13.44545841217041
id_06,id_00,id_00/abnormal/00000251.wav,1,32.75733184814453
id_06,id_00,id_00/abnormal/00000252.wav,1,24.74370574951172
id_06,id_00,id_00/abnormal/00000253.wav,1,25.274433135986328
id_06,id_00,id_00/abnormal/00000254.wav,1,20.39080238342285
id_06,id_00,id_00/abnormal/00000255.wav,1,20.883180618286133
id_06,id_00,id_00/abnormal/00000256.wav,1,19.509313583374023
id_06,id_00,id_00/abnormal/00000259.wav,1,20.289907455444336
id_06,id_00,id_00/abnormal/00000260.wav,1,21.300880432128906
id_06,id_00,id_00/abnormal/00000261.wav,1,13.645103454589844
id_06,id_00,id_00/abnormal/00000262.wav,1,21.35678482055664
id_06,id_00,id_00/abnormal/00000263.wav,1,30.682554244995117
id_06,id_00,id_00/abnormal/00000264.wav,1,23.83591651916504
id_06,id_00,id_00/abnormal/00000265.wav,1,18.867565155029297
id_06,id_00,id_00/abnormal/00000266.wav,1,13.968181610107422
id_06,id_00,id_00/abnormal/00000267.wav,1,22.1091251373291
id_06,id_00,id_00/abnormal/00000268.wav,1,13.740043640136719
id_06,id_00,id_00/abnormal/00000269.wav,1,19.424116134643555
id_06,id_00,id_00/abnormal/00000270.wav,1,18.258514404296875
id_06,id_00,id_00/abnormal/00000272.wav,1,20.78617286682129
id_06,id_00,id_00/abnormal/00000273.wav,1,20.10394287109375
id_06,id_00,id_00/abnormal/00000274.wav,1,13.589066505432129
id_06,id_00,id_00/abnormal/00000275.wav,1,13.254758834838867
id_06,id_00,id_00/abnormal/00000276.wav,1,20.806028366088867
id_06,id_00,id_00/abnormal/00000277.wav,1,14.254109382629395
id_06,id_00,id_00/abnormal/00000278.wav,1,13.375732421875
id_06,id_00,id_00/abnormal/00000279.wav,1,25.64642333984375
id_06,id_00,id_00/abnormal/00000280.wav,1,20.196678161621094
id_06,id_00,id_00/abnormal/00000281.wav,1,13.56397819519043
id_06,id_00,id_00/abnormal/00000282.wav,1,26.899831771850586
id_06,id_00,id_00/abnormal/00000283.wav,1,18.870216369628906
id_06,id_00,id_00/abnormal/00000284.wav,1,13.972881317138672
id_06,id_00,id_00/abnormal/00000285.wav,1,17.252744674682617
id_06,id_00,id_00/abnormal/00000286.wav,1,17.93819236755371
id_06,id_00,id_00/abnormal/00000287.wav,1,21.810251235961914
id_06,id_00,id_00/abnormal/00000288.wav,1,13.028406143188477
id_06,id_00,id_00/abnormal/00000289.wav,1,20.049226760864258
id_06,id_00,id_00/abnormal/00000290.wav,1,27.288185119628906
id_06,id_00,id_00/abnormal/00000292.wav,1,14.221053123474121
id_06,id_00,id_00/abnormal/00000293.wav,1,21.604267120361328
id_06,id_00,id_00/abnormal/00000294.wav,1,19.537067413330078
id_06,id_00,id_00/abnormal/00000295.wav,1,21.252689361572266
id_06,id_00,id_00/abnormal/00000296.wav,1,13.234002113342285
id_06,id_00,id_00/abnormal/00000298.wav,1,21.974246978759766
id_06,id_00,id_00/abnormal/00000300.wav,1,20.324737548828125
id_06,id_00,id_00/abnormal/00000301.wav,1,16.233598709106445
id_06,id_00,id_00/abnormal/00000302.wav,1,20.581649780273438
id_06,id_00,id_00/abnormal/00000303.wav,1,14.002127647399902
id_06,id_00,id_00/abnormal/00000304.wav,1,15.536478042602539
id_06,id_00,id_00/abnormal/00000306.wav,1,13.293234825134277
id_06,id_00,id_00/abnormal/00000308.wav,1,14.159415245056152
id_06,id_00,id_00/abnormal/00000309.wav,1,17.507553100585938
id_06,id_00,id_00/abnormal/00000311.wav,1,20.88970947265625
id_06,id_00,id_00/abnormal/00000313.wav,1,20.578922271728516
id_06,id_00,id_00/abnormal/00000314.wav,1,25.499645233154297
id_06,id_00,id_00/abnormal/00000316.wav,1,12.878754615783691
id_06,id_00,id_00/abnormal/00000317.wav,1,20.422048568725586
id_06,id_00,id_00/abnormal/00000318.wav,1,24.66987419128418
id_06,id_00,id_00/abnormal/00000319.wav,1,13.60512924194336
id_06,id_00,id_00/abnormal/00000320.wav,1,16.331768035888672
id_06,id_00,id_00/abnormal/00000321.wav,1,19.554927825927734
id_06,id_00,id_00/abnormal/00000322.wav,1,20.55758285522461
id_06,id_00,id_00/abnormal/00000323.wav,1,21.481685638427734
id_06,id_00,id_00/abnormal/00000324.wav,1,14.528807640075684
id_06,id_00,id_00/abnormal/00000325.wav,1,21.2305908203125
id_06,id_00,id_00/abnormal/00000327.wav,1,21.871015548706055
id_06,id_00,id_00/abnormal/00000328.wav,1,20.022676467895508
id_06,id_00,id_00/abnormal/00000329.wav,1,21.445138931274414
id_06,id_00,id_00/abnormal/00000330.wav,1,19.516551971435547
id_06,id_00,id_00/abnormal/00000331.wav,1,21.24090003967285
id_06,id_00,id_00/abnormal/00000332.wav,1,14.306459426879883
id_06,id_00,id_00/abnormal/00000333.wav,1,16.599695205688477
id_06,id_00,id_00/abnormal/00000334.wav,1,21.69997215270996
id_06,id_00,id_00/abnormal/00000337.wav,1,21.080036163330078
id_06,id_00,id_00/abnormal/00000338.wav,1,21.186729431152344
id_06,id_00,id_00/abnormal/00000339.wav,1,27.1090030670166
id_06,id_00,id_00/abnormal/00000340.wav,1,24.878522872924805
id_06,id_00,id_00/abnormal/00000341.wav,1,21.7321834564209
id_06,id_00,id_00/abnormal/00000344.wav,1,23.134601593017578
id_06,id_00,id_00/abnormal/00000345.wav,1,17.603961944580078
id_06,id_00,id_00/abnormal/00000346.wav,1,19.193105697631836
id_06,id_00,id_00/abnormal/00000347.wav,1,20.49759864807129
id_06,id_00,id_00/abnormal/00000348.wav,1,19.165050506591797
id_06,id_00,id_00/abnormal/00000349.wav,1,16.940629959106445
id_06,id_00,id_00/abnormal/00000351.wav,1,21.66735076904297
id_06,id_00,id_00/abnormal/00000352.wav,1,13.704931259155273
id_06,id_00,id_00/abnormal/00000355.wav,1,19.11308479309082
id_06,id_00,id_00/abnormal/00000357.wav,1,19.98731231689453
id_06,id_00,id_00/abnormal/00000359.wav,1,20.096221923828125
id_06,id_00,id_00/abnormal/00000360.wav,1,21.65110206604004
id_06,id_00,id_00/abnormal/00000361.wav,1,17.000383377075195
id_06,id_00,id_00/abnormal/00000362.wav,1,14.713458061218262
id_06,id_00,id_00/abnormal/00000363.wav,1,14.93968391418457
id_06,id_00,id_00/abnormal/00000364.wav,1,19.713998794555664
id_06,id_00,id_00/abnormal/00000365.wav,1,21.436267852783203
id_06,id_00,id_00/abnormal/00000367.wav,1,20.660030364990234
id_06,id_00,id_00/abnormal/00000368.wav,1,22.606290817260742
id_06,id_00,id_00/abnormal/00000371.wav,1,23.770347595214844
id_06,id_00,id_00/abnormal/00000373.wav,1,19.027957916259766
id_06,id_00,id_00/abnormal/00000374.wav,1,14.441681861877441
id_06,id_00,id_00/abnormal/00000375.wav,1,20.18654441833496
id_06,id_00,id_00/abnormal/00000377.wav,1,14.562756538391113
id_06,id_00,id_00/abnormal/00000378.wav,1,22.642425537109375
id_06,id_00,id_00/abnormal/00000379.wav,1,12.830262184143066
id_06,id_00,id_00/abnormal/00000380.wav,1,13.643693923950195
id_06,id_00,id_00/abnormal/00000382.wav,1,19.37603187561035
id_06,id_00,id_00/abnormal/00000383.wav,1,25.601449966430664
id_06,id_00,id_00/abnormal/00000384.wav,1,21.134401321411133
id_06,id_00,id_00/abnormal/00000385.wav,1,12.466300964355469
id_06,id_00,id_00/abnormal/00000389.wav,1,29.363712310791016
id_06,id_00,id_00/abnormal/00000390.wav,1,21.798702239990234
id_06,id_00,id_00/abnormal/00000391.wav,1,15.705791473388672
id_06,id_00,id_00/abnormal/00000392.wav,1,24.791135787963867
id_06,id_00,id_00/abnormal/00000393.wav,1,14.351167678833008
id_06,id_00,id_00/abnormal/00000395.wav,1,24.259885787963867
id_06,id_00,id_00/abnormal/00000396.wav,1,29.683635711669922
id_06,id_00,id_00/abnormal/00000397.wav,1,24.033552169799805
id_06,id_00,id_00/abnormal/00000398.wav,1,23.19626235961914
id_06,id_00,id_00/abnormal/00000400.wav,1,25.00017547607422
id_06,id_00,id_00/abnormal/00000402.wav,1,14.057263374328613
id_06,id_00,id_00/abnormal/00000403.wav,1,14.916504859924316
id_06,id_00,id_00/abnormal/00000404.wav,1,19.291282653808594
id_06,id_00,id_00/abnormal/00000405.wav,1,13.792304039001465
id_06,id_02,id_02/normal/00000002.wav,0,15.044490814208984
id_06,id_02,id_02/normal/00000006.wav,0,13.051834106445312
id_06,id_02,id_02/normal/00000008.wav,0,15.783679008483887
id_06,id_02,id_02/normal/00000012.wav,0,17.71930694580078
id_06,id_02,id_02/normal/00000013.wav,0,12.194862365722656
id_06,id_02,id_02/normal/00000014.wav,0,14.747757911682129
id_06,id_02,id_02/normal/00000026.wav,0,12.56832218170166
id_06,id_02,id_02/normal/00000029.wav,0,11.745908737182617
id_06,id_02,id_02/normal/00000033.wav,0,13.202467918395996
id_06,id_02,id_02/normal/00000039.wav,0,13.054323196411133
id_06,id_02,id_02/normal/00000043.wav,0,14.679253578186035
id_06,id_02,id_02/normal/00000048.wav,0,12.150324821472168
id_06,id_02,id_02/normal/00000050.wav,0,13.649386405944824
id_06,id_02,id_02/normal/00000054.wav,0,16.37664222717285
id_06,id_02,id_02/normal/00000059.wav,0,15.450529098510742
id_06,id_02,id_02/normal/00000064.wav,0,12.479471206665039
id_06,id_02,id_02/normal/00000068.wav,0,13.033440589904785
id_06,id_02,id_02/normal/00000080.wav,0,15.463126182556152
id_06,id_02,id_02/normal/00000090.wav,0,13.259408950805664
id_06,id_02,id_02/normal/00000091.wav,0,16.500930786132812
id_06,id_02,id_02/normal/00000102.wav,0,14.317136764526367
id_06,id_02,id_02/normal/00000109.wav,0,14.494553565979004
id_06,id_02,id_02/normal/00000111.wav,0,18.836345672607422
id_06,id_02,id_02/normal/00000119.wav,0,13.43993091583252
id_06,id_02,id_02/normal/00000121.wav,0,15.444188117980957
id_06,id_02,id_02/normal/00000124.wav,0,16.80967903137207
id_06,id_02,id_02/normal/00000127.wav,0,15.95285415649414
id_06,id_02,id_02/normal/00000133.wav,0,14.46650505065918
id_06,id_02,id_02/normal/00000144.wav,0,16.35790252685547
id_06,id_02,id_02/normal/00000155.wav,0,17.114253997802734
id_06,id_02,id_02/normal/00000170.wav,0,13.035911560058594
id_06,id_02,id_02/normal/00000176.wav,0,14.4378023147583
id_06,id_02,id_02/normal/00000191.wav,0,13.051514625549316
id_06,id_02,id_02/normal/00000196.wav,0,15.352331161499023
id_06,id_02,id_02/normal/00000217.wav,0,14.307212829589844
id_06,id_02,id_02/normal/00000225.wav,0,12.64719295501709
id_06,id_02,id_02/normal/00000227.wav,0,13.057323455810547
id_06,id_02,id_02/normal/00000230.wav,0,12.417757034301758
id_06,id_02,id_02/normal/00000242.wav,0,15.054537773132324
id_06,id_02,id_02/normal/00000245.wav,0,13.910754203796387
id_06,id_02,id_02/normal/00000246.wav,0,12.74467945098877
id_06,id_02,id_02/normal/00000250.wav,0,12.580533981323242
id_06,id_02,id_02/normal/00000255.wav,0,16.8821964263916
id_06,id_02,id_02/normal/00000258.wav,0,13.438896179199219
id_06,id_02,id_02/normal/00000262.wav,0,15.839869499206543
id_06,id_02,id_02/normal/00000275.wav,0,14.781744956970215
id_06,id_02,id_02/normal/00000287.wav,0,17.674001693725586
id_06,id_02,id_02/normal/00000291.wav,0,12.680778503417969
id_06,id_02,id_02/normal/00000302.wav,0,17.673633575439453
id_06,id_02,id_02/normal/00000306.wav,0,16.36091423034668
id_06,id_02,id_02/normal/00000310.wav,0,12.78754711151123
id_06,id_02,id_02/normal/00000317.wav,0,14.405932426452637
id_06,id_02,id_02/normal/00000321.wav,0,15.592777252197266
id_06,id_02,id_02/normal/00000326.wav,0,15.098045349121094
id_06,id_02,id_02/normal/00000339.wav,0,14.791767120361328
id_06,id_02,id_02/normal/00000345.wav,0,17.816368103027344
id_06,id_02,id_02/normal/00000353.wav,0,14.965203285217285
id_06,id_02,id_02/normal/00000357.wav,0,14.4757661819458
id_06,id_02,id_02/normal/00000361.wav,0,13.01874828338623
id_06,id_02,id_02/normal/00000363.wav,0,14.637733459472656
id_06,id_02,id_02/normal/00000369.wav,0,12.872971534729004
id_06,id_02,id_02/normal/00000370.wav,0,14.750104904174805
id_06,id_02,id_02/normal/00000371.wav,0,15.376974105834961
id_06,id_02,id_02/normal/00000379.wav,0,12.472750663757324
id_06,id_02,id_02/normal/00000383.wav,0,14.648763656616211
id_06,id_02,id_02/normal/00000388.wav,0,13.84338092803955
id_06,id_02,id_02/normal/00000397.wav,0,11.333684921264648
id_06,id_02,id_02/normal/00000398.wav,0,12.152990341186523
id_06,id_02,id_02/normal/00000404.wav,0,15.72585678100586
id_06,id_02,id_02/normal/00000405.wav,0,13.608508110046387
id_06,id_02,id_02/normal/00000408.wav,0,13.335100173950195
id_06,id_02,id_02/normal/00000414.wav,0,17.13597869873047
id_06,id_02,id_02/normal/00000416.wav,0,12.329890251159668
id_06,id_02,id_02/normal/00000442.wav,0,11.723230361938477
id_06,id_02,id_02/normal/00000451.wav,0,12.185017585754395
id_06,id_02,id_02/normal/00000473.wav,0,14.821151733398438
id_06,id_02,id_02/normal/00000481.wav,0,18.338871002197266
id_06,id_02,id_02/normal/00000484.wav,0,18.568130493164062
id_06,id_02,id_02/normal/00000488.wav,0,12.640846252441406
id_06,id_02,id_02/normal/00000494.wav,0,12.785778045654297
id_06,id_02,id_02/normal/00000531.wav,0,13.652170181274414
id_06,id_02,id_02/normal/00000533.wav,0,13.120482444763184
id_06,id_02,id_02/normal/00000538.wav,0,12.836446762084961
id_06,id_02,id_02/normal/00000540.wav,0,13.37491226196289
id_06,id_02,id_02/normal/00000545.wav,0,16.005617141723633
id_06,id_02,id_02/normal/00000546.wav,0,13.843222618103027
id_06,id_02,id_02/normal/00000551.wav,0,14.886992454528809
id_06,id_02,id_02/normal/00000556.wav,0,13.805293083190918
id_06,id_02,id_02/normal/00000557.wav,0,13.212026596069336
id_06,id_02,id_02/normal/00000567.wav,0,15.676023483276367
id_06,id_02,id_02/normal/00000577.wav,0,17.674592971801758
id_06,id_02,id_02/normal/00000583.wav,0,13.706445693969727
id_06,id_02,id_02/normal/00000584.wav,0,17.15608024597168
id_06,id_02,id_02/normal/00000589.wav,0,13.757556915283203
id_06,id_02,id_02/normal/00000596.wav,0,13.114538192749023
id_06,id_02,id_02/normal/00000599.wav,0,13.242290496826172
id_06,id_02,id_02/normal/00000600.wav,0,13.352618217468262
id_06,id_02,id_02/normal/00000604.wav,0,15.180427551269531
id_06,id_02,id_02/normal/00000607.wav,0,12.892496109008789
id_06,id_02,id_02/normal/00000608.wav,0,17.054931640625
id_06,id_02,id_02/normal/00000616.wav,0,16.827177047729492
id_06,id_02,id_02/normal/00000622.wav,0,18.966636657714844
id_06,id_02,id_02/normal/00000624.wav,0,16.34336280822754
id_06,id_02,id_02/normal/00000626.wav,0,17.23416519165039
id_06,id_02,id_02/normal/00000629.wav,0,12.451069831848145
id_06,id_02,id_02/normal/00000630.wav,0,14.75353717803955
id_06,id_02,id_02/normal/00000641.wav,0,13.322979927062988
id_06,id_02,id_02/normal/00000644.wav,0,15.308497428894043
id_06,id_02,id_02/normal/00000645.wav,0,12.720745086669922
id_06,id_02,id_02/normal/00000653.wav,0,13.541994094848633
id_06,id_02,id_02/normal/00000671.wav,0,19.326351165771484
id_06,id_02,id_02/normal/00000672.wav,0,14.849120140075684
id_06,id_02,id_02/normal/00000673.wav,0,15.251346588134766
id_06,id_02,id_02/normal/00000674.wav,0,16.281875610351562
id_06,id_02,id_02/normal/00000681.wav,0,17.467485427856445
id_06,id_02,id_02/normal/00000690.wav,0,19.278873443603516
id_06,id_02,id_02/normal/00000692.wav,0,13.096282005310059
id_06,id_02,id_02/normal/00000705.wav,0,16.95865249633789
id_06,id_02,id_02/normal/00000706.wav,0,13.709073066711426
id_06,id_02,id_02/normal/00000715.wav,0,15.095596313476562
id_06,id_02,id_02/normal/00000733.wav,0,18.232242584228516
id_06,id_02,id_02/normal/00000735.wav,0,17.628097534179688
id_06,id_02,id_02/normal/00000745.wav,0,14.130481719970703
id_06,id_02,id_02/normal/00000747.wav,0,13.222004890441895
id_06,id_02,id_02/normal/00000757.wav,0,15.739447593688965
id_06,id_02,id_02/normal/00000758.wav,0,17.16640281677246
id_06,id_02,id_02/normal/00000759.wav,0,18.949316024780273
id_06,id_02,id_02/normal/00000770.wav,0,12.210688591003418
id_06,id_02,id_02/normal/00000771.wav,0,14.449831008911133
id_06,id_02,id_02/normal/00000773.wav,0,15.46647834777832
id_06,id_02,id_02/normal/00000774.wav,0,15.059662818908691
id_06,id_02,id_02/normal/00000777.wav,0,12.814249038696289
id_06,id_02,id_02/normal/00000784.wav,0,12.709864616394043
id_06,id_02,id_02/normal/00000798.wav,0,12.850049018859863
id_06,id_02,id_02/normal/00000800.wav,0,15.116284370422363
id_06,id_02,id_02/normal/00000803.wav,0,13.333553314208984
id_06,id_02,id_02/normal/00000805.wav,0,19.353044509887695
id_06,id_02,id_02/normal/00000809.wav,0,12.559602737426758
id_06,id_02,id_02/normal/00000827.wav,0,16.581459045410156
id_06,id_02,id_02/normal/00000835.wav,0,13.574579238891602
id_06,id_02,id_02/normal/00000838.wav,0,15.386282920837402
id_06,id_02,id_02/normal/00000885.wav,0,12.818862915039062
id_06,id_02,id_02/normal/00000888.wav,0,17.17679786682129
id_06,id_02,id_02/normal/00000896.wav,0,18.615234375
id_06,id_02,id_02/normal/00000898.wav,0,14.055014610290527
id_06,id_02,id_02/normal/00000900.wav,0,16.570858001708984
id_06,id_02,id_02/normal/00000901.wav,0,16.738868713378906
id_06,id_02,id_02/normal/00000909.wav,0,13.741496086120605
id_06,id_02,id_02/normal/00000923.wav,0,17.179983139038086
id_06,id_02,id_02/normal/00000935.wav,0,15.364153861999512
id_06,id_02,id_02/normal/00000943.wav,0,15.18193531036377
id_06,id_02,id_02/normal/00000948.wav,0,15.340011596679688
id_06,id_02,id_02/normal/00000949.wav,0,17.852916717529297
id_06,id_02,id_02/normal/00000967.wav,0,17.114852905273438
id_06,id_02,id_02/normal/00000969.wav,0,13.052621841430664
id_06,id_02,id_02/normal/00000972.wav,0,12.810420989990234
id_06,id_02,id_02/normal/00000986.wav,0,13.754570007324219
id_06,id_02,id_02/normal/00000994.wav,0,12.487373352050781
id_06,id_02,id_02/normal/00001000.wav,0,13.709376335144043
id_06,id_02,id_02/normal/00001002.wav,0,14.23923110961914
id_06,id_02,id_02/abnormal/00000000.wav,1,18.66316032409668
id_06,id_02,id_02/abnormal/00000001.wav,1,16.1087646484375
id_06,id_02,id_02/abnormal/00000002.wav,1,13.686173439025879
id_06,id_02,id_02/abnormal/00000003.wav,1,20.307722091674805
id_06,id_02,id_02/abnormal/00000004.wav,1,17.35455894470215
id_06,id_02,id_02/abnormal/00000005.wav,1,21.73133659362793
id_06,id_02,id_02/abnormal/00000006.wav,1,15.773314476013184
id_06,id_02,id_02/abnormal/00000007.wav,1,14.7135009765625
id_06,id_02,id_02/abnormal/00000008.wav,1,21.660402297973633
id_06,id_02,id_02/abnormal/00000009.wav,1,13.427573204040527
id_06,id_02,id_02/abnormal/00000010.wav,1,15.619284629821777
id_06,id_02,id_02/abnormal/00000011.wav,1,13.42644214630127
id_06,id_02,id_02/abnormal/00000012.wav,1,13.489444732666016
id_06,id_02,id_02/abnormal/00000013.wav,1,18.36369514465332
id_06,id_02,id_02/abnormal/00000015.wav,1,14.488313674926758
id_06,id_02,id_02/abnormal/00000016.wav,1,13.674346923828125
id_06,id_02,id_02/abnormal/00000018.wav,1,20.083786010742188
id_06,id_02,id_02/abnormal/00000019.wav,1,20.702184677124023
id_06,id_02,id_02/abnormal/00000020.wav,1,18.83859634399414
id_06,id_02,id_02/abnormal/00000021.wav,1,25.2580509185791
id_06,id_02,id_02/abnormal/00000022.wav,1,14.891437530517578
id_06,id_02,id_02/abnormal/00000023.wav,1,21.765666961669922
id_06,id_02,id_02/abnormal/00000025.wav,1,21.27647590637207
id_06,id_02,id_02/abnormal/00000026.wav,1,17.82828140258789
id_06,id_02,id_02/abnormal/00000027.wav,1,15.384214401245117
id_06,id_02,id_02/abnormal/00000028.wav,1,21.418670654296875
id_06,id_02,id_02/abnormal/00000029.wav,1,16.027542114257812
id_06,id_02,id_02/abnormal/00000030.wav,1,24.30286407470703
id_06,id_02,id_02/abnormal/00000031.wav,1,14.5039701461792
id_06,id_02,id_02/abnormal/00000032.wav,1,16.052223205566406
id_06,id_02,id_02/abnormal/00000033.wav,1,18.630544662475586
id_06,id_02,id_02/abnormal/00000034.wav,1,24.767133712768555
id_06,id_02,id_02/abnormal/00000035.wav,1,16.1805477142334
id_06,id_02,id_02/abnormal/00000036.wav,1,22.49599266052246
id_06,id_02,id_02/abnormal/00000037.wav,1,18.26976776123047
id_06,id_02,id_02/abnormal/00000038.wav,1,17.6646728515625
id_06,id_02,id_02/abnormal/00000039.wav,1,14.778712272644043
id_06,id_02,id_02/abnormal/00000040.wav,1,17.6230411529541
id_06,id_02,id_02/abnormal/00000041.wav,1,14.354301452636719
id_06,id_02,id_02/abnormal/00000042.wav,1,13.79194164276123
id_06,id_02,id_02/abnormal/00000044.wav,1,15.796174049377441
id_06,id_02,id_02/abnormal/00000045.wav,1,17.02460289001465
id_06,id_02,id_02/abnormal/00000046.wav,1,13.941632270812988
id_06,id_02,id_02/abnormal/00000047.wav,1,22.075929641723633
id_06,id_02,id_02/abnormal/00000048.wav,1,13.366823196411133
id_06,id_02,id_02/abnormal/00000049.wav,1,19.101057052612305
id_06,id_02,id_02/abnormal/00000050.wav,1,17.00971221923828
id_06,id_02,id_02/abnormal/00000052.wav,1,20.168752670288086
id_06,id_02,id_02/abnormal/00000053.wav,1,15.137921333312988
id_06,id_02,id_02/abnormal/00000054.wav,1,15.989548683166504
id_06,id_02,id_02/abnormal/00000055.wav,1,16.617263793945312
id_06,id_02,id_02/abnormal/00000056.wav,1,14.007600784301758
id_06,id_02,id_02/abnormal/00000057.wav,1,23.915987014770508
id_06,id_02,id_02/abnormal/00000058.wav,1,12.810168266296387
id_06,id_02,id_02/abnormal/00000059.wav,1,14.805456161499023
id_06,id_02,id_02/abnormal/00000060.wav,1,24.095195770263672
id_06,id_02,id_02/abnormal/00000061.wav,1,17.819971084594727
id_06,id_02,id_02/abnormal/00000062.wav,1,15.738572120666504
id_06,id_02,id_02/abnormal/00000063.wav,1,26.23404312133789
id_06,id_02,id_02/abnormal/00000064.wav,1,17.929529190063477
id_06,id_02,id_02/abnormal/00000065.wav,1,17.538330078125
id_06,id_02,id_02/abnormal/00000066.wav,1,14.239233016967773
id_06,id_02,id_02/abnormal/00000067.wav,1,20.625490188598633
id_06,id_02,id_02/abnormal/00000069.wav,1,16.671613693237305
id_06,id_02,id_02/abnormal/00000070.wav,1,15.288039207458496
id_06,id_02,id_02/abnormal/00000071.wav,1,14.371438980102539
id_06,id_02,id_02/abnormal/00000072.wav,1,16.314090728759766
id_06,id_02,id_02/abnormal/00000073.wav,1,15.364381790161133
id_06,id_02,id_02/abnormal/00000075.wav,1,15.341829299926758
id_06,id_02,id_02/abnormal/00000076.wav,1,17.727500915527344
id_06,id_02,id_02/abnormal/00000077.wav,1,18.737241744995117
id_06,id_02,id_02/abnormal/00000078.wav,1,18.416723251342773
id_06,id_02,id_02/abnormal/00000079.wav,1,17.043380737304688
id_06,id_02,id_02/abnormal/00000080.wav,1,17.14629364013672
id_06,id_02,id_02/abnormal/00000081.wav,1,22.486570358276367
id_06,id_02,id_02/abnormal/00000082.wav,1,19.065059661865234
id_06,id_02,id_02/abnormal/00000083.wav,1,16.948659896850586
id_06,id_02,id_02/abnormal/00000084.wav,1,16.600086212158203
id_06,id_02,id_02/abnormal/00000085.wav,1,22.889150619506836
id_06,id_02,id_02/abnormal/00000086.wav,1,14.342936515808105
id_06,id_02,id_02/abnormal/00000087.wav,1,12.880743026733398
id_06,id_02,id_02/abnormal/00000088.wav,1,17.602922439575195
id_06,id_02,id_02/abnormal/00000089.wav,1,13.758204460144043
id_06,id_02,id_02/abnormal/00000090.wav,1,13.752405166625977
id_06,id_02,id_02/abnormal/00000091.wav,1,13.898653030395508
id_06,id_02,id_02/abnormal/00000092.wav,1,23.267715454101562
id_06,id_02,id_02/abnormal/00000094.wav,1,17.42228889465332
id_06,id_02,id_02/abnormal/00000095.wav,1,16.857465744018555
id_06,id_02,id_02/abnormal/00000096.wav,1,19.639829635620117
id_06,id_02,id_02/abnormal/00000097.wav,1,13.404562950134277
id_06,id_02,id_02/abnormal/00000098.wav,1,23.815134048461914
id_06,id_02,id_02/abnormal/00000099.wav,1,13.607093811035156
id_06,id_02,id_02/abnormal/00000101.wav,1,13.870237350463867
id_06,id_02,id_02/abnormal/00000102.wav,1,19.478208541870117
id_06,id_02,id_02/abnormal/00000103.wav,1,17.51317024230957
id_06,id_02,id_02/abnormal/00000104.wav,1,19.634279251098633
id_06,id_02,id_02/abnormal/00000106.wav,1,22.207529067993164
id_06,id_02,id_02/abnormal/00000107.wav,1,17.68830680847168
id_06,id_02,id_02/abnormal/00000108.wav,1,23.33318328857422
id_06,id_02,id_02/abnormal/00000109.wav,1,19.116559982299805
id_06,id_02,id_02/abnormal/00000110.wav,1,24.260042190551758
id_06,id_02,id_02/abnormal/00000111.wav,1,18.05991554260254
id_06,id_02,id_02/abnormal/00000112.wav,1,22.571979522705078
id_06,id_02,id_02/abnormal/00000113.wav,1,15.61355972290039
id_06,id_02,id_02/abnormal/00000114.wav,1,20.81305503845215
id_06,id_02,id_02/abnormal/00000115.wav,1,13.111650466918945
id_06,id_02,id_02/abnormal/00000117.wav,1,12.90174674987793
id_06,id_02,id_02/abnormal/00000118.wav,1,20.690608978271484
id_06,id_02,id_02/abnormal/00000119.wav,1,13.927290916442871
id_06,id_02,id_02/abnormal/00000120.wav,1,18.429471969604492
id_06,id_02,id_02/abnormal/00000121.wav,1,15.992713928222656
id_06,id_02,id_02/abnormal/00000124.wav,1,17.609176635742188
id_06,id_02,id_02/abnormal/00000125.wav,1,13.951798439025879
id_06,id_02,id_02/abnormal/00000126.wav,1,15.297083854675293
id_06,id_02,id_02/abnormal/00000127.wav,1,21.392765045166016
id_06,id_02,id_02/abnormal/00000128.wav,1,14.412252426147461
id_06,id_02,id_02/abnormal/00000129.wav,1,15.640446662902832
id_06,id_02,id_02/abnormal/00000130.wav,1,21.49391746520996
id_06,id_02,id_02/abnormal/00000131.wav,1,12.806300163269043
id_06,id_02,id_02/abnormal/00000132.wav,1,13.149847030639648
id_06,id_02,id_02/abnormal/00000134.wav,1,11.90313720703125
id_06,id_02,id_02/abnormal/00000135.wav,1,13.184861183166504
id_06,id_02,id_02/abnormal/00000136.wav,1,13.226009368896484
id_06,id_02,id_02/abnormal/00000137.wav,1,12.80448055267334
id_06,id_02,id_02/abnormal/00000139.wav,1,13.952393531799316
id_06,id_02,id_02/abnormal/00000140.wav,1,13.752137184143066
id_06,id_02,id_02/abnormal/00000141.wav,1,12.45113468170166
id_06,id_02,id_02/abnormal/00000142.wav,1,16.147628784179688
id_06,id_02,id_02/abnormal/00000143.wav,1,11.549318313598633
id_06,id_02,id_02/abnormal/00000144.wav,1,12.032236099243164
id_06,id_02,id_02/abnormal/00000145.wav,1,11.838254928588867
id_06,id_02,id_02/abnormal/00000146.wav,1,12.804336547851562
id_06,id_02,id_02/abnormal/00000147.wav,1,12.069643020629883
id_06,id_02,id_02/abnormal/00000148.wav,1,13.214089393615723
id_06,id_02,id_02/abnormal/00000149.wav,1,13.345365524291992
id_06,id_02,id_02/abnormal/00000150.wav,1,11.413585662841797
id_06,id_02,id_02/abnormal/00000151.wav,1,15.168803215026855
id_06,id_02,id_02/abnormal/00000152.wav,1,11.384369850158691
id_06,id_02,id_02/abnormal/00000153.wav,1,11.485608100891113
id_06,id_02,id_02/abnormal/00000154.wav,1,12.8853759765625
id_06,id_02,id_02/abnormal/00000155.wav,1,14.332951545715332
id_06,id_02,id_02/abnormal/00000156.wav,1,13.532173156738281
id_06,id_02,id_02/abnormal/00000157.wav,1,14.772418975830078
id_06,id_02,id_02/abnormal/00000158.wav,1,12.270758628845215
id_06,id_02,id_02/abnormal/00000159.wav,1,12.450225830078125
id_06,id_02,id_02/abnormal/00000160.wav,1,13.491979598999023
id_06,id_02,id_02/abnormal/00000161.wav,1,12.622032165527344
id_06,id_02,id_02/abnormal/00000163.wav,1,11.466164588928223
id_06,id_02,id_02/abnormal/00000164.wav,1,11.676261901855469
id_06,id_02,id_02/abnormal/00000165.wav,1,13.224719047546387
id_06,id_02,id_02/abnormal/00000166.wav,1,11.831432342529297
id_06,id_02,id_02/abnormal/00000167.wav,1,11.905994415283203
id_06,id_02,id_02/abnormal/00000168.wav,1,14.28728199005127
id_06,id_02,id_02/abnormal/00000170.wav,1,12.25735855102539
id_06,id_02,id_02/abnormal/00000171.wav,1,13.765799522399902
id_06,id_02,id_02/abnormal/00000172.wav,1,11.383282661437988
id_06,id_02,id_02/abnormal/00000173.wav,1,11.29977035522461
id_06,id_02,id_02/abnormal/00000174.wav,1,15.045801162719727
id_06,id_02,id_02/abnormal/00000175.wav,1,11.407658576965332
id_06,id_02,id_02/abnormal/00000176.wav,1,13.023066520690918
id_06,id_02,id_02/abnormal/00000178.wav,1,14.178784370422363
id_06,id_02,id_02/abnormal/00000180.wav,1,16.06985092163086
id_06,id_02,id_02/abnormal/00000181.wav,1,11.919212341308594
id_06,id_02,id_02/abnormal/00000182.wav,1,13.794776916503906
id_06,id_02,id_02/abnormal/00000183.wav,1,11.996207237243652
id_06,id_02,id_02/abnormal/00000184.wav,1,15.931386947631836
id_06,id_02,id_02/abnormal/00000185.wav,1,11.925104141235352
id_06,id_02,id_02/abnormal/00000188.wav,1,13.287520408630371
id_06,id_02,id_02/abnormal/00000189.wav,1,16.61905860900879
id_06,id_02,id_02/abnormal/00000191.wav,1,15.411653518676758
id_06,id_02,id_02/abnormal/00000192.wav,1,11.904955863952637
id_06,id_02,id_02/abnormal/00000193.wav,1,12.14648723602295
id_06,id_02,id_02/abnormal/00000194.wav,1,13.16597843170166
id_06,id_02,id_02/abnormal/00000195.wav,1,13.137795448303223
id_06,id_02,id_02/abnormal/00000196.wav,1,12.176680564880371
id_06,id_02,id_02/abnormal/00000197.wav,1,12.144489288330078
id_06,id_02,id_02/abnormal/00000198.wav,1,14.211301803588867
id_06,id_02,id_02/abnormal/00000199.wav,1,14.881356239318848
id_06,id_02,id_02/abnormal/00000200.wav,1,13.802870750427246
id_06,id_02,id_02/abnormal/00000201.wav,1,11.138801574707031
id_06,id_02,id_02/abnormal/00000202.wav,1,12.339632987976074
id_06,id_02,id_02/abnormal/00000203.wav,1,14.69517707824707
id_06,id_02,id_02/abnormal/00000204.wav,1,11.64922046661377
id_06,id_02,id_02/abnormal/00000205.wav,1,14.402100563049316
id_06,id_02,id_02/abnormal/00000206.wav,1,13.421157836914062
id_06,id_02,id_02/abnormal/00000207.wav,1,11.642001152038574
id_06,id_02,id_02/abnormal/00000208.wav,1,11.816899299621582
id_06,id_02,id_02/abnormal/00000209.wav,1,12.041579246520996
id_06,id_02,id_02/abnormal/00000210.wav,1,13.017817497253418
id_06,id_02,id_02/abnormal/00000211.wav,1,11.894251823425293
id_06,id_02,id_02/abnormal/00000212.wav,1,16.106670379638672
id_06,id_02,id_02/abnormal/00000213.wav,1,13.112919807434082
id_06,id_02,id_02/abnormal/00000214.wav,1,12.178757667541504
id_06,id_02,id_02/abnormal/00000215.wav,1,15.870534896850586
id_06,id_02,id_02/abnormal/00000216.wav,1,13.113855361938477
id_06,id_02,id_02/abnormal/00000217.wav,1,11.96021556854248
id_06,id_02,id_02/abnormal/00000218.wav,1,12.203706741333008
id_06,id_02,id_02/abnormal/00000221.wav,1,16.210548400878906
id_06,id_02,id_02/abnormal/00000222.wav,1,17.65802764892578
id_06,id_02,id_02/abnormal/00000223.wav,1,15.175745010375977
id_06,id_02,id_02/abnormal/00000224.wav,1,12.570115089416504
id_06,id_02,id_02/abnormal/00000225.wav,1,13.676260948181152
id_06,id_02,id_02/abnormal/00000226.wav,1,15.944709777832031
id_06,id_02,id_02/abnormal/00000227.wav,1,15.094891548156738
id_06,id_02,id_02/abnormal/00000228.wav,1,14.915011405944824
id_06,id_02,id_02/abnormal/00000229.wav,1,16.259143829345703
id_06,id_02,id_02/abnormal/00000230.wav,1,16.44369888305664
id_06,id_02,id_02/abnormal/00000231.wav,1,11.886645317077637
id_06,id_02,id_02/abnormal/00000232.wav,1,14.56906509399414
id_06,id_02,id_02/abnormal/00000233.wav,1,13.480155944824219
id_06,id_02,id_02/abnormal/00000234.wav,1,11.904977798461914
id_06,id_02,id_02/abnormal/00000235.wav,1,11.344820022583008
id_06,id_02,id_02/abnormal/00000236.wav,1,12.05699348449707
id_06,id_02,id_02/abnormal/00000237.wav,1,15.338943481445312
id_06,id_02,id_02/abnormal/00000238.wav,1,13.948832511901855
id_06,id_02,id_02/abnormal/00000239.wav,1,11.996983528137207
id_06,id_02,id_02/abnormal/00000241.wav,1,11.992098808288574
id_06,id_02,id_02/abnormal/00000242.wav,1,12.032469749450684
id_06,id_02,id_02/abnormal/00000243.wav,1,11.86807632446289
id_06,id_02,id_02/abnormal/00000244.wav,1,15.493762016296387
id_06,id_02,id_02/abnormal/00000245.wav,1,12.380812644958496
id_06,id_02,id_02/abnormal/00000246.wav,1,12.09647274017334
id_06,id_02,id_02/abnormal/00000247.wav,1,15.762995719909668
id_06,id_02,id_02/abnormal/00000249.wav,1,14.960090637207031
id_06,id_02,id_02/abnormal/00000251.wav,1,12.09184741973877
id_06,id_02,id_02/abnormal/00000252.wav,1,19.505075454711914
id_06,id_02,id_02/abnormal/00000253.wav,1,14.540863990783691
id_06,id_02,id_02/abnormal/00000254.wav,1,17.434301376342773
id_06,id_02,id_02/abnormal/00000255.wav,1,16.652456283569336
id_06,id_02,id_02/abnormal/00000256.wav,1,20.269582748413086
id_06,id_02,id_02/abnormal/00000257.wav,1,15.8478364944458
id_06,id_02,id_02/abnormal/00000258.wav,1,16.3604679107666
id_06,id_02,id_02/abnormal/00000261.wav,1,14.132537841796875
id_06,id_02,id_02/abnormal/00000262.wav,1,15.211992263793945
id_06,id_02,id_02/abnormal/00000263.wav,1,19.965911865234375
id_06,id_02,id_02/abnormal/00000264.wav,1,25.144046783447266
id_06,id_02,id_02/abnormal/00000265.wav,1,19.887313842773438
id_06,id_02,id_02/abnormal/00000266.wav,1,14.485383987426758
id_06,id_02,id_02/abnormal/00000267.wav,1,14.65646743774414
id_06,id_02,id_02/abnormal/00000268.wav,1,15.588499069213867
id_06,id_02,id_02/abnormal/00000270.wav,1,18.192089080810547
id_06,id_02,id_02/abnormal/00000271.wav,1,19.36477279663086
id_06,id_02,id_02/abnormal/00000272.wav,1,14.809722900390625
id_06,id_02,id_02/abnormal/00000273.wav,1,14.370000839233398
id_06,id_02,id_02/abnormal/00000274.wav,1,19.112550735473633
id_06,id_02,id_02/abnormal/00000275.wav,1,18.108596801757812
id_06,id_02,id_02/abnormal/00000276.wav,1,16.1105899810791
id_06,id_02,id_02/abnormal/00000277.wav,1,14.68640422821045
id_06,id_02,id_02/abnormal/00000278.wav,1,14.708649635314941
id_06,id_02,id_02/abnormal/00000279.wav,1,14.567302703857422
id_06,id_02,id_02/abnormal/00000280.wav,1,20.075115203857422
id_06,id_02,id_02/abnormal/00000281.wav,1,15.022644996643066
id_06,id_02,id_02/abnormal/00000282.wav,1,14.669069290161133
id_06,id_02,id_02/abnormal/00000283.wav,1,21.0350341796875
id_06,id_02,id_02/abnormal/00000284.wav,1,15.199816703796387
id_06,id_02,id_02/abnormal/00000285.wav,1,14.130430221557617
id_06,id_02,id_02/abnormal/00000286.wav,1,14.677521705627441
id_06,id_02,id_02/abnormal/00000289.wav,1,14.984268188476562
id_06,id_02,id_02/abnormal/00000290.wav,1,16.356964111328125
id_06,id_02,id_02/abnormal/00000291.wav,1,14.221563339233398
id_06,id_02,id_02/abnormal/00000292.wav,1,17.90325927734375
id_06,id_02,id_02/abnormal/00000293.wav,1,18.449546813964844
id_06,id_02,id_02/abnormal/00000294.wav,1,22.51496124267578
id_06,id_02,id_02/abnormal/00000295.wav,1,17.686262130737305
id_06,id_02,id_02/abnormal/00000296.wav,1,16.331655502319336
id_06,id_02,id_02/abnormal/00000298.wav,1,12.791007041931152
id_06,id_02,id_02/abnormal/00000299.wav,1,21.119531631469727
id_06,id_02,id_02/abnormal/00000300.wav,1,14.580238342285156
id_06,id_02,id_02/abnormal/00000301.wav,1,18.674943923950195
id_06,id_02,id_02/abnormal/00000302.wav,1,14.058391571044922
id_06,id_02,id_02/abnormal/00000303.wav,1,19.141986846923828
id_06,id_02,id_02/abnormal/00000304.wav,1,14.34566593170166
id_06,id_02,id_02/abnormal/00000305.wav,1,15.18026351928711
id_06,id_02,id_02/abnormal/00000306.wav,1,15.02679443359375
id_06,id_02,id_02/abnormal/00000307.wav,1,16.677732467651367
id_06,id_02,id_02/abnormal/00000308.wav,1,14.484318733215332
id_06,id_02,id_02/abnormal/00000309.wav,1,17.216527938842773
id_06,id_02,id_02/abnormal/00000310.wav,1,18.167781829833984
id_06,id_02,id_02/abnormal/00000311.wav,1,14.232439994812012
id_06,id_02,id_02/abnormal/00000313.wav,1,21.921100616455078
id_06,id_02,id_02/abnormal/00000314.wav,1,14.778371810913086
id_06,id_02,id_02/abnormal/00000315.wav,1,14.771307945251465
id_06,id_02,id_02/abnormal/00000316.wav,1,21.0470027923584
id_06,id_02,id_02/abnormal/00000317.wav,1,15.85990047454834
id_06,id_02,id_02/abnormal/00000318.wav,1,14.310623168945312
id_06,id_02,id_02/abnormal/00000320.wav,1,17.531734466552734
id_06,id_02,id_02/abnormal/00000321.wav,1,19.88372230529785
id_06,id_02,id_02/abnormal/00000322.wav,1,14.825191497802734
id_06,id_02,id_02/abnormal/00000323.wav,1,13.17718505859375
id_06,id_02,id_02/abnormal/00000324.wav,1,19.741979598999023
id_06,id_02,id_02/abnormal/00000325.wav,1,14.790801048278809
id_06,id_02,id_02/abnormal/00000326.wav,1,14.108597755432129
id_06,id_02,id_02/abnormal/00000327.wav,1,14.585922241210938
id_06,id_02,id_02/abnormal/00000328.wav,1,21.301528930664062
id_06,id_02,id_02/abnormal/00000329.wav,1,19.374401092529297
id_06,id_02,id_02/abnormal/00000330.wav,1,20.302215576171875
id_06,id_02,id_02/abnormal/00000331.wav,1,15.079553604125977
id_06,id_02,id_02/abnormal/00000332.wav,1,18.127958297729492
id_06,id_02,id_02/abnormal/00000333.wav,1,13.901519775390625
id_06,id_02,id_02/abnormal/00000334.wav,1,21.68716049194336
id_06,id_02,id_02/abnormal/00000335.wav,1,18.815187454223633
id_06,id_02,id_02/abnormal/00000336.wav,1,14.662732124328613
id_06,id_02,id_02/abnormal/00000337.wav,1,15.246195793151855
id_06,id_02,id_02/abnormal/00000338.wav,1,15.0054349899292
id_06,id_02,id_02/abnormal/00000339.wav,1,14.983320236206055
id_06,id_02,id_02/abnormal/00000340.wav,1,19.57179832458496
id_06,id_02,id_02/abnormal/00000341.wav,1,15.941248893737793
id_06,id_02,id_02/abnormal/00000343.wav,1,21.204551696777344
id_06,id_02,id_02/abnormal/00000344.wav,1,18.668506622314453
id_06,id_02,id_02/abnormal/00000345.wav,1,21.15569496154785
id_06,id_02,id_02/abnormal/00000346.wav,1,22.33673858642578
id_06,id_02,id_02/abnormal/00000347.wav,1,17.8480224609375
id_06,id_02,id_02/abnormal/00000348.wav,1,19.874937057495117
id_06,id_02,id_02/abnormal/00000352.wav,1,17.574190139770508
id_06,id_02,id_02/abnormal/00000353.wav,1,15.822430610656738
id_06,id_02,id_02/abnormal/00000354.wav,1,23.482072830200195
id_06,id_02,id_02/abnormal/00000355.wav,1,14.264571189880371
id_06,id_02,id_02/abnormal/00000356.wav,1,18.519508361816406
id_06,id_02,id_02/abnormal/00000357.wav,1,21.32714080810547
id_06,id_02,id_02/abnormal/00000358.wav,1,15.052960395812988
id_06,id_04,id_04/normal/00000002.wav,0,18.837398529052734
id_06,id_04,id_04/normal/00000027.wav,0,17.084901809692383
id_06,id_04,id_04/normal/00000036.wav,0,22.4013729095459
id_06,id_04,id_04/normal/00000037.wav,0,16.33211326599121
id_06,id_04,id_04/normal/00000050.wav,0,20.305971145629883
id_06,id_04,id_04/normal/00000052.wav,0,19.282060623168945
id_06,id_04,id_04/normal/00000058.wav,0,21.894954681396484
id_06,id_04,id_04/normal/00000071.wav,0,16.791799545288086
id_06,id_04,id_04/normal/00000080.wav,0,19.701608657836914
id_06,id_04,id_04/normal/00000084.wav,0,20.688426971435547
id_06,id_04,id_04/normal/00000095.wav,0,16.025381088256836
id_06,id_04,id_04/normal/00000104.wav,0,14.722881317138672
id_06,id_04,id_04/normal/00000105.wav,0,20.861331939697266
id_06,id_04,id_04/normal/00000119.wav,0,14.050260543823242
id_06,id_04,id_04/normal/00000122.wav,0,21.495407104492188
id_06,id_04,id_04/normal/00000123.wav,0,20.209768295288086
id_06,id_04,id_04/normal/00000140.wav,0,15.909183502197266
id_06,id_04,id_04/normal/00000151.wav,0,16.435958862304688
id_06,id_04,id_04/normal/00000152.wav,0,15.759440422058105
id_06,id_04,id_04/normal/00000159.wav,0,15.960094451904297
id_06,id_04,id_04/normal/00000172.wav,0,17.575448989868164
id_06,id_04,id_04/normal/00000174.wav,0,18.604188919067383
id_06,id_04,id_04/normal/00000187.wav,0,16.36574935913086
id_06,id_04,id_04/normal/00000191.wav,0,21.388931274414062
id_06,id_04,id_04/normal/00000192.wav,0,19.050905227661133
id_06,id_04,id_04/normal/00000207.wav,0,22.684690475463867
id_06,id_04,id_04/normal/00000210.wav,0,23.069889068603516
id_06,id_04,id_04/normal/00000213.wav,0,17.98602294921875
id_06,id_04,id_04/normal/00000216.wav,0,19.976024627685547
id_06,id_04,id_04/normal/00000221.wav,0,14.541890144348145
id_06,id_04,id_04/normal/00000228.wav,0,17.085716247558594
id_06,id_04,id_04/normal/00000230.wav,0,21.799114227294922
id_06,id_04,id_04/normal/00000240.wav,0,20.70560646057129
id_06,id_04,id_04/normal/00000257.wav,0,15.21666431427002
id_06,id_04,id_04/normal/00000260.wav,0,15.74520492553711
id_06,id_04,id_04/normal/00000261.wav,0,19.038293838500977
id_06,id_04,id_04/normal/00000264.wav,0,15.680990219116211
id_06,id_04,id_04/normal/00000265.wav,0,19.901840209960938
id_06,id_04,id_04/normal/00000269.wav,0,18.36417579650879
id_06,id_04,id_04/normal/00000270.wav,0,19.80330467224121
id_06,id_04,id_04/normal/00000272.wav,0,19.889381408691406
id_06,id_04,id_04/normal/00000278.wav,0,20.637866973876953
id_06,id_04,id_04/normal/00000284.wav,0,23.6739559173584
id_06,id_04,id_04/normal/00000285.wav,0,17.290210723876953
id_06,id_04,id_04/normal/00000286.wav,0,14.627281188964844
id_06,id_04,id_04/normal/00000290.wav,0,15.860808372497559
id_06,id_04,id_04/normal/00000311.wav,0,23.037689208984375
id_06,id_04,id_04/normal/00000324.wav,0,18.933626174926758
id_06,id_04,id_04/normal/00000326.wav,0,19.22865867614746
id_06,id_04,id_04/normal/00000327.wav,0,16.387367248535156
id_06,id_04,id_04/normal/00000330.wav,0,19.003637313842773
id_06,id_04,id_04/normal/00000331.wav,0,18.373945236206055
id_06,id_04,id_04/normal/00000356.wav,0,15.444981575012207
id_06,id_04,id_04/normal/00000358.wav,0,17.728973388671875
id_06,id_04,id_04/normal/00000367.wav,0,16.60171127319336
id_06,id_04,id_04/normal/00000368.wav,0,17.29890251159668
id_06,id_04,id_04/normal/00000370.wav,0,17.287811279296875
id_06,id_04,id_04/normal/00000372.wav,0,16.45631217956543
id_06,id_04,id_04/normal/00000375.wav,0,16.057029724121094
id_06,id_04,id_04/normal/00000394.wav,0,21.002683639526367
id_06,id_04,id_04/normal/00000397.wav,0,18.88655662536621
id_06,id_04,id_04/normal/00000410.wav,0,18.70914649963379
id_06,id_04,id_04/normal/00000412.wav,0,17.073232650756836
id_06,id_04,id_04/normal/00000415.wav,0,17.7423152923584
id_06,id_04,id_04/normal/00000418.wav,0,14.236512184143066
id_06,id_04,id_04/normal/00000427.wav,0,23.544925689697266
id_06,id_04,id_04/normal/00000440.wav,0,15.83698844909668
id_06,id_04,id_04/normal/00000443.wav,0,14.436539649963379
id_06,id_04,id_04/normal/00000453.wav,0,19.7928409576416
id_06,id_04,id_04/normal/00000455.wav,0,14.888285636901855
id_06,id_04,id_04/normal/00000467.wav,0,18.53164291381836
id_06,id_04,id_04/normal/00000468.wav,0,15.07157039642334
id_06,id_04,id_04/normal/00000471.wav,0,14.717988967895508
id_06,id_04,id_04/normal/00000481.wav,0,16.765735626220703
id_06,id_04,id_04/normal/00000486.wav,0,20.233083724975586
id_06,id_04,id_04/normal/00000488.wav,0,19.88287925720215
id_06,id_04,id_04/normal/00000496.wav,0,16.367443084716797
id_06,id_04,id_04/normal/00000497.wav,0,16.19099235534668
id_06,id_04,id_04/normal/00000502.wav,0,17.69542694091797
id_06,id_04,id_04/normal/00000505.wav,0,19.754833221435547
id_06,id_04,id_04/normal/00000516.wav,0,15.720781326293945
id_06,id_04,id_04/normal/00000526.wav,0,21.25197982788086
id_06,id_04,id_04/normal/00000545.wav,0,15.691296577453613
id_06,id_04,id_04/normal/00000551.wav,0,20.001211166381836
id_06,id_04,id_04/normal/00000552.wav,0,15.4531888961792
id_06,id_04,id_04/normal/00000557.wav,0,14.808540344238281
id_06,id_04,id_04/normal/00000563.wav,0,18.88422966003418
id_06,id_04,id_04/normal/00000577.wav,0,16.53705596923828
id_06,id_04,id_04/normal/00000578.wav,0,14.002873420715332
id_06,id_04,id_04/normal/00000580.wav,0,19.03392791748047
id_06,id_04,id_04/normal/00000584.wav,0,18.419960021972656
id_06,id_04,id_04/normal/00000585.wav,0,15.68835735321045
id_06,id_04,id_04/normal/00000593.wav,0,15.051896095275879
id_06,id_04,id_04/normal/00000596.wav,0,19.24961280822754
id_06,id_04,id_04/normal/00000607.wav,0,17.14895248413086
id_06,id_04,id_04/normal/00000612.wav,0,15.2105712890625
id_06,id_04,id_04/normal/00000631.wav,0,16.781644821166992
id_06,id_04,id_04/normal/00000634.wav,0,19.360870361328125
id_06,id_04,id_04/normal/00000635.wav,0,19.176631927490234
id_06,id_04,id_04/normal/00000642.wav,0,20.0394287109375
id_06,id_04,id_04/normal/00000648.wav,0,20.41901206970215
id_06,id_04,id_04/normal/00000654.wav,0,16.51866912841797
id_06,id_04,id_04/normal/00000659.wav,0,15.024747848510742
id_06,id_04,id_04/normal/00000666.wav,0,21.367979049682617
id_06,id_04,id_04/normal/00000668.wav,0,16.09599494934082
id_06,id_04,id_04/normal/00000670.wav,0,15.449525833129883
id_06,id_04,id_04/normal/00000678.wav,0,14.981887817382812
id_06,id_04,id_04/normal/00000685.wav,0,19.62122917175293
id_06,id_04,id_04/normal/00000688.wav,0,17.1336727142334
id_06,id_04,id_04/normal/00000697.wav,0,20.614883422851562
id_06,id_04,id_04/normal/00000703.wav,0,19.011573791503906
id_06,id_04,id_04/normal/00000709.wav,0,21.48955535888672
id_06,id_04,id_04/normal/00000710.wav,0,19.354101181030273
id_06,id_04,id_04/normal/00000711.wav,0,16.351272583007812
id_06,id_04,id_04/normal/00000729.wav,0,16.287925720214844
id_06,id_04,id_04/normal/00000740.wav,0,21.812923431396484
id_06,id_04,id_04/normal/00000741.wav,0,19.249027252197266
id_06,id_04,id_04/normal/00000742.wav,0,14.241593360900879
id_06,id_04,id_04/normal/00000748.wav,0,18.876609802246094
id_06,id_04,id_04/normal/00000752.wav,0,15.180601119995117
id_06,id_04,id_04/normal/00000757.wav,0,18.20949363708496
id_06,id_04,id_04/normal/00000765.wav,0,15.860355377197266
id_06,id_04,id_04/normal/00000782.wav,0,17.121902465820312
id_06,id_04,id_04/normal/00000790.wav,0,18.74464988708496
id_06,id_04,id_04/normal/00000796.wav,0,19.131956100463867
id_06,id_04,id_04/normal/00000800.wav,0,17.71202278137207
id_06,id_04,id_04/normal/00000802.wav,0,15.490313529968262
id_06,id_04,id_04/normal/00000806.wav,0,17.33623504638672
id_06,id_04,id_04/normal/00000810.wav,0,15.123941421508789
id_06,id_04,id_04/normal/00000820.wav,0,19.899019241333008
id_06,id_04,id_04/normal/00000822.wav,0,16.9323673248291
id_06,id_04,id_04/normal/00000824.wav,0,17.921489715576172
id_06,id_04,id_04/normal/00000831.wav,0,24.947364807128906
id_06,id_04,id_04/normal/00000844.wav,0,18.876596450805664
id_06,id_04,id_04/normal/00000852.wav,0,17.109310150146484
id_06,id_04,id_04/normal/00000853.wav,0,21.33033561706543
id_06,id_04,id_04/normal/00000867.wav,0,15.790533065795898
id_06,id_04,id_04/normal/00000868.wav,0,18.907699584960938
id_06,id_04,id_04/normal/00000878.wav,0,15.933063507080078
id_06,id_04,id_04/normal/00000881.wav,0,20.57645034790039
id_06,id_04,id_04/normal/00000884.wav,0,15.542717933654785
id_06,id_04,id_04/normal/00000889.wav,0,18.23748016357422
id_06,id_04,id_04/normal/00000897.wav,0,16.634000778198242
id_06,id_04,id_04/normal/00000898.wav,0,15.704272270202637
id_06,id_04,id_04/normal/00000915.wav,0,15.64334774017334
id_06,id_04,id_04/normal/00000920.wav,0,19.505996704101562
id_06,id_04,id_04/normal/00000922.wav,0,19.953426361083984
id_06,id_04,id_04/normal/00000923.wav,0,18.949338912963867
id_06,id_04,id_04/normal/00000926.wav,0,15.120272636413574
id_06,id_04,id_04/normal/00000936.wav,0,16.54092025756836
id_06,id_04,id_04/normal/00000948.wav,0,16.271766662597656
id_06,id_04,id_04/normal/00000953.wav,0,20.404571533203125
id_06,id_04,id_04/normal/00000968.wav,0,15.806591033935547
id_06,id_04,id_04/normal/00000971.wav,0,20.51381492614746
id_06,id_04,id_04/normal/00000974.wav,0,21.631912231445312
id_06,id_04,id_04/normal/00000989.wav,0,17.679868698120117
id_06,id_04,id_04/normal/00000990.wav,0,16.973299026489258
id_06,id_04,id_04/normal/00001014.wav,0,18.579282760620117
id_06,id_04,id_04/normal/00001020.wav,0,17.568984985351562
id_06,id_04,id_04/normal/00001031.wav,0,17.909496307373047
id_06,id_04,id_04/abnormal/00000001.wav,1,23.075342178344727
id_06,id_04,id_04/abnormal/00000002.wav,1,23.707294464111328
id_06,id_04,id_04/abnormal/00000003.wav,1,16.48194122314453
id_06,id_04,id_04/abnormal/00000005.wav,1,23.17877769470215
id_06,id_04,id_04/abnormal/00000006.wav,1,15.852422714233398
id_06,id_04,id_04/abnormal/00000007.wav,1,16.048908233642578
id_06,id_04,id_04/abnormal/00000008.wav,1,26.63002586364746
id_06,id_04,id_04/abnormal/00000009.wav,1,22.556455612182617
id_06,id_04,id_04/abnormal/00000010.wav,1,14.995125770568848
id_06,id_04,id_04/abnormal/00000011.wav,1,17.32454490661621
id_06,id_04,id_04/abnormal/00000012.wav,1,16.80009651184082
id_06,id_04,id_04/abnormal/00000013.wav,1,23.5621395111084
id_06,id_04,id_04/abnormal/00000014.wav,1,19.83612632751465
id_06,id_04,id_04/abnormal/00000015.wav,1,19.39661407470703
id_06,id_04,id_04/abnormal/00000016.wav,1,22.350854873657227
id_06,id_04,id_04/abnormal/00000017.wav,1,13.595202445983887
id_06,id_04,id_04/abnormal/00000018.wav,1,16.697187423706055
id_06,id_04,id_04/abnormal/00000019.wav,1,18.15749168395996
id_06,id_04,id_04/abnormal/00000020.wav,1,24.140256881713867
id_06,id_04,id_04/abnormal/00000021.wav,1,25.53999900817871
id_06,id_04,id_04/abnormal/00000022.wav,1,21.075716018676758
id_06,id_04,id_04/abnormal/00000023.wav,1,18.013671875
id_06,id_04,id_04/abnormal/00000024.wav,1,19.397035598754883
id_06,id_04,id_04/abnormal/00000025.wav,1,18.586166381835938
id_06,id_04,id_04/abnormal/00000026.wav,1,20.65876579284668
id_06,id_04,id_04/abnormal/00000027.wav,1,15.608007431030273
id_06,id_04,id_04/abnormal/00000028.wav,1,23.226499557495117
id_06,id_04,id_04/abnormal/00000029.wav,1,16.933757781982422
id_06,id_04,id_04/abnormal/00000030.wav,1,15.960318565368652
id_06,id_04,id_04/abnormal/00000031.wav,1,16.404237747192383
id_06,id_04,id_04/abnormal/00000033.wav,1,23.16874122619629
id_06,id_04,id_04/abnormal/00000034.wav,1,16.065998077392578
id_06,id_04,id_04/abnormal/00000035.wav,1,15.993401527404785
id_06,id_04,id_04/abnormal/00000036.wav,1,16.09817123413086
id_06,id_04,id_04/abnormal/00000037.wav,1,17.79119873046875
id_06,id_04,id_04/abnormal/00000038.wav,1,16.41763687133789
id_06,id_04,id_04/abnormal/00000039.wav,1,21.347858428955078
id_06,id_04,id_04/abnormal/00000040.wav,1,15.395817756652832
id_06,id_04,id_04/abnormal/00000041.wav,1,19.34130096435547
id_06,id_04,id_04/abnormal/00000042.wav,1,16.56962013244629
id_06,id_04,id_04/abnormal/00000043.wav,1,19.590118408203125
id_06,id_04,id_04/abnormal/00000044.wav,1,21.54796028137207
id_06,id_04,id_04/abnormal/00000045.wav,1,22.692060470581055
id_06,id_04,id_04/abnormal/00000046.wav,1,23.46686553955078
id_06,id_04,id_04/abnormal/00000049.wav,1,14.343181610107422
id_06,id_04,id_04/abnormal/00000050.wav,1,18.92268943786621
id_06,id_04,id_04/abnormal/00000051.wav,1,15.498289108276367
id_06,id_04,id_04/abnormal/00000052.wav,1,16.49081802368164
id_06,id_04,id_04/abnormal/00000053.wav,1,16.236045837402344
id_06,id_04,id_04/abnormal/00000054.wav,1,15.472647666931152
id_06,id_04,id_04/abnormal/00000056.wav,1,15.358269691467285
id_06,id_04,id_04/abnormal/00000057.wav,1,23.476530075073242
id_06,id_04,id_04/abnormal/00000058.wav,1,26.776535034179688
id_06,id_04,id_04/abnormal/00000059.wav,1,24.470022201538086
id_06,id_04,id_04/abnormal/00000060.wav,1,15.917580604553223
id_06,id_04,id_04/abnormal/00000061.wav,1,23.894495010375977
id_06,id_04,id_04/abnormal/00000062.wav,1,20.67303466796875
id_06,id_04,id_04/abnormal/00000063.wav,1,22.01559829711914
id_06,id_04,id_04/abnormal/00000064.wav,1,23.858274459838867
id_06,id_04,id_04/abnormal/00000065.wav,1,18.5705509185791
id_06,id_04,id_04/abnormal/00000066.wav,1,23.043258666992188
id_06,id_04,id_04/abnormal/00000067.wav,1,16.908266067504883
id_06,id_04,id_04/abnormal/00000068.wav,1,17.58055305480957
id_06,id_04,id_04/abnormal/00000069.wav,1,15.361534118652344
id_06,id_04,id_04/abnormal/00000070.wav,1,25.564565658569336
id_06,id_04,id_04/abnormal/00000071.wav,1,22.941823959350586
id_06,id_04,id_04/abnormal/00000072.wav,1,21.949548721313477
id_06,id_04,id_04/abnormal/00000073.wav,1,24.296459197998047
id_06,id_04,id_04/abnormal/00000074.wav,1,24.94976234436035
id_06,id_04,id_04/abnormal/00000075.wav,1,21.53392219543457
id_06,id_04,id_04/abnormal/00000076.wav,1,15.191776275634766
id_06,id_04,id_04/abnormal/00000077.wav,1,20.67344856262207
id_06,id_04,id_04/abnormal/00000078.wav,1,24.03173065185547
id_06,id_04,id_04/abnormal/00000079.wav,1,16.537811279296875
id_06,id_04,id_04/abnormal/00000080.wav,1,23.975143432617188
id_06,id_04,id_04/abnormal/00000081.wav,1,21.274478912353516
id_06,id_04,id_04/abnormal/00000082.wav,1,21.85808563232422
id_06,id_04,id_04/abnormal/00000083.wav,1,22.05769920349121
id_06,id_04,id_04/abnormal/00000084.wav,1,22.702001571655273
id_06,id_04,id_04/abnormal/00000085.wav,1,20.574478149414062
id_06,id_04,id_04/abnormal/00000086.wav,1,15.685782432556152
id_06,id_04,id_04/abnormal/00000087.wav,1,24.977102279663086
id_06,id_04,id_04/abnormal/00000088.wav,1,18.778043746948242
id_06,id_04,id_04/abnormal/00000089.wav,1,16.15811538696289
id_06,id_04,id_04/abnormal/00000090.wav,1,16.749479293823242
id_06,id_04,id_04/abnormal/00000091.wav,1,18.66391372680664
id_06,id_04,id_04/abnormal/00000092.wav,1,19.724681854248047
id_06,id_04,id_04/abnormal/00000093.wav,1,15.192209243774414
id_06,id_04,id_04/abnormal/00000094.wav,1,20.38330078125
id_06,id_04,id_04/abnormal/00000095.wav,1,15.296183586120605
id_06,id_04,id_04/abnormal/00000096.wav,1,17.707195281982422
id_06,id_04,id_04/abnormal/00000097.wav,1,19.025808334350586
id_06,id_04,id_04/abnormal/00000098.wav,1,23.11627960205078
id_06,id_04,id_04/abnormal/00000099.wav,1,23.32943344116211
id_06,id_04,id_04/abnormal/00000100.wav,1,19.968013763427734
id_06,id_04,id_04/abnormal/00000101.wav,1,16.1286563873291
id_06,id_04,id_04/abnormal/00000102.wav,1,21.225584030151367
id_06,id_04,id_04/abnormal/00000103.wav,1,16.028291702270508
id_06,id_04,id_04/abnormal/00000104.wav,1,16.219778060913086
id_06,id_04,id_04/abnormal/00000106.wav,1,19.497055053710938
id_06,id_04,id_04/abnormal/00000107.wav,1,16.11574935913086
id_06,id_04,id_04/abnormal/00000108.wav,1,16.488555908203125
id_06,id_04,id_04/abnormal/00000109.wav,1,20.98272132873535
id_06,id_04,id_04/abnormal/00000110.wav,1,24.95766830444336
id_06,id_04,id_04/abnormal/00000111.wav,1,18.515718460083008
id_06,id_04,id_04/abnormal/00000112.wav,1,12.791467666625977
id_06,id_04,id_04/abnormal/00000113.wav,1,16.800979614257812
id_06,id_04,id_04/abnormal/00000114.wav,1,15.273102760314941
id_06,id_04,id_04/abnormal/00000115.wav,1,16.1456356048584
id_06,id_04,id_04/abnormal/00000116.wav,1,13.543691635131836
id_06,id_04,id_04/abnormal/00000117.wav,1,13.995657920837402
id_06,id_04,id_04/abnormal/00000118.wav,1,15.999787330627441
id_06,id_04,id_04/abnormal/00000119.wav,1,16.00265121459961
id_06,id_04,id_04/abnormal/00000120.wav,1,13.578030586242676
id_06,id_04,id_04/abnormal/00000121.wav,1,12.554192543029785
id_06,id_04,id_04/abnormal/00000122.wav,1,15.145552635192871
id_06,id_04,id_04/abnormal/00000123.wav,1,13.123997688293457
id_06,id_04,id_04/abnormal/00000124.wav,1,13.603387832641602
id_06,id_04,id_04/abnormal/00000125.wav,1,13.196887969970703
id_06,id_04,id_04/abnormal/00000126.wav,1,16.07717514038086
id_06,id_04,id_04/abnormal/00000127.wav,1,17.01051902770996
id_06,id_04,id_04/abnormal/00000128.wav,1,17.3570499420166
id_06,id_04,id_04/abnormal/00000129.wav,1,16.305219650268555
id_06,id_04,id_04/abnormal/00000130.wav,1,12.058465003967285
id_06,id_04,id_04/abnormal/00000132.wav,1,15.613504409790039
id_06,id_04,id_04/abnormal/00000133.wav,1,16.220138549804688
id_06,id_04,id_04/abnormal/00000134.wav,1,16.68625259399414
id_06,id_04,id_04/abnormal/00000135.wav,1,12.646020889282227
id_06,id_04,id_04/abnormal/00000137.wav,1,12.729312896728516
id_06,id_04,id_04/abnormal/00000138.wav,1,13.73917293548584
id_06,id_04,id_04/abnormal/00000140.wav,1,16.37795639038086
id_06,id_04,id_04/abnormal/00000141.wav,1,13.516962051391602
id_06,id_04,id_04/abnormal/00000142.wav,1,18.62159538269043
id_06,id_04,id_04/abnormal/00000143.wav,1,18.596263885498047
id_06,id_04,id_04/abnormal/00000144.wav,1,16.55443000793457
id_06,id_04,id_04/abnormal/00000145.wav,1,17.363481521606445
id_06,id_04,id_04/abnormal/00000146.wav,1,13.330900192260742
id_06,id_04,id_04/abnormal/00000147.wav,1,13.92778205871582
id_06,id_04,id_04/abnormal/00000148.wav,1,14.67790412902832
id_06,id_04,id_04/abnormal/00000150.wav,1,15.859850883483887
id_06,id_04,id_04/abnormal/00000151.wav,1,13.61971664428711
id_06,id_04,id_04/abnormal/00000152.wav,1,12.799707412719727
id_06,id_04,id_04/abnormal/00000153.wav,1,15.847881317138672
id_06,id_04,id_04/abnormal/00000154.wav,1,15.993882179260254
id_06,id_04,id_04/abnormal/00000155.wav,1,13.505796432495117
id_06,id_04,id_04/abnormal/00000156.wav,1,13.264510154724121
id_06,id_04,id_04/abnormal/00000157.wav,1,13.483926773071289
id_06,id_04,id_04/abnormal/00000158.wav,1,13.052084922790527
id_06,id_04,id_04/abnormal/00000159.wav,1,14.94489574432373
id_06,id_04,id_04/abnormal/00000160.wav,1,14.006974220275879
id_06,id_04,id_04/abnormal/00000161.wav,1,15.835168838500977
id_06,id_04,id_04/abnormal/00000162.wav,1,16.51498794555664
id_06,id_04,id_04/abnormal/00000163.wav,1,17.449338912963867
id_06,id_04,id_04/abnormal/00000164.wav,1,13.497146606445312
id_06,id_04,id_04/abnormal/00000165.wav,1,13.41533374786377
id_06,id_04,id_04/abnormal/00000167.wav,1,15.369247436523438
id_06,id_04,id_04/abnormal/00000168.wav,1,13.964393615722656
id_06,id_04,id_04/abnormal/00000169.wav,1,14.246075630187988
id_06,id_04,id_04/abnormal/00000170.wav,1,15.158187866210938
id_06,id_04,id_04/abnormal/00000171.wav,1,12.709366798400879
id_06,id_04,id_04/abnormal/00000172.wav,1,12.540867805480957
id_06,id_04,id_04/abnormal/00000173.wav,1,16.85329818725586
id_06,id_04,id_04/abnormal/00000174.wav,1,17.378034591674805
id_06,id_04,id_04/abnormal/00000175.wav,1,13.015470504760742
id_06,id_04,id_04/abnormal/00000176.wav,1,15.864276885986328
id_06,id_04,id_04/abnormal/00000177.wav,1,15.727204322814941
id_06,id_04,id_04/abnormal/00000178.wav,1,15.580767631530762
id_06,id_04,id_04/abnormal/00000179.wav,1,16.598005294799805
id_06,id_04,id_04/abnormal/00000180.wav,1,16.338729858398438
id_06,id_04,id_04/abnormal/00000181.wav,1,16.97996711730957
id_06,id_04,id_04/abnormal/00000182.wav,1,13.799495697021484
id_06,id_04,id_04/abnormal/00000184.wav,1,17.799007415771484
id_06,id_04,id_04/abnormal/00000185.wav,1,17.3026123046875
id_06,id_04,id_04/abnormal/00000186.wav,1,16.701492309570312
id_06,id_04,id_04/abnormal/00000187.wav,1,13.950273513793945
id_06,id_04,id_04/abnormal/00000188.wav,1,13.3506498336792
id_06,id_04,id_04/abnormal/00000189.wav,1,16.333642959594727
id_06,id_04,id_04/abnormal/00000190.wav,1,13.12153148651123
id_06,id_04,id_04/abnormal/00000191.wav,1,18.754472732543945
id_06,id_04,id_04/abnormal/00000192.wav,1,12.090526580810547
id_06,id_04,id_04/abnormal/00000193.wav,1,12.635361671447754
id_06,id_04,id_04/abnormal/00000194.wav,1,14.958643913269043
id_06,id_04,id_04/abnormal/00000195.wav,1,16.190044403076172
id_06,id_04,id_04/abnormal/00000196.wav,1,15.158902168273926
id_06,id_04,id_04/abnormal/00000197.wav,1,16.809741973876953
id_06,id_04,id_04/abnormal/00000198.wav,1,18.146814346313477
id_06,id_04,id_04/abnormal/00000199.wav,1,15.027772903442383
id_06,id_04,id_04/abnormal/00000200.wav,1,15.162928581237793
id_06,id_04,id_04/abnormal/00000201.wav,1,13.807965278625488
id_06,id_04,id_04/abnormal/00000202.wav,1,13.668923377990723
id_06,id_04,id_04/abnormal/00000203.wav,1,16.8719482421875
id_06,id_04,id_04/abnormal/00000205.wav,1,15.72498893737793
id_06,id_04,id_04/abnormal/00000206.wav,1,16.249998092651367
id_06,id_04,id_04/abnormal/00000207.wav,1,16.832002639770508
id_06,id_04,id_04/abnormal/00000208.wav,1,13.01728343963623
id_06,id_04,id_04/abnormal/00000209.wav,1,12.423510551452637
id_06,id_04,id_04/abnormal/00000210.wav,1,15.95322036743164
id_06,id_04,id_04/abnormal/00000211.wav,1,13.287201881408691
id_06,id_04,id_04/abnormal/00000212.wav,1,16.00948715209961
id_06,id_04,id_04/abnormal/00000214.wav,1,12.847495079040527
id_06,id_04,id_04/abnormal/00000216.wav,1,12.912096977233887
id_06,id_04,id_04/abnormal/00000217.wav,1,15.825827598571777
id_06,id_04,id_04/abnormal/00000218.wav,1,15.853260040283203
id_06,id_04,id_04/abnormal/00000219.wav,1,18.520599365234375
id_06,id_04,id_04/abnormal/00000220.wav,1,14.353358268737793
id_06,id_04,id_04/abnormal/00000221.wav,1,15.399133682250977
id_06,id_04,id_04/abnormal/00000222.wav,1,13.444197654724121
id_06,id_04,id_04/abnormal/00000223.wav,1,19.2303466796875
id_06,id_04,id_04/abnormal/00000224.wav,1,17.61937713623047
id_06,id_04,id_04/abnormal/00000225.wav,1,20.65053939819336
id_06,id_04,id_04/abnormal/00000226.wav,1,16.861345291137695
id_06,id_04,id_04/abnormal/00000227.wav,1,18.624937057495117
id_06,id_04,id_04/abnormal/00000228.wav,1,18.145553588867188
id_06,id_04,id_04/abnormal/00000229.wav,1,17.94449234008789
id_06,id_04,id_04/abnormal/00000231.wav,1,14.31878662109375
id_06,id_04,id_04/abnormal/00000232.wav,1,15.580322265625
id_06,id_04,id_04/abnormal/00000233.wav,1,17.914779663085938
id_06,id_04,id_04/abnormal/00000234.wav,1,17.599468231201172
id_06,id_04,id_04/abnormal/00000235.wav,1,14.319852828979492
id_06,id_04,id_04/abnormal/00000237.wav,1,17.610326766967773
id_06,id_04,id_04/abnormal/00000238.wav,1,17.506206512451172
id_06,id_04,id_04/abnormal/00000239.wav,1,13.55051326751709
id_06,id_04,id_04/abnormal/00000240.wav,1,14.288087844848633
id_06,id_04,id_04/abnormal/00000241.wav,1,14.059762001037598
id_06,id_04,id_04/abnormal/00000242.wav,1,17.065271377563477
id_06,id_04,id_04/abnormal/00000243.wav,1,16.05438995361328
id_06,id_04,id_04/abnormal/00000244.wav,1,18.88233184814453
id_06,id_04,id_04/abnormal/00000245.wav,1,17.784839630126953
id_06,id_04,id_04/abnormal/00000246.wav,1,18.097274780273438
id_06,id_04,id_04/abnormal/00000247.wav,1,15.912497520446777
id_06,id_04,id_04/abnormal/00000248.wav,1,16.29176139831543
id_06,id_04,id_04/abnormal/00000249.wav,1,13.983305931091309
id_06,id_04,id_04/abnormal/00000250.wav,1,16.397109985351562
id_06,id_04,id_04/abnormal/00000251.wav,1,15.693159103393555
id_06,id_04,id_04/abnormal/00000252.wav,1,13.562169075012207
id_06,id_04,id_04/abnormal/00000253.wav,1,18.514408111572266
id_06,id_04,id_04/abnormal/00000254.wav,1,19.730873107910156
id_06,id_04,id_04/abnormal/00000255.wav,1,18.915138244628906
id_06,id_04,id_04/abnormal/00000256.wav,1,17.05705451965332
id_06,id_04,id_04/abnormal/00000257.wav,1,13.516016960144043
id_06,id_04,id_04/abnormal/00000260.wav,1,14.54720687866211
id_06,id_04,id_04/abnormal/00000261.wav,1,19.023340225219727
id_06,id_04,id_04/abnormal/00000262.wav,1,15.060575485229492
id_06,id_04,id_04/abnormal/00000263.wav,1,19.01395606994629
id_06,id_04,id_04/abnormal/00000265.wav,1,13.722119331359863
id_06,id_04,id_04/abnormal/00000266.wav,1,18.056072235107422
id_06,id_04,id_04/abnormal/00000267.wav,1,17.654056549072266
id_06,id_04,id_04/abnormal/00000268.wav,1,15.048993110656738
id_06,id_04,id_04/abnormal/00000269.wav,1,18.371713638305664
id_06,id_04,id_04/abnormal/00000270.wav,1,16.492238998413086
id_06,id_04,id_04/abnormal/00000271.wav,1,18.2460994720459
id_06,id_04,id_04/abnormal/00000273.wav,1,14.033051490783691
id_06,id_04,id_04/abnormal/00000274.wav,1,16.886754989624023
id_06,id_04,id_04/abnormal/00000275.wav,1,16.83863639831543
id_06,id_04,id_04/abnormal/00000277.wav,1,18.594053268432617
id_06,id_04,id_04/abnormal/00000278.wav,1,17.622114181518555
id_06,id_04,id_04/abnormal/00000279.wav,1,16.671249389648438
id_06,id_04,id_04/abnormal/00000280.wav,1,17.564495086669922
id_06,id_04,id_04/abnormal/00000281.wav,1,14.27479076385498
id_06,id_04,id_04/abnormal/00000282.wav,1,20.61224365234375
id_06,id_04,id_04/abnormal/00000283.wav,1,15.36358642578125
id_06,id_04,id_04/abnormal/00000284.wav,1,13.798575401306152
id_06,id_04,id_04/abnormal/00000285.wav,1,17.533138275146484
id_06,id_04,id_04/abnormal/00000286.wav,1,14.203128814697266
id_06,id_04,id_04/abnormal/00000287.wav,1,16.417463302612305
id_06,id_04,id_04/abnormal/00000288.wav,1,16.38585090637207
id_06,id_04,id_04/abnormal/00000290.wav,1,18.989912033081055
id_06,id_04,id_04/abnormal/00000291.wav,1,16.77580451965332
id_06,id_04,id_04/abnormal/00000292.wav,1,18.478130340576172
id_06,id_04,id_04/abnormal/00000293.wav,1,17.25853157043457
id_06,id_04,id_04/abnormal/00000294.wav,1,16.351335525512695
id_06,id_04,id_04/abnormal/00000295.wav,1,14.471231460571289
id_06,id_04,id_04/abnormal/00000296.wav,1,18.290821075439453
id_06,id_04,id_04/abnormal/00000297.wav,1,14.81760025024414
id_06,id_04,id_04/abnormal/00000298.wav,1,14.791084289550781
id_06,id_04,id_04/abnormal/00000300.wav,1,15.909673690795898
id_06,id_04,id_04/abnormal/00000301.wav,1,20.874032974243164
id_06,id_04,id_04/abnormal/00000302.wav,1,18.530040740966797
id_06,id_04,id_04/abnormal/00000303.wav,1,16.82120132446289
id_06,id_04,id_04/abnormal/00000304.wav,1,17.60454559326172
id_06,id_04,id_04/abnormal/00000305.wav,1,18.382349014282227
id_06,id_04,id_04/abnormal/00000306.wav,1,17.403770446777344
id_06,id_04,id_04/abnormal/00000307.wav,1,17.793548583984375
id_06,id_04,id_04/abnormal/00000309.wav,1,14.114830017089844
id_06,id_04,id_04/abnormal/00000310.wav,1,14.556772232055664
id_06,id_04,id_04/abnormal/00000311.wav,1,16.471832275390625
id_06,id_04,id_04/abnormal/00000312.wav,1,15.220858573913574
id_06,id_04,id_04/abnormal/00000313.wav,1,17.697467803955078
id_06,id_04,id_04/abnormal/00000314.wav,1,17.314821243286133
id_06,id_04,id_04/abnormal/00000315.wav,1,19.279598236083984
id_06,id_04,id_04/abnormal/00000316.wav,1,17.055036544799805
id_06,id_04,id_04/abnormal/00000317.wav,1,16.560152053833008
id_06,id_04,id_04/abnormal/00000318.wav,1,14.25741195678711
id_06,id_04,id_04/abnormal/00000320.wav,1,14.595343589782715
id_06,id_04,id_04/abnormal/00000321.wav,1,18.082275390625
id_06,id_04,id_04/abnormal/00000322.wav,1,14.12816047668457
id_06,id_04,id_04/abnormal/00000323.wav,1,15.548928260803223
id_06,id_04,id_04/abnormal/00000324.wav,1,13.77194595336914
id_06,id_04,id_04/abnormal/00000325.wav,1,13.917609214782715
id_06,id_04,id_04/abnormal/00000326.wav,1,13.922961235046387
id_06,id_04,id_04/abnormal/00000327.wav,1,15.500816345214844
id_06,id_04,id_04/abnormal/00000328.wav,1,16.57792854309082
id_06,id_04,id_04/abnormal/00000329.wav,1,14.477653503417969
id_06,id_04,id_04/abnormal/00000330.wav,1,16.32547950744629
id_06,id_04,id_04/abnormal/00000331.wav,1,16.069421768188477
id_06,id_04,id_04/abnormal/00000332.wav,1,13.602005004882812
id_06,id_04,id_04/abnormal/00000333.wav,1,14.81832504272461
id_06,id_04,id_04/abnormal/00000334.wav,1,15.199538230895996
id_06,id_04,id_04/abnormal/00000335.wav,1,16.033039093017578
id_06,id_04,id_04/abnormal/00000336.wav,1,16.49469757080078
id_06,id_04,id_04/abnormal/00000337.wav,1,14.676239967346191
id_06,id_04,id_04/abnormal/00000338.wav,1,16.5045223236084
id_06,id_04,id_04/abnormal/00000339.wav,1,14.741284370422363
id_06,id_04,id_04/abnormal/00000340.wav,1,19.704065322875977
id_06,id_04,id_04/abnormal/00000342.wav,1,13.921645164489746
id_06,id_04,id_04/abnormal/00000343.wav,1,17.04678726196289
id_06,id_04,id_04/abnormal/00000344.wav,1,14.551817893981934
id_06,id_04,id_04/abnormal/00000345.wav,1,17.0101261138916
id_06,id_04,id_04/abnormal/00000346.wav,1,13.846920013427734
id_06,id_04,id_04/abnormal/00000347.wav,1,18.374998092651367
